指标名称,中国:北京:中原领先指数,中国:北京:二手房出售挂牌价指数,中国:北京:二手房出售挂牌量指数,中国:北京:中原报价指数,中国:北京:成交面积(签约):二手房:住宅,中国:北京:成交套数(签约):二手房:住宅,中国:北京:成交套均面积(签约):二手房:住宅,中国:北京:二手住宅租金指数,中国:北京:租金回报率:二手住宅,中国:北京:可售面积:商品房:住宅,中国:北京:批准预售面积:商品房:住宅,中国:北京:供应土地规划建筑面积:住宅类用地,中国:北京:成交土地规划建筑面积:住宅类用地,中国:上海:中原领先指数,中国:上海:二手房出售挂牌价指数,中国:上海:二手房出售挂牌量指数,中国:上海:中原报价指数,中国:上海:成交面积:二手房,中国:上海:成交套数:二手房,中国:上海:成交套均面积:二手房,中国:上海:二手住宅租金指数,中国:上海:租金回报率:二手住宅,中国:上海:可售面积:商品房:住宅,中国:上海:批准预售面积:商品房:住宅,中国:上海:供应土地规划建筑面积:住宅类用地,中国:上海:成交土地规划建筑面积:住宅类用地,中国:深圳:中原领先指数,中国:深圳:二手房出售挂牌价指数,中国:深圳:二手房出售挂牌量指数,中国:深圳:中原报价指数,中国:深圳:成交面积:二手房:住宅,中国:深圳:成交套数:二手房:住宅,中国:深圳:成交套均面积:二手房:住宅,中国:深圳:二手住宅租金指数,中国:深圳:租金回报率:二手住宅,中国:深圳:可售面积:商品房:住宅,中国:深圳:批准预售面积:商品房:住宅,中国:深圳:供应土地规划建筑面积:住宅类用地,中国:深圳:成交土地规划建筑面积:住宅类用地,中国:广州:中原领先指数,中国:广州:二手房出售挂牌价指数,中国:广州:二手房出售挂牌量指数,中国:广州:中原报价指数,中国:广州:成交面积:二手房:住宅,中国:广州:成交套数:二手房:住宅,中国:广州:成交套均面积::二手房:住宅,中国:广州:二手住宅租金指数,中国:广州:租金回报率:二手住宅,中国:广州:可售面积:商品房:住宅,中国:广州:批准预售面积:商品房:住宅,中国:广州:供应土地规划建筑面积:住宅类用地,中国:广州:成交土地规划建筑面积:住宅类用地,上海:城镇常住居民人均可支配收入:累计同比,广东:深圳:居民人均可支配收入:同比,广东:广州:城镇居民人均可支配收入:累计同比,北京:城镇居民人均可支配收入:累计同比,中国:个人住房公积金贷款利率:5年以上,中国:金融机构人民币贷款加权平均利率:个人住房贷款,中国:消费者信心指数:就业,中国:消费者信心指数:收入,中国:消费者信心指数:预期,中国:CPI:当月同比,中国:CPI:环比,中国:CPI:居住:租赁房房租:当月同比,中国:CPI:居住:租赁房房租:环比
频率,月,周,月,周,周,周,周,月,月,日,月,月,月,月,周,月,周,周,周,周,月,月,日,月,月,月,月,周,月,周,周,周,周,月,月,日,月,月,月,月,周,月,周,月,月,月,月,月,日,月,月,月,季,年,季,季,月,季,月,月,月,月,月,月,月
单位,,2014年12月29日=100,2015年01月=100,%,平方米,套,,2004年5月=100,%,万平方米,平方米,万平方米,万平方米,2004年5月=100,2014年12月29日=100,2015年01月=100,%,平方米,套,,2004年5月=100,%,万平方米,平方米,万平方米,万平方米,,2014年12月29日=100,2015年01月=100,%,平方米,套,,2004年5月=100,%,平方米,平方米,万平方米,万平方米,,2014年12月29日=100,2015年01月=100,%,万平方米,宗,,2004年5月=100,%,平方米,万平方米,万平方米,万平方米,%,%,%,%,%,%,,,,%,%,%,%
来源,中原地产,根据新闻整理,根据新闻整理,中原地产,北京市住房和城乡建设委员会,北京市住房和城乡建设委员会,北京市住房和城乡建设委员会,中原地产,中原地产,北京市住房和城乡建设委员会,Wind,Wind,Wind,中原地产,根据新闻整理,根据新闻整理,中原地产,上海市房屋管理局,上海市房屋管理局,上海市房屋管理局,中原地产,中原地产,上海市房屋管理局,Wind,Wind,Wind,中原地产,根据新闻整理,根据新闻整理,中原地产,深圳市住房和建设局,深圳市住房和建设局,深圳市住房和建设局,中原地产,中原地产,深圳市住房和建设局,Wind,Wind,Wind,中原地产,根据新闻整理,根据新闻整理,中原地产,广州市住房和城乡建设局,广州市住房和城乡建设局,广州市住房和城乡建设局,中原地产,中原地产,广州市住房和城乡建设局,广州市住房和城乡建设局,Wind,Wind,上海市统计局,深圳市统计局,广州市统计局,北京市统计局,中国人民银行,中国人民银行,国家统计局,国家统计局,国家统计局,国家统计局,国家统计局,国家统计局,国家统计局
2010-01-01,,,,,,,,,,1233.1798,,,,,,,,,,,,,482.01,,,,,,,,,,,,,2094568.3,,,,,,,,,,,,,4201654,,,,,,,,,,,,,,,,
2010-01-02,,,,,,,,,,1252.7518,,,,,,,,,,,,,481.04,,,,,,,,,,,,,2089498.95,,,,,,,,,,,,,4189421,,,,,,,,,,,,,,,,
2010-01-03,,,,,444942,4433,100.37040378975863,,,1251.6077,,,,,,,,,,,,,479.63,,,,,,,,,,,,,2085294.75,,,,,,,,,,,,,4175024,,,,,,,,,,,,,,,,
2010-01-04,,,,,,,,,,1249.5657,,,,,,,,,,,,,477.63,,,,,,,,,,,,,2108558.65,,,,,,,,,,,,,4157640,,,,,,,,,,,,,,,,
2010-01-05,,,,,,,,,,1243.5158,,,,,,,,,,,,,480.25,,,,,,,,,,,,,2107274.4,,,,,,,,,,,,,4113110,,,,,,,,,,,,,,,,
2010-01-06,,,,,,,,,,1238.7508,,,,,,,,,,,,,478.89,,,,,,,,,,,,,2094184.95,,,,,,,,,,,,,4085434,,,,,,,,,,,,,,,,
2010-01-07,,,,,,,,,,1235.0606,,,,,,,,,,,,,484.25,,,,,,,,,,,,,2122260.8,,,,,,,,,,,,,4085434,,,,,,,,,,,,,,,,
2010-01-08,,,,,,,,,,1229.4588,,,,,,,,,,,,,488.36,,,,,,,,,,,,,2125218.15,,,,,,,,,,,,,4085434,,,,,,,,,,,,,,,,
2010-01-09,,,,,,,,,,1236.5071,,,,,,,,,,,,,488.36,,,,,,,,,,,,,2115640.45,,,,,,,,,,,,,4085434,,,,,,,,,,,,,,,,
2010-01-10,,,,,209804,2239,93.70433229120142,,,,,,,,,,,,,,,,483.46,,,,,,,,,,,,,2104137.2,,,,,,,,,,,,,4085434,,,,,,,,,,,,,,,,
2010-01-11,,,,,,,,,,1232.5394,,,,,,,,,,,,,482.22,,,,,,,,,,,,,2075041.1,,,,,,,,,,,,,,,,,,,,,,,,,,,,,
2010-01-12,,,,,,,,,,1230.4109,,,,,,,,,,,,,488.11,,,,,,,,,,,,,2062743.1,,,,,,,,,,,,,3953379,,,,,,,,,,,,,,,,
2010-01-13,,,,,,,,,,1228.3783,,,,,,,,,,,,,486.53,,,,,,,,,,,,,2043672.95,,,,,,,,,,,,,3931145,,,,,,,,,,,,,,,,
2010-01-14,,,,,,,,,,1238.7723,,,,,,,,,,,,,485.37,,,,,,,,,,,,,2058081.85,,,,,,,,,,,,,3922267,,,,,,,,,,,,,,,,
2010-01-15,,,,,,,,,,1237.2718,,,,,,,,,,,,,486.94,,,,,,,,,,,,,2058058.2,,,,,,,,,,,,,3952879,,,,,,,,,,,,,,,,
2010-01-16,,,,,,,,,,,,,,,,,,,,,,,487.79,,,,,,,,,,,,,2047137.52,,,,,,,,,,,,,3927534,,,,,,,,,,,,,,,,
2010-01-17,,,,,279011,3045,91.62922824302134,,,1236.6694,,,,,,,,,,,,,485.77,,,,,,,,,,,,,2042904.6,,,,,,,,,,,,,3927534,,,,,,,,,,,,,,,,
2010-01-18,,,,,,,,,,1229.0308,,,,,,,,,,,,,484.01,,,,,,,,,,,,,2084320.15,,,,,,,,,,,,,3907806,,,,,,,,,,,,,,,,
2010-01-19,,,,,,,,,,1224.7291,,,,,,,,,,,,,487.53,,,,,,,,,,,,,2095825.05,,,,,,,,,,,,,3938500,,,,,,,,,,,,,,,,
2010-01-20,,,,,,,,,,1215.7035,,,,,,,,,,,,,485.17,,,,,,,,,,,,,2083140.95,,,,,,,,,,,,,3880442,,,,,,,,,,,,,,,,
2010-01-21,,,,,,,,,,1211.9715,,,,,,,,,,,,,485.48,,,,,,,,,,,,,2070256.1,,,,,,,,,,,,,3856677,,,,,,,,,,,,,,,,
2010-01-22,,,,,,,,,,1228.8246,,,,,,,,,,,,,488,,,,,,,,,,,,,2062485.15,,,,,,,,,,,,,3870078,,,,,,,,,,,,,,,,
2010-01-23,,,,,,,,,,1246.8824,,,,,,,,,,,,,490.32,,,,,,,,,,,,,2057019.8,,,,,,,,,,,,,3844401,,,,,,,,,,,,,,,,
2010-01-24,,,,,323551,3526,91.76148610323312,,,1244.9477,,,,,,,,,,,,,490.49,,,,,,,,,,,,,2054162.55,,,,,,,,,,,,,3839305,,,,,,,,,,,,,,,,
2010-01-25,,,,,,,,,,1241.8196,,,,,,,,,,,,,485.37,,,,,,,,,,,,,2049259.3,,,,,,,,,,,,,3825224,,,,,,,,,,,,,,,,
2010-01-26,,,,,,,,,,1236.0548,,,,,,,,,,,,,481.89,,,,,,,,,,,,,2043591,,,,,,,,,,,,,3817334,,,,,,,,,,,,,,,,
2010-01-27,,,,,,,,,,1245.9296,,,,,,,,,,,,,483.17,,,,,,,,,,,,,2037324.85,,,,,,,,,,,,,3789327,,,,,,,,,,,,,,,,
2010-01-28,,,,,,,,,,1244.2536,,,,,,,,,,,,,483.2,,,,,,,,,,,,,2031426.65,,,,,,,,,,,,,3855889,,,,,,,,,,,,,,,,
2010-01-29,,,,,,,,,,1236.394,,,,,,,,,,,,,480.18,,,,,,,,,,,,,2024992.75,,,,,,,,,,,,,4115276,,,,,,,,,,,,,,,,
2010-01-30,,,,,,,,,,1252.5756,,,,,,,,,,,,,477.66,,,,,,,,,,,,,2019037.35,,,,,,,,,,,,,4098590,,,,,,,,,,,,,,,,
2010-01-31,349,,,,347716,3858,90.12856402280974,129.6,2.49,1251.0968,,326.5059,67.3035,229.1584,,,,,,,125.19,2.25,476.19,,57.0608,223.7627,311.689,,,,,,,118.69,2.68,2016661.35,,44.1065,0,258.8403,,,,109.2121,,,112.83,3.28,4086992,63.95,6.0097,0,,,,,3.87,,,,104.60000000000001,1.5,0.6,2.9,
2010-02-01,,,,,,,,,,1245.2771,,,,,,,,,,,,,474.51,,,,,,,,,,,,,2008828.25,,,,,,,,,,,,,4088960,,,,,,,,,,,,,,,,
2010-02-02,,,,,,,,,,1235.023,,,,,,,,,,,,,473.43,,,,,,,,,,,,,2007714.5,,,,,,,,,,,,,4128559,,,,,,,,,,,,,,,,
2010-02-03,,,,,,,,,,1240.8982,,,,,,,,,,,,,478.59,,,,,,,,,,,,,1999605.3,,,,,,,,,,,,,4117856,,,,,,,,,,,,,,,,
2010-02-04,,,,,,,,,,1237.6093,,,,,,,,,,,,,479.98,,,,,,,,,,,,,2023843.25,,,,,,,,,,,,,4160366,,,,,,,,,,,,,,,,
2010-02-05,,,,,,,,,,1233.1407,,,,,,,,,,,,,484.4,,,,,,,,,,,,,2006533.65,,,,,,,,,,,,,4215281,,,,,,,,,,,,,,,,
2010-02-06,,,,,,,,,,1232.0292,,,,,,,,,,,,,481.25,,,,,,,,,,,,,2001616.65,,,,,,,,,,,,,4196104,,,,,,,,,,,,,,,,
2010-02-07,,,,,305864,3364,90.92271105826397,,,1234.3408,,,,,,,,,,,,,479.27,,,,,,,,,,,,,1999510.7,,,,,,,,,,,,,4180711,,,,,,,,,,,,,,,,
2010-02-08,,,,,,,,,,1228.8889,,,,,,,,,,,,,477.89,,,,,,,,,,,,,1973512.75,,,,,,,,,,,,,4195075,,,,,,,,,,,,,,,,
2010-02-09,,,,,,,,,,1222.9693,,,,,,,,,,,,,479.01,,,,,,,,,,,,,1969464.2,,,,,,,,,,,,,4179682,,,,,,,,,,,,,,,,
2010-02-10,,,,,,,,,,1218.7811,,,,,,,,,,,,,477.82,,,,,,,,,,,,,1969774.95,,,,,,,,,,,,,4192357,,,,,,,,,,,,,,,,
2010-02-11,,,,,,,,,,1216.3469,,,,,,,,,,,,,477.86,,,,,,,,,,,,,1967947.85,,,,,,,,,,,,,4178059,,,,,,,,,,,,,,,,
2010-02-12,,,,,,,,,,1215.7867,,,,,,,,,,,,,477.87,,,,,,,,,,,,,1967658,,,,,,,,,,,,,4179456,,,,,,,,,,,,,,,,
2010-02-13,,,,,,,,,,,,,,,,,,,,,,,477.81,,,,,,,,,,,,,1967658,,,,,,,,,,,,,4178586,,,,,,,,,,,,,,,,
2010-02-14,,,,,147466,1583,93.15603284902085,,,,,,,,,,,,,,,,477.81,,,,,,,,,,,,,1967658,,,,,,,,,,,,,4178453,,,,,,,,,,,,,,,,
2010-02-15,,,,,,,,,,,,,,,,,,,,,,,477.83,,,,,,,,,,,,,,,,,,,,,,,,,,4178453,,,,,,,,,,,,,,,,
2010-02-16,,,,,,,,,,,,,,,,,,,,,,,477.87,,,,,,,,,,,,,1965651.05,,,,,,,,,,,,,4177680,,,,,,,,,,,,,,,,
2010-02-17,,,,,,,,,,,,,,,,,,,,,,,477.87,,,,,,,,,,,,,,,,,,,,,,,,,,,,,,,,,,,,,,,,,,
2010-02-18,,,,,,,,,,,,,,,,,,,,,,,,,,,,,,,,,,,,1967658,,,,,,,,,,,,,4177012,,,,,,,,,,,,,,,,
2010-02-19,,,,,,,,,,,,,,,,,,,,,,,476.96,,,,,,,,,,,,,1916318.25,,,,,,,,,,,,,4176432,,,,,,,,,,,,,,,,
2010-02-20,,,,,,,,,,1216.8421,,,,,,,,,,,,,476.35,,,,,,,,,,,,,,,,,,,,,,,,,,4171935,,,,,,,,,,,,,,,,
2010-02-21,,,,,41080,471,87.21868365180467,,,1215.624,,,,,,,,,,,,,476.05,,,,,,,,,,,,,1902352.1,,,,,,,,,,,,,4161887,,,,,,,,,,,,,,,,
2010-02-22,,,,,,,,,,1214.8678,,,,,,,,,,,,,475.16,,,,,,,,,,,,,1898596.7,,,,,,,,,,,,,4141546,,,,,,,,,,,,,,,,
2010-02-23,,,,,,,,,,1214.29,,,,,,,,,,,,,474.46,,,,,,,,,,,,,1895602.5,,,,,,,,,,,,,4111646,,,,,,,,,,,,,,,,
2010-02-24,,,,,,,,,,1212.5375,,,,,,,,,,,,,474.07,,,,,,,,,,,,,1894178.55,,,,,,,,,,,,,4096011,,,,,,,,,,,,,,,,
2010-02-25,,,,,,,,,,1209.8236,,,,,,,,,,,,,472.97,,,,,,,,,,,,,1891692.55,,,,,,,,,,,,,4096014,,,,,,,,,,,,,,,,
2010-02-26,,,,,,,,,,1209.6158,,,,,,,,,,,,,473.58,,,,,,,,,,,,,1932747.85,,,,,,,,,,,,,4104487,,,,,,,,,,,,,,,,
2010-02-27,,,,,,,,,,1208.5941,,,,,,,,,,,,,472.7,,,,,,,,,,,,,1885626.6,,,,,,,,,,,,,4082389,,,,,,,,,,,,,,,,
2010-02-28,355,,,,279888,3126,89.53550863723608,131.27,2.54,1207.3525,,49.4994,104.6961,229.4613,,,,,,,125.53,2.25,470.44,,41.065,270.8752,307.7603,,,,,,,118.39,2.71,1882117.6,,0,0,256.9755,,,,66.05,,,113.19,3.31,4066919,33.12,11.6673,0,,,,,3.87,,,,104.5,2.7,1.2,2.8,
2010-03-01,,,,,,,,,,1205.7374,,,,,,,,,,,,,464.22,,,,,,,,,,,,,1927849.55,,,,,,,,,,,,,4047835,,,,,,,,,,,,,,,,
2010-03-02,,,,,,,,,,1203.5236,,,,,,,,,,,,,462.41,,,,,,,,,,,,,1923853.25,,,,,,,,,,,,,4026175,,,,,,,,,,,,,,,,
2010-03-03,,,,,,,,,,1202.461,,,,,,,,,,,,,460.74,,,,,,,,,,,,,1911905.6,,,,,,,,,,,,,4012880,,,,,,,,,,,,,,,,
2010-03-04,,,,,,,,,,1206.0067,,,,,,,,,,,,,459.24,,,,,,,,,,,,,1911561.85,,,,,,,,,,,,,4011035,,,,,,,,,,,,,,,,
2010-03-05,,,,,,,,,,1204.4701,,,,,,,,,,,,,462.45,,,,,,,,,,,,,1963711.2,,,,,,,,,,,,,4032111,,,,,,,,,,,,,,,,
2010-03-06,,,,,,,,,,1202.0648,,,,,,,,,,,,,461.03,,,,,,,,,,,,,1960263.25,,,,,,,,,,,,,4009557,,,,,,,,,,,,,,,,
2010-03-07,,,,,297774,3373,88.2816483842277,,,1208.4934,,,,,,,,,,,,,460.21,,,,,,,,,,,,,1957748.1,,,,,,,,,,,,,3995059,,,,,,,,,,,,,,,,
2010-03-08,,,,,,,,,,1206.9118,,,,,,,,,,,,,459.13,,,,,,,,,,,,,1961040.95,,,,,,,,,,,,,3976440,,,,,,,,,,,,,,,,
2010-03-09,,,,,,,,,,1205.0851,,,,,,,,,,,,,462.79,,,,,,,,,,,,,1956673.4,,,,,,,,,,,,,3935734,,,,,,,,,,,,,,,,
2010-03-10,,,,,,,,,,1202.231,,,,,,,,,,,,,465.38,,,,,,,,,,,,,1948797.95,,,,,,,,,,,,,3933598,,,,,,,,,,,,,,,,
2010-03-11,,,,,,,,,,1206.0622,,,,,,,,,,,,,464.58,,,,,,,,,,,,,1925372.35,,,,,,,,,,,,,3928497,,,,,,,,,,,,,,,,
2010-03-12,,,,,,,,,,1208.1932,,,,,,,,,,,,,473.94,,,,,,,,,,,,,1922173.55,,,,,,,,,,,,,3930400,,,,,,,,,,,,,,,,
2010-03-13,,,,,,,,,,1205.075,,,,,,,,,,,,,471.54,,,,,,,,,,,,,1917358.85,,,,,,,,,,,,,3914656,,,,,,,,,,,,,,,,
2010-03-14,,,,,377449,4236,89.10505193578848,,,1209.9153,,,,,,,,,,,,,470.58,,,,,,,,,,,,,1915016.95,,,,,,,,,,,,,3906446,,,,,,,,,,,,,,,,
2010-03-15,,,,,,,,,,1206.8506,,,,,,,,,,,,,469.6,,,,,,,,,,,,,1908239.3,,,,,,,,,,,,,3918058,,,,,,,,,,,,,,,,
2010-03-16,,,,,,,,,,1201.3489,,,,,,,,,,,,,474.78,,,,,,,,,,,,,1926923.35,,,,,,,,,,,,,3882204,,,,,,,,,,,,,,,,
2010-03-17,,,,,,,,,,1207.4851,,,,,,,,,,,,,474.43,,,,,,,,,,,,,1930739.8,,,,,,,,,,,,,3883442,,,,,,,,,,,,,,,,
2010-03-18,,,,,,,,,,1206.3788,,,,,,,,,,,,,472.16,,,,,,,,,,,,,1930256.35,,,,,,,,,,,,,3897400,,,,,,,,,,,,,,,,
2010-03-19,,,,,,,,,,1211.4777,,,,,,,,,,,,,479.37,,,,,,,,,,,,,1932864.45,,,,,,,,,,,,,3907768,,,,,,,,,,,,,,,,
2010-03-20,,,,,,,,,,1206.947,,,,,,,,,,,,,478.04,,,,,,,,,,,,,1929008.4,,,,,,,,,,,,,3876022,,,,,,,,,,,,,,,,
2010-03-21,,,,,470982,5357,87.9189845062535,,,1203.3163,,,,,,,,,,,,,474.8,,,,,,,,,,,,,1924734.9,,,,,,,,,,,,,3862110,,,,,,,,,,,,,,,,
2010-03-22,,,,,,,,,,1198.597,,,,,,,,,,,,,472.27,,,,,,,,,,,,,1922831.35,,,,,,,,,,,,,3844431,,,,,,,,,,,,,,,,
2010-03-23,,,,,,,,,,1192.4667,,,,,,,,,,,,,494.34,,,,,,,,,,,,,1923737.2,,,,,,,,,,,,,3835145,,,,,,,,,,,,,,,,
2010-03-24,,,,,,,,,,1192.3727,,,,,,,,,,,,,492.86,,,,,,,,,,,,,1921528.4,,,,,,,,,,,,,3858990,,,,,,,,,,,,,,,,
2010-03-25,,,,,,,,,,1188.5129,,,,,,,,,,,,,487.21,,,,,,,,,,,,,1914387.2,,,,,,,,,,,,,3827199,,,,,,,,,,,,,,,,
2010-03-26,,,,,,,,,,1182.0078,,,,,,,,,,,,,486.44,,,,,,,,,,,,,1918738.25,,,,,,,,,,,,,3826914,,,,,,,,,,,,,,,,
2010-03-27,,,,,,,,,,1198.5872,,,,,,,,,,,,,483.41,,,,,,,,,,,,,1911720.25,,,,,,,,,,,,,3798239,,,,,,,,,,,,,,,,
2010-03-28,,,,,593066,6733,88.08346947868706,,,1213.2552,,,,,,,,,,,,,483.5,,,,,,,,,,,,,1906597.55,,,,,,,,,,,,,3780095,,,,,,,,,,,,,,,,
2010-03-29,,,,,,,,,,1208.0306,,,,,,,,,,,,,478.87,,,,,,,,,,,,,1905523.4,,,,,,,,,,,,,3781604,,,,,,,,,,,,,,,,
2010-03-30,,,,,,,,,,1205.8412,,,,,,,,,,,,,479.84,,,,,,,,,,,,,1894275.35,,,,,,,,,,,,,3782669,,,,,,,,,,,,,,,,
2010-03-31,381,,,,,,,137.69,2.53,1199.8459,,0,136.8792,234.1384,,,,,,,127.06,2.23,475.1,,107.6205,14.3797,315.7934,,,,,,,117.4,2.62,1923010.65,,0,44.1065,263.1402,,,,50.1727,,,113.25,3.24,3737079,36.28,0,17.677,,,10.4,,3.87,4.63,,,108.19999999999999,2.4,-0.7,2.9,
2010-04-01,,,,,,,,,,1192.4365,,,,,,,,,,,,,473.13,,,,,,,,,,,,,1915938.75,,,,,,,,,,,,,3721784,,,,,,,,,,,,,,,,
2010-04-02,,,,,,,,,,1194.1306,,,,,,,,,,,,,474.24,,,,,,,,,,,,,1923551.85,,,,,,,,,,,,,3676315,,,,,,,,,,,,,,,,
2010-04-03,,,,,,,,,,1198.1677,,,,,,,,,,,,,477.56,,,,,,,,,,,,,1918630.45,,,,,,,,,,,,,3658602,,,,,,,,,,,,,,,,
2010-04-04,,,,,731888,8486,86.24652368607117,,,1193.9084,,,,,,,,,,,,,470.92,,,,,,,,,,,,,1913266.85,,,,,,,,,,,,,3649018,,,,,,,,,,,,,,,,
2010-04-05,,,,,,,,,,1191.6773,,,,,,,,,,,,,468.96,,,,,,,,,,,,,1909747.4,,,,,,,,,,,,,3643887,,,,,,,,,,,,,,,,
2010-04-06,,,,,,,,,,1186.1848,,,,,,,,,,,,,465.83,,,,,,,,,,,,,1901867.55,,,,,,,,,,,,,3632919,,,,,,,,,,,,,,,,
2010-04-07,,,,,,,,,,1181.72,,,,,,,,,,,,,465.44,,,,,,,,,,,,,1890056.85,,,,,,,,,,,,,3632919,,,,,,,,,,,,,,,,
2010-04-08,,,,,,,,,,1177.0707,,,,,,,,,,,,,470.66,,,,,,,,,,,,,1877720.35,,,,,,,,,,,,,3599517,,,,,,,,,,,,,,,,
2010-04-09,,,,,,,,,,1169.9603,,,,,,,,,,,,,467.3,,,,,,,,,,,,,1867491.45,,,,,,,,,,,,,3580351,,,,,,,,,,,,,,,,
2010-04-10,,,,,,,,,,1168.4408,,,,,,,,,,,,,478.94,,,,,,,,,,,,,1857964.9,,,,,,,,,,,,,3556675,,,,,,,,,,,,,,,,
2010-04-11,,,,,565157,6337,89.183683130819,,,1163.7952,,,,,,,,,,,,,475.37,,,,,,,,,,,,,1846078.3,,,,,,,,,,,,,3543926,,,,,,,,,,,,,,,,
2010-04-12,,,,,,,,,,1158.9316,,,,,,,,,,,,,472.57,,,,,,,,,,,,,1838150.6,,,,,,,,,,,,,3536010,,,,,,,,,,,,,,,,
2010-04-13,,,,,,,,,,1153.8148,,,,,,,,,,,,,474.33,,,,,,,,,,,,,1839783.12,,,,,,,,,,,,,3525993,,,,,,,,,,,,,,,,
2010-04-14,,,,,,,,,,1153.1579,,,,,,,,,,,,,470.1,,,,,,,,,,,,,1830967.84,,,,,,,,,,,,,3536606,,,,,,,,,,,,,,,,
2010-04-15,,,,,,,,,,1160.2287,,,,,,,,,,,,,470.07,,,,,,,,,,,,,1820539.16,,,,,,,,,,,,,3521184,,,,,,,,,,,,,,,,
2010-04-16,,,,,,,,,,1162.3777,,,,,,,,,,,,,474.48,,,,,,,,,,,,,1792260.17,,,,,,,,,,,,,3608406,,,,,,,,,,,,,,,,
2010-04-17,,,,,,,,,,1156.7154,,,,,,,,,,,,,479.95,,,,,,,,,,,,,1778306.12,,,,,,,,,,,,,3590122,,,,,,,,,,,,,,,,
2010-04-18,,,,,877633,9904,88.61399434571891,,,1170.5024,,,,,,,,,,,,,475.92,,,,,,,,232790.41,2795,83.28816100178891,,,1769024.12,,,,,,,,,,,,,3568661,,,,,,,,,,,,,,,,
2010-04-19,,,,,,,,,,1172.1564,,,,,,,,,,,,,473.4,,,,,,,,,,,,,1882082.23,,,,,,,,,,,,,3594898,,,,,,,,,,,,,,,,
2010-04-20,,,,,,,,,,1168.4932,,,,,,,,,,,,,475.18,,,,,,,,,,,,,1915476.98,,,,,,,,,,,,,3692844,,,,,,,,,,,,,,,,
2010-04-21,,,,,,,,,,1165.5722,,,,,,,,,,,,,481.94,,,,,,,,,,,,,1909452.71,,,,,,,,,,,,,3673230,,,,,,,,,,,,,,,,
2010-04-22,,,,,,,,,,1161.1595,,,,,,,,,,,,,487.69,,,,,,,,,,,,,1929934.96,,,,,,,,,,,,,3658304,,,,,,,,,,,,,,,,
2010-04-23,,,,,,,,,,1158.1952,,,,,,,,,,,,,494.91,,,,,,,,,,,,,1925360.3,,,,,,,,,,,,,3768857,,,,,,,,,,,,,,,,
2010-04-24,,,,,,,,,,1165.0122,,,,,,,,,,,,,508.12,,,,,,,,,,,,,1921737.38,,,,,,,,,,,,,3749958,,,,,,,,,,,,,,,,
2010-04-25,,,,,626314,6823,91.79451854023156,,,1166.5584,,,,,,,,,,,,,506.98,,,,,,,,279861.13,3393,82.48191276156794,,,1919911.93,,,,,,,,,,,,,3737820,,,,,,,,,,,,,,,,
2010-04-26,,,,,,,,,,1163.422,,,,,,,,,,,,,506.18,,,,,,,,,,,,,1916729.3,,,,,,,,,,,,,3777344,,,,,,,,,,,,,,,,
2010-04-27,,,,,,,,,,1160.7487,,,,,,,,,,,,,511.59,,,,,,,,,,,,,1990881.83,,,,,,,,,,,,,3760804,,,,,,,,,,,,,,,,
2010-04-28,,,,,,,,,,1177.2359,,,,,,,,,,,,,515.17,,,,,,,,,,,,,2121037.43,,,,,,,,,,,,,3795949,,,,,,,,,,,,,,,,
2010-04-29,,,,,,,,,,1174.8518,,,,,,,,,,,,,509.85,,,,,,,,,,,,,2163160.4,,,,,,,,,,,,,4136392,,,,,,,,,,,,,,,,
2010-04-30,404,,,,,,,137.57,2.5,1179.1605,,234.1042,0,242.8014,,,,,,,127.14,2.15,518.22,,29.5164,41.4998,328.0308,,,,,,,118.52,2.55,2182735.63,,0,0,273.3582,,,,64.4978,,,113.45,3.12,4251781,28.36,3.1713,0,,,,,3.87,,,,106.8,2.8,0.2,3.4,
2010-05-01,,,,,,,,,,1192.4916,,,,,,,,,,,,,516.55,,,,,,,,,,,,,2180601.24,,,,,,,,,,,,,4239007,,,,,,,,,,,,,,,,
2010-05-02,,,,,856915,7814,109.66406449961607,,,1181.2451,,,,,,,,,,,,,515.67,,,,,,,,298843.1,3569,83.73300644438218,,,2155512.67,,,,,,,,,,,,,,,,,,,,,,,,,,,,,
2010-05-03,,,,,,,,,,1179.0054,,,,,,,,,,,,,516.07,,,,,,,,,,,,,2153357.33,,,,,,,,,,,,,4221633,,,,,,,,,,,,,,,,
2010-05-04,,,,,,,,,,1174.9599,,,,,,,,,,,,,515.87,,,,,,,,,,,,,2148864.41,,,,,,,,,,,,,4205841,,,,,,,,,,,,,,,,
2010-05-05,,,,,,,,,,1172.9081,,,,,,,,,,,,,514.53,,,,,,,,,,,,,2143726.83,,,,,,,,,,,,,4185778,,,,,,,,,,,,,,,,
2010-05-06,,,,,,,,,,1171.3147,,,,,,,,,,,,,523.25,,,,,,,,,,,,,2138935.48,,,,,,,,,,,,,4162733,,,,,,,,,,,,,,,,
2010-05-07,,,,,,,,,,1173.1772,,,,,,,,,,,,,527.03,,,,,,,,,,,,,2166523.98,,,,,,,,,,,,,4123882,,,,,,,,,,,,,,,,
2010-05-08,,,,,,,,,,1181.1537,,,,,,,,,,,,,533.22,,,,,,,,,,,,,2157909.15,,,,,,,,,,,,,4105805,,,,,,,,,,,,,,,,
2010-05-09,,,,,397831,3751,106.05998400426553,,,1184.1325,,,,,,,,,,,,,532.31,,,,,,,,180533.08,2252,80.16566607460035,,,2156494.39,,,,,,,,,,,,,4093301,,,,,,,,,,,,,,,,
2010-05-10,,,,,,,,,,1183.0915,,,,,,,,,,,,,531.8,,,,,,,,,,,,,2152271.57,,,,,,,,,,,,,4082927,,,,,,,,,,,,,,,,
2010-05-11,,,,,,,,,,1182.4638,,,,,,,,,,,,,535.15,,,,,,,,,,,,,2146924.97,,,,,,,,,,,,,4091022,,,,,,,,,,,,,,,,
2010-05-12,,,,,,,,,,1178.3135,,,,,,,,,,,,,539.66,,,,,,,,,,,,,2138854.11,,,,,,,,,,,,,4121011,,,,,,,,,,,,,,,,
2010-05-13,,,,,,,,,,1186.7631,,,,,,,,,,,,,542.1,,,,,,,,,,,,,,,,,,,,,,,,,,4180345,,,,,,,,,,,,,,,,
2010-05-14,,,,,,,,,,1192.7348,,,,,,,,,,,,,549.51,,,,,,,,,,,,,2224282.59,,,,,,,,,,,,,4169090,,,,,,,,,,,,,,,,
2010-05-15,,,,,,,,,,1191.5204,,,,,,,,,,,,,,,,,,,,,,,,,,2222095.13,,,,,,,,,,,,,4155795,,,,,,,,,,,,,,,,
2010-05-16,,,,,335884,3389,99.11006196518147,,,1193.5212,,,,,,,,,,,,,550.67,,,,,,,,273135.21,3357,81.36288650580876,,,2218511.19,,,,,,,,,,,,,4147832,,,,,,,,,,,,,,,,
2010-05-17,,,,,,,,,,1191.8168,,,,,,,,,,,,,548.21,,,,,,,,,,,,,2215379.44,,,,,,,,,,,,,4136647,,,,,,,,,,,,,,,,
2010-05-18,,,,,,,,,,1191.6713,,,,,,,,,,,,,552.74,,,,,,,,,,,,,2199916.31,,,,,,,,,,,,,4145663,,,,,,,,,,,,,,,,
2010-05-19,,,,,,,,,,1197.4327,,,,,,,,,,,,,555.39,,,,,,,,,,,,,2221585.16,,,,,,,,,,,,,4146117,,,,,,,,,,,,,,,,
2010-05-20,,,,,,,,,,1196.4724,,,,,,,,,,,,,557.81,,,,,,,,,,,,,2218976.51,,,,,,,,,,,,,4232184,,,,,,,,,,,,,,,,
2010-05-21,,,,,,,,,,1195.2573,,,,,,,,,,,,,560.76,,,,,,,,,,,,,2218973.51,,,,,,,,,,,,,4243976,,,,,,,,,,,,,,,,
2010-05-22,,,,,,,,,,1193.9523,,,,,,,,,,,,,564.24,,,,,,,,,,,,,,,,,,,,,,,,,,4232708,,,,,,,,,,,,,,,,
2010-05-23,,,,,262304,2648,99.05740181268882,,,1193.2259,,,,,,,,,,,,,563.68,,,,,,,,238383.74,2937,81.16572693224379,,,2210693.4,,,,,,,,,,,,,4220886,,,,,,,,,,,,,,,,
2010-05-24,,,,,,,,,,1191.4556,,,,,,,,,,,,,563.08,,,,,,,,,,,,,2206028.43,,,,,,,,,,,,,4237577,,,,,,,,,,,,,,,,
2010-05-25,,,,,,,,,,1188.5737,,,,,,,,,,,,,565.16,,,,,,,,,,,,,2267337.23,,,,,,,,,,,,,4219031,,,,,,,,,,,,,,,,
2010-05-26,,,,,,,,,,1182.0924,,,,,,,,,,,,,569.26,,,,,,,,,,,,,2262395,,,,,,,,,,,,,4199622,,,,,,,,,,,,,,,,
2010-05-27,,,,,,,,,,1180.1492,,,,,,,,,,,,,574.53,,,,,,,,,,,,,2319145.78,,,,,,,,,,,,,4185308,,,,,,,,,,,,,,,,
2010-05-28,,,,,,,,,,1178.6746,,,,,,,,,,,,,577.47,,,,,,,,,,,,,2315478.78,,,,,,,,,,,,,4185308,,,,,,,,,,,,,,,,
2010-05-29,,,,,,,,,,1182.675,,,,,,,,,,,,,574.74,,,,,,,,,,,,,2313410.32,,,,,,,,,,,,,4257477,,,,,,,,,,,,,,,,
2010-05-30,,,,,263216,2703,97.37920828708842,,,1207.6464,,,,,,,,,,,,,571.81,,,,,,,,181029.73,2287,79.15598163533012,,,2309944.22,,,,,,,,,,,,,4238340,,,,,,,,,,,,,,,,
2010-05-31,407,,,,,,,140.05,2.58,1207.0036,,51.9966,174.6005,236.7337,,,,,,,127.45,2.22,570.75,,20.3289,73.9572,318.5307,,,,,,,120.1,2.66,2305811.42,,0,0,269.1912,,,,71.5957,,,114.6,3.2,4177675,80.36,17.6193,3.1713,,,,,3.87,,,,108.19999999999999,3.1,-0.1,3.6,
2010-06-01,,,,,,,,,,1208.5695,,,,,,,,,,,,,570.86,,,,,,,,,,,,,2328806.47,,,,,,,,,,,,,4166266,,,,,,,,,,,,,,,,
2010-06-02,,,,,,,,,,1207.5013,,,,,,,,,,,,,571.59,,,,,,,,,,,,,2344062.19,,,,,,,,,,,,,4176144,,,,,,,,,,,,,,,,
2010-06-03,,,,,,,,,,1213.8724,,,,,,,,,,,,,571.57,,,,,,,,,,,,,2330711.8,,,,,,,,,,,,,4167249,,,,,,,,,,,,,,,,
2010-06-04,,,,,,,,,,1211.9466,,,,,,,,,,,,,571.34,,,,,,,,,,,,,2361175.56,,,,,,,,,,,,,4150364,,,,,,,,,,,,,,,,
2010-06-05,,,,,,,,,,1210.8065,,,,,,,,,,,,,573.36,,,,,,,,,,,,,2358351.7,,,,,,,,,,,,,4134397,,,,,,,,,,,,,,,,
2010-06-06,,,,,234804,2442,96.15233415233415,,,1211.3405,,,,,,,,,,,,,572.52,,,,,,,,146809.41,1813,80.97595697738555,,,2356324.44,,,,,,,,,,,,,4124837,,,,,,,,,,,,,,,,
2010-06-07,,,,,,,,,,1183.3129,,,,,,,,,,,,,572.09,,,,,,,,,,,,,2349407.35,,,,,,,,,,,,,4119409,,,,,,,,,,,,,,,,
2010-06-08,,,,,,,,,,1180.544,,,,,,,,,,,,,573.98,,,,,,,,,,,,,2341886.22,,,,,,,,,,,,,4155406,,,,,,,,,,,,,,,,
2010-06-09,,,,,,,,,,1179.2773,,,,,,,,,,,,,571.34,,,,,,,,,,,,,2334960.34,,,,,,,,,,,,,4167219,,,,,,,,,,,,,,,,
2010-06-10,,,,,,,,,,1177.8204,,,,,,,,,,,,,571.5,,,,,,,,,,,,,2321406.35,,,,,,,,,,,,,4245066,,,,,,,,,,,,,,,,
2010-06-11,,,,,,,,,,1192.7677,,,,,,,,,,,,,569.68,,,,,,,,,,,,,2314438.83,,,,,,,,,,,,,4256081,,,,,,,,,,,,,,,,
2010-06-12,,,,,,,,,,1191.5227,,,,,,,,,,,,,571.57,,,,,,,,,,,,,2306062.18,,,,,,,,,,,,,4325311,,,,,,,,,,,,,,,,
2010-06-13,,,,,308621,3126,98.72712731925783,,,1193.4154,,,,,,,,,,,,,578.11,,,,,,,,196488.02,2346,83.754484228474,,,2303488.41,,,,,,,,,,,,,4404668,,,,,,,,,,,,,,,,
2010-06-14,,,,,,,,,,1191.3562,,,,,,,,,,,,,580.9,,,,,,,,,,,,,2302029.66,,,,,,,,,,,,,,,,,,,,,,,,,,,,,
2010-06-15,,,,,,,,,,1193.5866,,,,,,,,,,,,,580.52,,,,,,,,,,,,,2365967.75,,,,,,,,,,,,,4394053,,,,,,,,,,,,,,,,
2010-06-16,,,,,,,,,,1192.2867,,,,,,,,,,,,,573.29,,,,,,,,,,,,,2364578.02,,,,,,,,,,,,,4389077,,,,,,,,,,,,,,,,
2010-06-17,,,,,,,,,,1189.1428,,,,,,,,,,,,,572.12,,,,,,,,,,,,,2357302.07,,,,,,,,,,,,,4386334,,,,,,,,,,,,,,,,
2010-06-18,,,,,,,,,,1185.2473,,,,,,,,,,,,,570.7,,,,,,,,,,,,,2351669.69,,,,,,,,,,,,,4444017,,,,,,,,,,,,,,,,
2010-06-19,,,,,,,,,,1185.9294,,,,,,,,,,,,,577.06,,,,,,,,,,,,,2345456.78,,,,,,,,,,,,,4427662,,,,,,,,,,,,,,,,
2010-06-20,,,,,114607,1126,101.78241563055062,,,1186.9674,,,,,,,,,,,,,575.93,,,,,,,,45734.47,546,83.76276556776557,,,2341460.26,,,,,,,,,,,,,4418689,,,,,,,,,,,,,,,,
2010-06-21,,,,,,,,,,1184.873,,,,,,,,,,,,,574.82,,,,,,,,,,,,,2396345.5,,,,,,,,,,,,,4408579,,,,,,,,,,,,,,,,
2010-06-22,,,,,,,,,,1182.9726,,,,,,,,,,,,,575.98,,,,,,,,,,,,,2390575.72,,,,,,,,,,,,,4396562,,,,,,,,,,,,,,,,
2010-06-23,,,,,,,,,,1179.3749,,,,,,,,,,,,,574.58,,,,,,,,,,,,,2383803.93,,,,,,,,,,,,,4415417,,,,,,,,,,,,,,,,
2010-06-24,,,,,,,,,,1179.1068,,,,,,,,,,,,,578.81,,,,,,,,,,,,,2374767.24,,,,,,,,,,,,,4386637,,,,,,,,,,,,,,,,
2010-06-25,,,,,,,,,,1184.4955,,,,,,,,,,,,,577.78,,,,,,,,,,,,,2362863.1,,,,,,,,,,,,,4380472,,,,,,,,,,,,,,,,
2010-06-26,,,,,,,,,,1183.3163,,,,,,,,,,,,,578.86,,,,,,,,,,,,,2359505.78,,,,,,,,,,,,,4352987,,,,,,,,,,,,,,,,
2010-06-27,,,,,245971,2490,98.78353413654618,,,1191.398,,,,,,,,,,,,,577.82,,,,,,,,111052.5,1345,82.56691449814126,,,2356876.36,,,,,,,,,,,,,4338648,,,,,,,,,,,,,,,,
2010-06-28,,,,,,,,,,1190.0897,,,,,,,,,,,,,576.42,,,,,,,,,,,,,2306046.88,,,,,,,,,,,,,4340774,,,,,,,,,,,,,,,,
2010-06-29,,,,,,,,,,1188.0365,,,,,,,,,,,,,575.18,,,,,,,,,,,,,2298301.49,,,,,,,,,,,,,4401119,,,,,,,,,,,,,,,,
2010-06-30,396,,,,,,,140.47,2.68,1185.4539,,31.3462,35.7333,228.3,,,,,,,128.78,2.32,574.48,,24.9166,20.3289,310.9,,,,,,,120.02,2.72,2294213.74,,0,0,267,,,,65.2373,,,117.53,3.32,4724272,51.96,32.4943,17.6193,,,10.5,,3.87,4.95,,,108.89999999999999,2.9,-0.6,4.3,
2010-07-01,,,,,,,,,,1190.3187,,,,,,,,,,,,,576.84,,,,,,,,,,,,,2289116.44,,,,,,,,,,,,,4791481,,,,,,,,,,,,,,,,
2010-07-02,,,,,,,,,,1189.0869,,,,,,,,,,,,,576.55,,,,,,,,,,,,,2287659.22,,,,,,,,,,,,,4785587,,,,,,,,,,,,,,,,
2010-07-03,,,,,,,,,,1202.6854,,,,,,,,,,,,,574.78,,,,,,,,,,,,,2287267.43,,,,,,,,,,,,,4770169,,,,,,,,,,,,,,,,
2010-07-04,,,,,259887,2637,98.55403868031854,,,1204.493,,,,,,,,,,,,,574.03,,,,,,,,118405.44,1443,82.05505197505198,,,2285668.95,,,,,,,,,,,,,4757183,,,,,,,,,,,,,,,,
2010-07-05,,,,,,,,,,1202.8381,,,,,,,,,,,,,573.24,,,,,,,,,,,,,2263170.75,,,,,,,,,,,,,4745186,,,,,,,,,,,,,,,,
2010-07-06,,,,,,,,,,1202.2473,,,,,,,,,,,,,572.62,,,,,,,,,,,,,2269741.18,,,,,,,,,,,,,4682383,,,,,,,,,,,,,,,,
2010-07-07,,,,,,,,,,1199.6702,,,,,,,,,,,,,572.04,,,,,,,,,,,,,2265193,,,,,,,,,,,,,4638085,,,,,,,,,,,,,,,,
2010-07-08,,,,,,,,,,1198.7341,,,,,,,,,,,,,575.51,,,,,,,,,,,,,2258500.42,,,,,,,,,,,,,4590226,,,,,,,,,,,,,,,,
2010-07-09,,,,,,,,,,1199.8046,,,,,,,,,,,,,577.96,,,,,,,,,,,,,2255854.6,,,,,,,,,,,,,4585266,,,,,,,,,,,,,,,,
2010-07-10,,,,,,,,,,1198.05,,,,,,,,,,,,,576.64,,,,,,,,,,,,,2253782.62,,,,,,,,,,,,,4570082,,,,,,,,,,,,,,,,
2010-07-11,,,,,208681,2168,96.255073800738,,,1205.262,,,,,,,,,,,,,576.04,,,,,,,,134510.29,1586,84.81102774274905,,,2250677.88,,,,,,,,,,,,,4562174,,,,,,,,,,,,,,,,
2010-07-12,,,,,,,,,,1204.6852,,,,,,,,,,,,,576.71,,,,,,,,,,,,,2238915.88,,,,,,,,,,,,,4617683,,,,,,,,,,,,,,,,
2010-07-13,,,,,,,,,,1201.9868,,,,,,,,,,,,,576.46,,,,,,,,,,,,,2234786.69,,,,,,,,,,,,,4655956,,,,,,,,,,,,,,,,
2010-07-14,,,,,,,,,,1198.599,,,,,,,,,,,,,578.64,,,,,,,,,,,,,2228435.25,,,,,,,,,,,,,4645420,,,,,,,,,,,,,,,,
2010-07-15,,,,,,,,,,1196.257,,,,,,,,,,,,,585.79,,,,,,,,,,,,,2222493.46,,,,,,,,,,,,,4638346,,,,,,,,,,,,,,,,
2010-07-16,,,,,,,,,,1205.4183,,,,,,,,,,,,,583.26,,,,,,,,,,,,,2228133.37,,,,,,,,,,,,,4694558,,,,,,,,,,,,,,,,
2010-07-17,,,,,,,,,,1203.9297,,,,,,,,,,,,,581.32,,,,,,,,,,,,,2223286.89,,,,,,,,,,,,,4680023,,,,,,,,,,,,,,,,
2010-07-18,,,,,222396,2288,97.20104895104895,,,1202.5176,,,,,,,,,,,,,579.13,,,,,,,,136554.75,1694,80.61083234946871,,,2221468.92,,,,,,,,,,,,,4669913,,,,,,,,,,,,,,,,
2010-07-19,,,,,,,,,,1202.7685,,,,,,,,,,,,,578.22,,,,,,,,,,,,,2180019.99,,,,,,,,,,,,,4719726,,,,,,,,,,,,,,,,
2010-07-20,,,,,,,,,,1201.2905,,,,,,,,,,,,,582.77,,,,,,,,,,,,,2148857.88,,,,,,,,,,,,,4702277,,,,,,,,,,,,,,,,
2010-07-21,,,,,,,,,,1204.0271,,,,,,,,,,,,,584.28,,,,,,,,,,,,,2144443.5,,,,,,,,,,,,,4716989,,,,,,,,,,,,,,,,
2010-07-22,,,,,,,,,,1205.6036,,,,,,,,,,,,,583.55,,,,,,,,,,,,,2128091.54,,,,,,,,,,,,,4711943,,,,,,,,,,,,,,,,
2010-07-23,,,,,,,,,,1213.211,,,,,,,,,,,,,583.64,,,,,,,,,,,,,2140766.3,,,,,,,,,,,,,4729881,,,,,,,,,,,,,,,,
2010-07-24,,,,,,,,,,1219.1076,,,,,,,,,,,,,589,,,,,,,,,,,,,2135581.05,,,,,,,,,,,,,4714014,,,,,,,,,,,,,,,,
2010-07-25,,,,,241174,2403,100.36371202663338,,,1217.7011,,,,,,,,,,,,,588.3,,,,,,,,144528.28,1766,81.83934314835787,,,2131547.28,,,,,,,,,,,,,4702481,,,,,,,,,,,,,,,,
2010-07-26,,,,,,,,,,1216.2302,,,,,,,,,,,,,582.49,,,,,,,,,,,,,2033698.5,,,,,,,,,,,,,4680972,,,,,,,,,,,,,,,,
2010-07-27,,,,,,,,,,1213.6015,,,,,,,,,,,,,588.62,,,,,,,,,,,,,2048763.02,,,,,,,,,,,,,4593169,,,,,,,,,,,,,,,,
2010-07-28,,,,,,,,,,1219.3968,,,,,,,,,,,,,588.26,,,,,,,,,,,,,2043869.74,,,,,,,,,,,,,4556448,,,,,,,,,,,,,,,,
2010-07-29,,,,,,,,,,1222.51,,,,,,,,,,,,,588.76,,,,,,,,,,,,,2038368.23,,,,,,,,,,,,,4583244,,,,,,,,,,,,,,,,
2010-07-30,,,,,,,,,,1232.4173,,,,,,,,,,,,,592.08,,,,,,,,,,,,,2054594.47,,,,,,,,,,,,,4572768,,,,,,,,,,,,,,,,
2010-07-31,394,,,,,,,140.3122,2.72,1228.1605,,43.1306,47.6095,227.6042,,,,,,,129.2371,2.34,588.94,,25.9364,24.9166,304.1612,,,,,,,119.7032,2.77,2046913.46,,0,0,265.7568,,,,58.0802,,,116.446,3.3,4550786,75.25,44.1811,15.6931,,,,,3.87,,,,108.60000000000001,3.3,0.4,5.9,
2010-08-01,,,,,262647,2771,94.78419343197402,,,1225.4746,,,,,,,,,,,,,587.95,,,,,,,,156377.3,1960,79.78433673469388,,,2043490.85,,,,,,,,,,,,,4541185,,,,,,,,,,,,,,,,
2010-08-02,,,,,,,,,,1222.5199,,,,,,,,,,,,,586.84,,,,,,,,,,,,,2130774.77,,,,,,,,,,,,,4620662,,,,,,,,,,,,,,,,
2010-08-03,,,,,,,,,,1222.8062,,,,,,,,,,,,,585.45,,,,,,,,,,,,,2133850.97,,,,,,,,,,,,,4603319,,,,,,,,,,,,,,,,
2010-08-04,,,,,,,,,,1230.6634,,,,,,,,,,,,,579.73,,,,,,,,,,,,,2133014.26,,,,,,,,,,,,,4589046,,,,,,,,,,,,,,,,
2010-08-05,,,,,,,,,,1227.6923,,,,,,,,,,,,,581.66,,,,,,,,,,,,,2143153.13,,,,,,,,,,,,,4578553,,,,,,,,,,,,,,,,
2010-08-06,,,,,,,,,,1229.3797,,,,,,,,,,,,,579.64,,,,,,,,,,,,,2138019,,,,,,,,,,,,,4519482,,,,,,,,,,,,,,,,
2010-08-07,,,,,,,,,,1227.6081,,,,,,,,,,,,,581.87,,,,,,,,,,,,,2123572.27,,,,,,,,,,,,,4499500,,,,,,,,,,,,,,,,
2010-08-08,,,,,213871,2197,97.3468365953573,,,1229.3826,,,,,,,,,,,,,581.42,,,,,,,,131359.88,1579,83.1918176060798,,,2122118.31,,,,,,,,,,,,,4484463,,,,,,,,,,,,,,,,
2010-08-09,,,,,,,,,,1227.6407,,,,,,,,,,,,,578.61,,,,,,,,,,,,,2079751.18,,,,,,,,,,,,,4478469,,,,,,,,,,,,,,,,
2010-08-10,,,,,,,,,,1226.0117,,,,,,,,,,,,,576.94,,,,,,,,,,,,,2068847.13,,,,,,,,,,,,,4463241,,,,,,,,,,,,,,,,
2010-08-11,,,,,,,,,,1224.496,,,,,,,,,,,,,575.91,,,,,,,,,,,,,2063987.53,,,,,,,,,,,,,4443310,,,,,,,,,,,,,,,,
2010-08-12,,,,,,,,,,1223.3546,,,,,,,,,,,,,575.64,,,,,,,,,,,,,2160238.85,,,,,,,,,,,,,4499507,,,,,,,,,,,,,,,,
2010-08-13,,,,,,,,,,1232.8489,,,,,,,,,,,,,577.89,,,,,,,,,,,,,2164376.2,,,,,,,,,,,,,4501222,,,,,,,,,,,,,,,,
2010-08-14,,,,,,,,,,1256.4997,,,,,,,,,,,,,578.43,,,,,,,,,,,,,2158593.98,,,,,,,,,,,,,4475700,,,,,,,,,,,,,,,,
2010-08-15,,,,,235991,2542,92.83674272226594,,,1254.7324,,,,,,,,,,,,,576.37,,,,,,,,149617.42,1872,79.92383547008546,,,2155875.67,,,,,,,,,,,,,4456980,,,,,,,,,,,,,,,,
2010-08-16,,,,,,,,,,1256.8671,,,,,,,,,,,,,573.45,,,,,,,,,,,,,2120520.1,,,,,,,,,,,,,4523980,,,,,,,,,,,,,,,,
2010-08-17,,,,,,,,,,1254.447,,,,,,,,,,,,,573.42,,,,,,,,,,,,,2109527.44,,,,,,,,,,,,,4507571,,,,,,,,,,,,,,,,
2010-08-18,,,,,,,,,,1250.8419,,,,,,,,,,,,,582.4,,,,,,,,,,,,,2099590.57,,,,,,,,,,,,,4577045,,,,,,,,,,,,,,,,
2010-08-19,,,,,,,,,,1251.8495,,,,,,,,,,,,,583.68,,,,,,,,,,,,,2096757.81,,,,,,,,,,,,,4613112,,,,,,,,,,,,,,,,
2010-08-20,,,,,,,,,,1252.2275,,,,,,,,,,,,,581.61,,,,,,,,,,,,,2086423.89,,,,,,,,,,,,,4674558,,,,,,,,,,,,,,,,
2010-08-21,,,,,,,,,,1248.6438,,,,,,,,,,,,,587.82,,,,,,,,,,,,,2076830.23,,,,,,,,,,,,,4640463,,,,,,,,,,,,,,,,
2010-08-22,,,,,272160,2885,94.33622183708839,,,1247.9976,,,,,,,,,,,,,585.68,,,,,,,,185920.32,2252,82.55786856127887,,,2072305.44,,,,,,,,,,,,,4625755,,,,,,,,,,,,,,,,
2010-08-23,,,,,,,,,,1244.8853,,,,,,,,,,,,,584.55,,,,,,,,,,,,,2047051.88,,,,,,,,,,,,,4504795,,,,,,,,,,,,,,,,
2010-08-24,,,,,,,,,,1242.795,,,,,,,,,,,,,595.45,,,,,,,,,,,,,2038839.35,,,,,,,,,,,,,4467400,,,,,,,,,,,,,,,,
2010-08-25,,,,,,,,,,1252.6249,,,,,,,,,,,,,600.91,,,,,,,,,,,,,2042561.28,,,,,,,,,,,,,4459112,,,,,,,,,,,,,,,,
2010-08-26,,,,,,,,,,1254.6257,,,,,,,,,,,,,599.81,,,,,,,,,,,,,2220349.22,,,,,,,,,,,,,4474891,,,,,,,,,,,,,,,,
2010-08-27,,,,,,,,,,1252.715,,,,,,,,,,,,,602.67,,,,,,,,,,,,,2206493.37,,,,,,,,,,,,,4600808,,,,,,,,,,,,,,,,
2010-08-28,,,,,,,,,,1270.1025,,,,,,,,,,,,,605.28,,,,,,,,,,,,,2198405.67,,,,,,,,,,,,,4490615,,,,,,,,,,,,,,,,
2010-08-29,,,,,305637,3296,92.72967233009709,,,1267.3731,,,,,,,,,,,,,599.99,,,,,,,,261941.72,3070,85.32303583061889,,,2184347.12,,,,,,,,,,,,,4469941,,,,,,,,,,,,,,,,
2010-08-30,,,,,,,,,,1266.4623,,,,,,,,,,,,,597.19,,,,,,,,,,,,,2206496.27,,,,,,,,,,,,,4503025,,,,,,,,,,,,,,,,
2010-08-31,408,,,,,,,140.4232,2.74,1261.0833,,95.4509,43.1306,229.9122,,,,,,,129.2903,2.31,599.1,,316.1462,119.0575,303.9833,,,,,,,119.2232,2.76,2174567.73,,0,0,269.9891,,,,65.8281,,,116.5922,3.25,4497492,46.33,128.4208,44.1811,,,,,3.87,,,,107.9,3.5,0.6,6.5,
2010-09-01,,,,,,,,,,1269.7182,,,,,,,,,,,,,603.11,,,,,,,,,,,,,2164090.05,,,,,,,,,,,,,4511272,,,,,,,,,,,,,,,,
2010-09-02,,,,,,,,,,1267.0599,,,,,,,,,,,,,604.05,,,,,,,,,,,,,2148441.77,,,,,,,,,,,,,4532144,,,,,,,,,,,,,,,,
2010-09-03,,,,,,,,,,1269.6262,,,,,,,,,,,,,601.42,,,,,,,,,,,,,2132505.58,,,,,,,,,,,,,4577693,,,,,,,,,,,,,,,,
2010-09-04,,,,,,,,,,1268.4437,,,,,,,,,,,,,,,,,,,,,,,,,,2116213.23,,,,,,,,,,,,,,,,,,,,,,,,,,,,,
2010-09-05,,,,,318815,3472,91.82459677419355,,,1266.6899,,,,,,,,,,,,,,,,,,,,,336239.29,3943,85.27499112351002,,,2108936.06,,,,,,,,,,,,,4515896,,,,,,,,,,,,,,,,
2010-09-06,,,,,,,,,,1263.4076,,,,,,,,,,,,,600.89,,,,,,,,,,,,,2101779.94,,,,,,,,,,,,,4556651,,,,,,,,,,,,,,,,
2010-09-07,,,,,,,,,,1260.0704,,,,,,,,,,,,,600.49,,,,,,,,,,,,,2214235.32,,,,,,,,,,,,,4530327,,,,,,,,,,,,,,,,
2010-09-08,,,,,,,,,,1252.3633,,,,,,,,,,,,,600.19,,,,,,,,,,,,,2219157.34,,,,,,,,,,,,,4501266,,,,,,,,,,,,,,,,
2010-09-09,,,,,,,,,,1236.3658,,,,,,,,,,,,,605.87,,,,,,,,,,,,,2179786.69,,,,,,,,,,,,,4507785,,,,,,,,,,,,,,,,
2010-09-10,,,,,,,,,,1248.9121,,,,,,,,,,,,,608.18,,,,,,,,,,,,,2170535.48,,,,,,,,,,,,,4485680,,,,,,,,,,,,,,,,
2010-09-11,,,,,,,,,,1244.3516,,,,,,,,,,,,,611.66,,,,,,,,,,,,,2152703.18,,,,,,,,,,,,,4434654,,,,,,,,,,,,,,,,
2010-09-12,,,,,331733,3610,91.89279778393352,,,1243.2201,,,,,,,,,,,,,611.66,,,,,,,,152838.47,1794,85.1942419175028,,,2147027.37,,,,,,,,,,,,,4401304,,,,,,,,,,,,,,,,
2010-09-13,,,,,,,,,,1238.9987,,,,,,,,,,,,,609.58,,,,,,,,,,,,,2206369.71,,,,,,,,,,,,,4452837,,,,,,,,,,,,,,,,
2010-09-14,,,,,,,,,,1235.8442,,,,,,,,,,,,,611.26,,,,,,,,,,,,,2329689.58,,,,,,,,,,,,,4422270,,,,,,,,,,,,,,,,
2010-09-15,,,,,,,,,,1241.9115,,,,,,,,,,,,,623.46,,,,,,,,,,,,,2318410.93,,,,,,,,,,,,,4470418,,,,,,,,,,,,,,,,
2010-09-16,,,,,,,,,,1239.7081,,,,,,,,,,,,,623.85,,,,,,,,,,,,,2308875.64,,,,,,,,,,,,,4547892,,,,,,,,,,,,,,,,
2010-09-17,,,,,,,,,,1237.1053,,,,,,,,,,,,,624.78,,,,,,,,,,,,,2370451.08,,,,,,,,,,,,,4660186,,,,,,,,,,,,,,,,
2010-09-18,,,,,,,,,,1236.5189,,,,,,,,,,,,,621.81,,,,,,,,,,,,,2348181.58,,,,,,,,,,,,,4609462,,,,,,,,,,,,,,,,
2010-09-19,,,,,394827,4253,92.83494004232307,,,1235.3777,,,,,,,,,,,,,617.79,,,,,,,,236414.67,2773,85.25592138478183,,,2327748.06,,,,,,,,,,,,,4882240,,,,,,,,,,,,,,,,
2010-09-20,,,,,,,,,,1233.5966,,,,,,,,,,,,,617.74,,,,,,,,,,,,,2356383.07,,,,,,,,,,,,,4908432,,,,,,,,,,,,,,,,
2010-09-21,,,,,,,,,,1259.6771,,,,,,,,,,,,,632.73,,,,,,,,,,,,,2508012.51,,,,,,,,,,,,,5153631,,,,,,,,,,,,,,,,
2010-09-22,,,,,,,,,,1263.6704,,,,,,,,,,,,,641.49,,,,,,,,,,,,,2489710.97,,,,,,,,,,,,,5128787,,,,,,,,,,,,,,,,
2010-09-23,,,,,,,,,,1282.8867,,,,,,,,,,,,,638.68,,,,,,,,,,,,,2489684.54,,,,,,,,,,,,,5090430,,,,,,,,,,,,,,,,
2010-09-24,,,,,,,,,,1280.4422,,,,,,,,,,,,,635.56,,,,,,,,,,,,,2469592.46,,,,,,,,,,,,,5055924,,,,,,,,,,,,,,,,
2010-09-25,,,,,,,,,,1277.9407,,,,,,,,,,,,,629.41,,,,,,,,,,,,,2602916.6,,,,,,,,,,,,,5023787,,,,,,,,,,,,,,,,
2010-09-26,,,,,299853,3226,92.94885306881586,,,1270.931,,,,,,,,,,,,,628.7,,,,,,,,169548.41,2043,82.98992168379833,,,2662810.14,,,,,,,,,,,,,5197710,,,,,,,,,,,,,,,,
2010-09-27,,,,,,,,,,1262.6655,,,,,,,,,,,,,647.05,,,,,,,,,,,,,2628154.92,,,,,,,,,,,,,5175097,,,,,,,,,,,,,,,,
2010-09-28,,,,,,,,,,1260.7989,,,,,,,,,,,,,653.13,,,,,,,,,,,,,2564880.95,,,,,,,,,,,,,5211084,,,,,,,,,,,,,,,,
2010-09-29,,,,,,,,,,1272.5273,,,,,,,,,,,,,650.47,,,,,,,,,,,,,2575376.02,,,,,,,,,,,,,5376667,,,,,,,,,,,,,,,,
2010-09-30,420,,,,,,,140.5656,2.7,1271.4856,,23.7331,95.4509,236.8268,,,,,,,129.583,2.25,649.36,,498.6561,289.3868,309.3447,,,,,,,118.536,2.7,2567127.35,,49.328,0,278.677,,,,64.9623,,,117.9744,3.19,6111213,139.59,208.3353,109.9051,,,10.9,,3.87,5.03,,,104.5,3.6,0.6,6.7,
2010-10-01,,,,,,,,,,1285.7319,,,,,,,,,,,,,647.96,,,,,,,,,,,,,2514599.55,,,,,,,,,,,,,6078187,,,,,,,,,,,,,,,,
2010-10-02,,,,,,,,,,1299.082,,,,,,,,,,,,,648.09,,,,,,,,,,,,,2496927.04,,,,,,,,,,,,,6054331,,,,,,,,,,,,,,,,
2010-10-03,,,,,351306,3822,91.91679748822607,,,1297.7661,,,,,,,,,,,,,648.24,,,,,,,,230701.38,2757,83.67841131664854,,,2480475.51,,,,,,,,,,,,,6024330,,,,,,,,,,,,,,,,
2010-10-04,,,,,,,,,,1296.1207,,,,,,,,,,,,,642.86,,,,,,,,,,,,,2470244.02,,,,,,,,,,,,,5993918,,,,,,,,,,,,,,,,
2010-10-05,,,,,,,,,,1294.8034,,,,,,,,,,,,,638.8,,,,,,,,,,,,,2457881.7,,,,,,,,,,,,,5959781,,,,,,,,,,,,,,,,
2010-10-06,,,,,,,,,,1293.0718,,,,,,,,,,,,,635.42,,,,,,,,,,,,,2446324.38,,,,,,,,,,,,,5924658,,,,,,,,,,,,,,,,
2010-10-07,,,,,,,,,,1290.5831,,,,,,,,,,,,,631.17,,,,,,,,,,,,,2427126.52,,,,,,,,,,,,,5887514,,,,,,,,,,,,,,,,
2010-10-08,,,,,,,,,,1286.8901,,,,,,,,,,,,,622.52,,,,,,,,,,,,,2410825.34,,,,,,,,,,,,,5796362,,,,,,,,,,,,,,,,
2010-10-09,,,,,,,,,,1278.4382,,,,,,,,,,,,,633.99,,,,,,,,,,,,,2401980.6,,,,,,,,,,,,,5684486,,,,,,,,,,,,,,,,
2010-10-10,,,,,166489,1796,92.69988864142539,,,1272.8265,,,,,,,,,,,,,622.47,,,,,,,,20587.4,251,82.0215139442231,,,2397082.08,,,,,,,,,,,,,5532237,,,,,,,,,,,,,,,,
2010-10-11,,,,,,,,,,1276.4296,,,,,,,,,,,,,616.51,,,,,,,,,,,,,2378072.85,,,,,,,,,,,,,5444804,,,,,,,,,,,,,,,,
2010-10-12,,,,,,,,,,1273.3713,,,,,,,,,,,,,618.65,,,,,,,,,,,,,2380759.07,,,,,,,,,,,,,5351067,,,,,,,,,,,,,,,,
2010-10-13,,,,,,,,,,1267.729,,,,,,,,,,,,,619.09,,,,,,,,,,,,,2372555.58,,,,,,,,,,,,,5324038,,,,,,,,,,,,,,,,
2010-10-14,,,,,,,,,,1264.7125,,,,,,,,,,,,,611.47,,,,,,,,,,,,,2366162.19,,,,,,,,,,,,,5352700,,,,,,,,,,,,,,,,
2010-10-15,,,,,,,,,,1265.1336,,,,,,,,,,,,,609.7,,,,,,,,,,,,,2366210.97,,,,,,,,,,,,,5134429,,,,,,,,,,,,,,,,
2010-10-16,,,,,,,,,,1261.1893,,,,,,,,,,,,,618.24,,,,,,,,,,,,,2357614.05,,,,,,,,,,,,,5065715,,,,,,,,,,,,,,,,
2010-10-17,,,,,363220,3958,91.76856998484082,,,1270.6385,,,,,,,,,,,,,613.71,,,,,,,,99888.68,1214,82.28062602965403,,,2349263.12,,,,,,,,,,,,,5031981,,,,,,,,,,,,,,,,
2010-10-18,,,,,,,,,,1268.2792,,,,,,,,,,,,,612.04,,,,,,,,,,,,,2343922.1,,,,,,,,,,,,,4999555,,,,,,,,,,,,,,,,
2010-10-19,,,,,,,,,,1265.5354,,,,,,,,,,,,,612.35,,,,,,,,,,,,,2332915.08,,,,,,,,,,,,,4956365,,,,,,,,,,,,,,,,
2010-10-20,,,,,,,,,,1264.1496,,,,,,,,,,,,,611.49,,,,,,,,,,,,,2476642.44,,,,,,,,,,,,,4935956,,,,,,,,,,,,,,,,
2010-10-21,,,,,,,,,,1261.8425,,,,,,,,,,,,,609.24,,,,,,,,,,,,,2490573.01,,,,,,,,,,,,,4914738,,,,,,,,,,,,,,,,
2010-10-22,,,,,,,,,,1258.7502,,,,,,,,,,,,,612.18,,,,,,,,,,,,,2482307.03,,,,,,,,,,,,,4957718,,,,,,,,,,,,,,,,
2010-10-23,,,,,,,,,,1279.301,,,,,,,,,,,,,608.15,,,,,,,,,,,,,2470029.01,,,,,,,,,,,,,4913535,,,,,,,,,,,,,,,,
2010-10-24,,,,,367968,3915,93.98927203065134,,,1286.9458,,,,,,,,,,,,,605.55,,,,,,,,182048.21,2123,85.75045219029676,,,2462757.1,,,,,,,,,,,,,4888117,,,,,,,,,,,,,,,,
2010-10-25,,,,,,,,,,1285.56,,,,,,,,,,,,,603.98,,,,,,,,,,,,,2435317.8,,,,,,,,,,,,,4864636,,,,,,,,,,,,,,,,
2010-10-26,,,,,,,,,,1282.5502,,,,,,,,,,,,,604.62,,,,,,,,,,,,,2388442.03,,,,,,,,,,,,,4839536,,,,,,,,,,,,,,,,
2010-10-27,,,,,,,,,,1279.6701,,,,,,,,,,,,,608.8,,,,,,,,,,,,,,,,,,,,,,,,,,4816000,,,,,,,,,,,,,,,,
2010-10-28,,,,,,,,,,1277.3748,,,,,,,,,,,,,612.02,,,,,,,,,,,,,1836231.26,,,,,,,,,,,,,4799987,,,,,,,,,,,,,,,,
2010-10-29,,,,,,,,,,1275.566,,,,,,,,,,,,,614.77,,,,,,,,,,,,,1826587.93,,,,,,,,,,,,,4923014,,,,,,,,,,,,,,,,
2010-10-30,,,,,,,,,,1271.6629,,,,,,,,,,,,,615.08,,,,,,,,,,,,,1810423.8,,,,,,,,,,,,,4895366,,,,,,,,,,,,,,,,
2010-10-31,430,,,,423233,4466,94.76780116435289,140,2.66,1269.3393,,245.0451,0,240,,,,,,,131,2.24,613.41,,64.2636,460.2583,312,,,,404314.41,4826,83.7783692498964,119,2.69,1803209.16,,11.795,49.328,285,,,,62.96,,,119,3.14,4875620,110.95,105.7961,164.551,,,,,4.05,,,,104.1,4.4,0.7,6.7,
2010-11-01,,,,,,,,,,1266.3256,,,,,,,,,,,,,607.78,,,,,,,,,,,,,1767923.24,,,,,,,,,,,,,4846024,,,,,,,,,,,,,,,,
2010-11-02,,,,,,,,,,1262.852,,,,,,,,,,,,,609.66,,,,,,,,,,,,,1760745.27,,,,,,,,,,,,,4835569,,,,,,,,,,,,,,,,
2010-11-03,,,,,,,,,,1261.7143,,,,,,,,,,,,,618.43,,,,,,,,,,,,,1786798.7,,,,,,,,,,,,,4822621,,,,,,,,,,,,,,,,
2010-11-04,,,,,,,,,,1258.0634,,,,,,,,,,,,,621.01,,,,,,,,,,,,,1782427.72,,,,,,,,,,,,,4836517,,,,,,,,,,,,,,,,
2010-11-05,,,,,,,,,,1262.1072,,,,,,,,,,,,,628.18,,,,,,,,,,,,,1819854.18,,,,,,,,,,,,,4815849,,,,,,,,,,,,,,,,
2010-11-06,,,,,,,,,,1256.3103,,,,,,,,,,,,,633.83,,,,,,,,,,,,,1759872.61,,,,,,,,,,,,,4796323,,,,,,,,,,,,,,,,
2010-11-07,,,,,314383,3295,95.41213960546283,,,1257.0428,,,,,,,,,,,,,631.3,,,,,,,,143118.48,1704,83.98971830985916,,,1754441.39,,,,,,,,,,,,,4783324,,,,,,,,,,,,,,,,
2010-11-08,,,,,,,,,,1252.1706,,,,,,,,,,,,,630.45,,,,,,,,,,,,,1752023.08,,,,,,,,,,,,,4771436,,,,,,,,,,,,,,,,
2010-11-09,,,,,,,,,,1248.1195,,,,,,,,,,,,,633.42,,,,,,,,,,,,,1806527.22,,,,,,,,,,,,,4780360,,,,,,,,,,,,,,,,
2010-11-10,,,,,,,,,,1252.8754,,,,,,,,,,,,,631.18,,,,,,,,,,,,,1824440.23,,,,,,,,,,,,,4749008,,,,,,,,,,,,,,,,
2010-11-11,,,,,,,,,,1246.1634,,,,,,,,,,,,,628.77,,,,,,,,,,,,,1823860.95,,,,,,,,,,,,,4794981,,,,,,,,,,,,,,,,
2010-11-12,,,,,,,,,,1238.0809,,,,,,,,,,,,,625.69,,,,,,,,,,,,,1888747.48,,,,,,,,,,,,,4777577,,,,,,,,,,,,,,,,
2010-11-13,,,,,,,,,,1238.4452,,,,,,,,,,,,,618.88,,,,,,,,,,,,,1878789.58,,,,,,,,,,,,,4760186,,,,,,,,,,,,,,,,
2010-11-14,,,,,317495,3429,92.59113444152814,,,1236.0921,,,,,,,,,,,,,612.56,,,,,,,,159816.64,1918,83.324629822732,,,1828242.15,,,,,,,,,,,,,4750818,,,,,,,,,,,,,,,,
2010-11-15,,,,,,,,,,1234.2318,,,,,,,,,,,,,610.24,,,,,,,,,,,,,1816524.85,,,,,,,,,,,,,4831282,,,,,,,,,,,,,,,,
2010-11-16,,,,,,,,,,1230.372,,,,,,,,,,,,,611.99,,,,,,,,,,,,,1878420.18,,,,,,,,,,,,,4818212,,,,,,,,,,,,,,,,
2010-11-17,,,,,,,,,,1231.8037,,,,,,,,,,,,,611.06,,,,,,,,,,,,,1801531.53,,,,,,,,,,,,,4820915,,,,,,,,,,,,,,,,
2010-11-18,,,,,,,,,,1236.1208,,,,,,,,,,,,,614.43,,,,,,,,,,,,,1887413.44,,,,,,,,,,,,,4816888,,,,,,,,,,,,,,,,
2010-11-19,,,,,,,,,,1240.6434,,,,,,,,,,,,,619.46,,,,,,,,,,,,,1893869.71,,,,,,,,,,,,,4808015,,,,,,,,,,,,,,,,
2010-11-20,,,,,,,,,,1245.0498,,,,,,,,,,,,,620.37,,,,,,,,,,,,,1888332.32,,,,,,,,,,,,,4786545,,,,,,,,,,,,,,,,
2010-11-21,,,,,336112,3651,92.06025746370857,,,1253.8253,,,,,,,,,,,,,617.72,,,,,,,,145367.29,1768,82.22131787330316,,,1882830.88,,,,,,,,,,,,,4768071,,,,,,,,,,,,,,,,
2010-11-22,,,,,,,,,,1252.1134,,,,,,,,,,,,,616.78,,,,,,,,,,,,,1916780.95,,,,,,,,,,,,,4758505,,,,,,,,,,,,,,,,
2010-11-23,,,,,,,,,,1243.4447,,,,,,,,,,,,,620.61,,,,,,,,,,,,,2103424.49,,,,,,,,,,,,,4745060,,,,,,,,,,,,,,,,
2010-11-24,,,,,,,,,,1235.9629,,,,,,,,,,,,,629.12,,,,,,,,,,,,,2142580.55,,,,,,,,,,,,,4727818,,,,,,,,,,,,,,,,
2010-11-25,,,,,,,,,,1244.011,,,,,,,,,,,,,627.8,,,,,,,,,,,,,2140836.48,,,,,,,,,,,,,4680489,,,,,,,,,,,,,,,,
2010-11-26,,,,,,,,,,,,,,,,,,,,,,,633.39,,,,,,,,,,,,,2193385.37,,,,,,,,,,,,,4664649,,,,,,,,,,,,,,,,
2010-11-27,,,,,,,,,,1267.2162,,,,,,,,,,,,,630.17,,,,,,,,,,,,,2183255.95,,,,,,,,,,,,,,,,,,,,,,,,,,,,,
2010-11-28,,,,,392693,4241,92.59443527469936,,,1290.6397,,,,,,,,,,,,,625.52,,,,,,,,150978.66,1799,83.92365758754863,,,2176144.27,,,,,,,,,,,,,4633687,,,,,,,,,,,,,,,,
2010-11-29,,,,,,,,,,1289.8334,,,,,,,,,,,,,624.94,,,,,,,,,,,,,2166141.48,,,,,,,,,,,,,4660673,,,,,,,,,,,,,,,,
2010-11-30,433,,,,,,,140,2.67,1293.0206,,464.2109,254.972,242,,,,,,,131,2.23,630.75,,89.9172,0,312,,,,,,,119,2.67,2153752.06,,14.97,11.795,292,,,,75.07,,,121,3.1,4662596,34.38,52.8933,168.0961,,,,,4.05,,,,103.10000000000001,5.1,1.1,6.6,
2010-12-01,,,,,,,,,,1298.6366,,,,,,,,,,,,,636.31,,,,,,,,,,,,,2175096.47,,,,,,,,,,,,,4655230,,,,,,,,,,,,,,,,
2010-12-02,,,,,,,,,,1327.2704,,,,,,,,,,,,,643.9,,,,,,,,,,,,,2160911.89,,,,,,,,,,,,,4766115,,,,,,,,,,,,,,,,
2010-12-03,,,,,,,,,,1330.8987,,,,,,,,,,,,,647.32,,,,,,,,,,,,,2166510.07,,,,,,,,,,,,,4744173,,,,,,,,,,,,,,,,
2010-12-04,,,,,,,,,,1329.8962,,,,,,,,,,,,,641.19,,,,,,,,,,,,,2156715.17,,,,,,,,,,,,,4720191,,,,,,,,,,,,,,,,
2010-12-05,,,,,409098,4440,92.1391891891892,,,1326.2046,,,,,,,,,,,,,637.58,,,,,,,,141234.66,1707,82.7385237258348,,,2142944.33,,,,,,,,,,,,,4703599,,,,,,,,,,,,,,,,
2010-12-06,,,,,,,,,,1321.3231,,,,,,,,,,,,,634.57,,,,,,,,,,,,,2186188.3,,,,,,,,,,,,,4801662,,,,,,,,,,,,,,,,
2010-12-07,,,,,,,,,,1315.6891,,,,,,,,,,,,,637.95,,,,,,,,,,,,,2224960.24,,,,,,,,,,,,,4789952,,,,,,,,,,,,,,,,
2010-12-08,,,,,,,,,,1312.0494,,,,,,,,,,,,,637.87,,,,,,,,,,,,,2268455.42,,,,,,,,,,,,,4803035,,,,,,,,,,,,,,,,
2010-12-09,,,,,,,,,,1308.8173,,,,,,,,,,,,,637.73,,,,,,,,,,,,,2301033.64,,,,,,,,,,,,,4861724,,,,,,,,,,,,,,,,
2010-12-10,,,,,,,,,,1320.7574,,,,,,,,,,,,,639.08,,,,,,,,,,,,,2352545.1,,,,,,,,,,,,,4878623,,,,,,,,,,,,,,,,
2010-12-11,,,,,,,,,,1334.9759,,,,,,,,,,,,,643.84,,,,,,,,,,,,,2332026.71,,,,,,,,,,,,,4844312,,,,,,,,,,,,,,,,
2010-12-12,,,,,378817,4142,91.45750845002414,,,1337.3023,,,,,,,,,,,,,642.14,,,,,,,,168156.6,1894,88.78384371700106,,,2319912.51,,,,,,,,,,,,,4823342,,,,,,,,,,,,,,,,
2010-12-13,,,,,,,,,,1331.3508,,,,,,,,,,,,,639.39,,,,,,,,,,,,,2245553.02,,,,,,,,,,,,,4809145,,,,,,,,,,,,,,,,
2010-12-14,,,,,,,,,,1327.7439,,,,,,,,,,,,,639.22,,,,,,,,,,,,,2233310.46,,,,,,,,,,,,,4850844,,,,,,,,,,,,,,,,
2010-12-15,,,,,,,,,,1349.4619,,,,,,,,,,,,,639.73,,,,,,,,,,,,,2293629.24,,,,,,,,,,,,,,,,,,,,,,,,,,,,,
2010-12-16,,,,,,,,,,1347.1904,,,,,,,,,,,,,642.65,,,,,,,,,,,,,2323724.26,,,,,,,,,,,,,4851884,,,,,,,,,,,,,,,,
2010-12-17,,,,,,,,,,1340.9851,,,,,,,,,,,,,648.88,,,,,,,,,,,,,2311356.62,,,,,,,,,,,,,4868593,,,,,,,,,,,,,,,,
2010-12-18,,,,,,,,,,1348.7001,,,,,,,,,,,,,654.41,,,,,,,,,,,,,2298449.98,,,,,,,,,,,,,4846648,,,,,,,,,,,,,,,,
2010-12-19,,,,,503661,4731,106.45973367152821,,,1361.0292,,,,,,,,,,,,,649.46,,,,,,,,170146.25,2025,84.02283950617284,,,2258950.26,,,,,,,,,,,,,4829724,,,,,,,,,,,,,,,,
2010-12-20,,,,,,,,,,1354.3544,,,,,,,,,,,,,645.97,,,,,,,,,,,,,2298665.17,,,,,,,,,,,,,4853997,,,,,,,,,,,,,,,,
2010-12-21,,,,,,,,,,1351.2145,,,,,,,,,,,,,649.24,,,,,,,,,,,,,2446943.44,,,,,,,,,,,,,4855781,,,,,,,,,,,,,,,,
2010-12-22,,,,,,,,,,1353.5166,,,,,,,,,,,,,656.92,,,,,,,,,,,,,2461774.53,,,,,,,,,,,,,4831457,,,,,,,,,,,,,,,,
2010-12-23,,,,,,,,,,1350.203,,,,,,,,,,,,,657.61,,,,,,,,,,,,,2472068.84,,,,,,,,,,,,,4826160,,,,,,,,,,,,,,,,
2010-12-24,,,,,,,,,,1348.4337,,,,,,,,,,,,,660.5,,,,,,,,,,,,,2448227.54,,,,,,,,,,,,,4875651,,,,,,,,,,,,,,,,
2010-12-25,,,,,,,,,,1343.1575,,,,,,,,,,,,,657.68,,,,,,,,,,,,,2413575.48,,,,,,,,,,,,,4843030,,,,,,,,,,,,,,,,
2010-12-26,,,,,486600,5370,90.6145251396648,,,1339.9547,,,,,,,,,,,,,652,,,,,,,,178415.55,2123,84.03935468676401,,,2405340.92,,,,,,,,,,,,,4821021,,,,,,,,,,,,,,,,
2010-12-27,,,,,,,,,,1332.3076,,,,,,,,,,,,,641.9,,,,,,,,,,,,,2483284.93,,,,,,,,,,,,,4882290,,,,,,,,,,,,,,,,
2010-12-28,,,,,,,,,,1325.8082,,,,,,,,,,,,,656.3,,,,,,,,,,,,,2469537.15,,,,,,,,,,,,,4901137,,,,,,,,,,,,,,,,
2010-12-29,,,,,,,,,,1319.7979,,,,,,,,,,,,,654.36,,,,,,,,,,,,,2444687.11,,,,,,,,,,,,,4848883,,,,,,,,,,,,,,,,
2010-12-30,,,,,,,,,,1312.4714,,,,,,,,,,,,,644.96,,,,,,,,,,,,,2434911.71,,,,,,,,,,,,,4985118,,,,,,,,,,,,,,,,
2010-12-31,446,,,,,,,141,2.6,1303.724,,109.4378,489.1853,246,,,,,,,132,2.21,641.96,,227.554,153.8798,317,,,,,,,118,2.63,2443215.61,,37.01,51.98,301,,,,71.75,,,122,3.04,5043405,48.92,27.38,52.8933,,,11,,4.3,5.34,,,100.60000000000001,4.6,0.5,6.8,
2011-01-01,,,,,,,,,,1299.0758,,,,,,,,,,,,,,,,,,,,,,,,,,2437935.51,,,,,,,,,,,,,5023291,,,,,,,,,,,,,,,,
2011-01-02,,,,,509962,5611,90.8861165567635,,,1294.6189,,,,,,,,,,,,,,,,,,,,,219514.84,2566,85.5474824629774,,,2432583.68,,,,,,,,,,,,,5010392,,,,,,,,,,,,,,,,
2011-01-03,,,,,,,,,,1291.731,,,,,,,,,,,,,640.81,,,,,,,,,,,,,2422824.47,,,,,,,,,,,,,4999036,,,,,,,,,,,,,,,,
2011-01-04,,,,,,,,,,1287.5731,,,,,,,,,,,,,637.83,,,,,,,,,,,,,2420393.77,,,,,,,,,,,,,5044041,,,,,,,,,,,,,,,,
2011-01-05,,,,,,,,,,1285.0277,,,,,,,,,,,,,634.1,,,,,,,,,,,,,2528948.98,,,,,,,,,,,,,5030851,,,,,,,,,,,,,,,,
2011-01-06,,,,,,,,,,1280.7174,,,,,,,,,,,,,635.28,,,,,,,,,,,,,2521513.12,,,,,,,,,,,,,4997016,,,,,,,,,,,,,,,,
2011-01-07,,,,,,,,,,1278.425,,,,,,,,,,,,,642.02,,,,,,,,,,,,,2566723.68,,,,,,,,,,,,,4942355,,,,,,,,,,,,,,,,
2011-01-08,,,,,,,,,,1283.2164,,,,,,,,,,,,,641.57,,,,,,,,,,,,,2559889.89,,,,,,,,,,,,,4894058,,,,,,,,,,,,,,,,
2011-01-09,,,,,361940,3922,92.28454869964304,,,1279.3536,,,,,,,,,,,,,637.39,,,,,,,,109984.24,1329,82.75714070729872,,,2543373.86,,,,,,,,,,,,,4869897,,,,,,,,,,,,,,,,
2011-01-10,,,,50.4,,,,,,1274.4597,,,,,,,58.2,,,,,,633.41,,,,,,,66.2,,,,,,2534705.47,,,,,,,64.3,,,,,,4852774,,,,,,,,,,,,,,,,
2011-01-11,,,,,,,,,,1269.163,,,,,,,,,,,,,633.12,,,,,,,,,,,,,2525810.96,,,,,,,,,,,,,4835744,,,,,,,,,,,,,,,,
2011-01-12,,,,,,,,,,1266.7592,,,,,,,,,,,,,629.78,,,,,,,,,,,,,2541656.93,,,,,,,,,,,,,4794115,,,,,,,,,,,,,,,,
2011-01-13,,,,,,,,,,1269.1128,,,,,,,,,,,,,628.95,,,,,,,,,,,,,2617106.19,,,,,,,,,,,,,4783330,,,,,,,,,,,,,,,,
2011-01-14,,,,,,,,,,1268.9172,,,,,,,,,,,,,627.21,,,,,,,,,,,,,2603247.48,,,,,,,,,,,,,4751512,,,,,,,,,,,,,,,,
2011-01-15,,,,,,,,,,1268.1989,,,,,,,,,,,,,619.86,,,,,,,,,,,,,,,,,,,,,,,,,,4719493,,,,,,,,,,,,,,,,
2011-01-16,,,,,506508,5577,90.82087143625606,,,1268.0627,,,,,,,,,,,,,617.05,,,,,,,,209540.89,2527,82.92081123862287,,,2563669.54,,,,,,,,,,,,,4697054,,,,,,,,,,,,,,,,
2011-01-17,,,,58.5,,,,,,1266.6998,,,,,,,56.8,,,,,,615.15,,,,,,,64.7,,,,,,2570420.79,,,,,,,64.9,,,,,,4702432,,,,,,,,,,,,,,,,
2011-01-18,,,,,,,,,,1263.2124,,,,,,,,,,,,,613.22,,,,,,,,,,,,,2547503.19,,,,,,,,,,,,,4686882,,,,,,,,,,,,,,,,
2011-01-19,,,,,,,,,,1256.5038,,,,,,,,,,,,,609.34,,,,,,,,,,,,,2519322.1,,,,,,,,,,,,,4690877,,,,,,,,,,,,,,,,
2011-01-20,,,,,,,,,,1256.0695,,,,,,,,,,,,,608.7,,,,,,,,,,,,,2506705.33,,,,,,,,,,,,,4930323,,,,,,,,,,,,,,,,
2011-01-21,,,,,,,,,,1246.9428,,,,,,,,,,,,,610.01,,,,,,,,,,,,,2493798.49,,,,,,,,,,,,,4909843,,,,,,,,,,,,,,,,
2011-01-22,,,,,,,,,,1242.0719,,,,,,,,,,,,,609.27,,,,,,,,,,,,,,,,,,,,,,,,,,4909843,,,,,,,,,,,,,,,,
2011-01-23,,,,,529542,5813,91.09616377085842,,,1238.4428,,,,,,,,,,,,,606.89,,,,,,,,231216.25,2766,83.59228127259581,,,2473511.83,,,,,,,,,,,,,4842043,,,,,,,,,,,,,,,,
2011-01-24,,,,53.5,,,,,,1233.354,,,,,,,59.1,,,,,,604.74,,,,,,,62,,,,,,2442981.39,,,,,,,61.7,,,,,,4818283,,,,,,,,,,,,,,,,
2011-01-25,,,,,,,,,,1230.4967,,,,,,,,,,,,,604.09,,,,,,,,,,,,,2448941.02,,,,,,,,,,,,,4887238,,,,,,,,,,,,,,,,
2011-01-26,,,,,,,,,,1228.8739,,,,,,,,,,,,,611.72,,,,,,,,,,,,,2461517.49,,,,,,,,,,,,,4878564,,,,,,,,,,,,,,,,
2011-01-27,,,,,,,,,,1222.9203,,,,,,,,,,,,,610.64,,,,,,,,,,,,,2455123.84,,,,,,,,,,,,,4947971,,,,,,,,,,,,,,,,
2011-01-28,,,,,,,,,,1222.3853,,,,,,,,,,,,,614.48,,,,,,,,,,,,,2469206.11,,,,,,,,,,,,,4954264,,,,,,,,,,,,,,,,
2011-01-29,,,,,,,,,,1216.9898,,,,,,,,,,,,,614.33,,,,,,,,,,,,,2464621.22,,,,,,,,,,,,,4917237,,,,,,,,,,,,,,,,
2011-01-30,,,,,724799,7673,94.46096702723837,,,1213.5824,,,,,,,,,,,,,612.87,,,,,,,,239727.23,2832,84.64944562146893,,,2462168.67,,,,,,,,,,,,,4919102,,,,,,,,,,,,,,,,
2011-01-31,460,,,61.9,,,,144,2.55,1210.9129,,20.6529,54.6687,257,,,56.9,,,,133,2.13,615.94,,191.0702,236.9024,326,,,61.3,,,,119,2.56,2477296.91,,0,0,313,,,66.3,89.44,,,123,2.96,4918710,77.93,20.7323,27.38,,,,,4.3,,,,100,4.9,1,7.1,0.7
2011-02-01,,,,,,,,,,,,,,,,,,,,,,,617.47,,,,,,,,,,,,,2476629.83,,,,,,,,,,,,,5038257,,,,,,,,,,,,,,,,
2011-02-02,,,,,,,,,,,,,,,,,,,,,,,618.86,,,,,,,,,,,,,,,,,,,,,,,,,,5036955,,,,,,,,,,,,,,,,
2011-02-03,,,,,,,,,,,,,,,,,,,,,,,619.15,,,,,,,,,,,,,,,,,,,,,,,,,,5036777,,,,,,,,,,,,,,,,
2011-02-04,,,,,,,,,,,,,,,,,,,,,,,619.34,,,,,,,,,,,,,,,,,,,,,,,,,,5036084,,,,,,,,,,,,,,,,
2011-02-05,,,,,,,,,,,,,,,,,,,,,,,619.46,,,,,,,,,,,,,2476315.51,,,,,,,,,,,,,5035602,,,,,,,,,,,,,,,,
2011-02-06,,,,,54505,511,106.66340508806262,,,,,,,,,,,,,,,,619.51,,,,,,,,28449.87,317,89.7472239747634,,,2475849.55,,,,,,,,,,,,,5033990,,,,,,,,,,,,,,,,
2011-02-07,,,,63,,,,,,,,,,,,,59.1,,,,,,619.46,,,,,,,50,,,,,,2475270.27,,,,,,,77.8,,,,,,5031836,,,,,,,,,,,,,,,,
2011-02-08,,,,,,,,,,,,,,,,,,,,,,,619.28,,,,,,,,,,,,,2474780.26,,,,,,,,,,,,,5026485,,,,,,,,,,,,,,,,
2011-02-09,,,,,,,,,,1212.675,,,,,,,,,,,,,619.67,,,,,,,,,,,,,2378237.61,,,,,,,,,,,,,5020801,,,,,,,,,,,,,,,,
2011-02-10,,,,,,,,,,1211.4201,,,,,,,,,,,,,621.09,,,,,,,,,,,,,2374715.64,,,,,,,,,,,,,5008439,,,,,,,,,,,,,,,,
2011-02-11,,,,,,,,,,1207.9839,,,,,,,,,,,,,626.26,,,,,,,,,,,,,2361770.66,,,,,,,,,,,,,4988484,,,,,,,,,,,,,,,,
2011-02-12,,,,,,,,,,1205.3584,,,,,,,,,,,,,625.5,,,,,,,,,,,,,2335817.96,,,,,,,,,,,,,4971437,,,,,,,,,,,,,,,,
2011-02-13,,,,,294492,3110,94.691961414791,,,1202.6845,,,,,,,,,,,,,624.54,,,,,,,,37424.27,457,81.89118161925602,,,2315807.15,,,,,,,,,,,,,4951689,,,,,,,,,,,,,,,,
2011-02-14,,,,64.1,,,,,,1200.6706,,,,,,,54.4,,,,,,623.96,,,,,,,57.8,,,,,,2295879.18,,,,,,,64.4,,,,,,4936255,,,,,,,,,,,,,,,,
2011-02-15,,,,,,,,,,1198.5059,,,,,,,,,,,,,634.26,,,,,,,,,,,,,2288848.23,,,,,,,,,,,,,4905594,,,,,,,,,,,,,,,,
2011-02-16,,,,,,,,,,1186.1251,,,,,,,,,,,,,633.98,,,,,,,,,,,,,2276771.75,,,,,,,,,,,,,4879558,,,,,,,,,,,,,,,,
2011-02-17,,,,,,,,,,1185.6062,,,,,,,,,,,,,633.82,,,,,,,,,,,,,2247765.16,,,,,,,,,,,,,4885827,,,,,,,,,,,,,,,,
2011-02-18,,,,,,,,,,1183.5322,,,,,,,,,,,,,633.01,,,,,,,,,,,,,2220929.38,,,,,,,,,,,,,4888664,,,,,,,,,,,,,,,,
2011-02-19,,,,,,,,,,1183.5258,,,,,,,,,,,,,634.67,,,,,,,,,,,,,2215209.63,,,,,,,,,,,,,4851044,,,,,,,,,,,,,,,,
2011-02-20,,,,,391083,4157,94.07818138080346,,,1183.5258,,,,,,,,,,,,,633.26,,,,,,,,72810.79,855,85.15881871345029,,,2211520.59,,,,,,,,,,,,,4831076,,,,,,,,,,,,,,,,
2011-02-21,,,,54.9,,,,,,1183.717,,,,,,,52.8,,,,,,632.86,,,,,,,56.9,,,,,,2203771.7,,,,,,,66.1,,,,,,4851578,,,,,,,,,,,,,,,,
2011-02-22,,,,,,,,,,1181.4123,,,,,,,,,,,,,631.78,,,,,,,,,,,,,2192853.38,,,,,,,,,,,,,4874366,,,,,,,,,,,,,,,,
2011-02-23,,,,,,,,,,1189.6081,,,,,,,,,,,,,631.49,,,,,,,,,,,,,2137706.4,,,,,,,,,,,,,4910512,,,,,,,,,,,,,,,,
2011-02-24,,,,,,,,,,1194.561,,,,,,,,,,,,,631.25,,,,,,,,,,,,,2102405.2,,,,,,,,,,,,,4920512,,,,,,,,,,,,,,,,
2011-02-25,,,,,,,,,,1190.2227,,,,,,,,,,,,,629.58,,,,,,,,,,,,,2159829.57,,,,,,,,,,,,,4929569,,,,,,,,,,,,,,,,
2011-02-26,,,,,,,,,,1197.1339,,,,,,,,,,,,,631.67,,,,,,,,,,,,,2156059.93,,,,,,,,,,,,,4906701,,,,,,,,,,,,,,,,
2011-02-27,,,,,61109,653,93.58192955589587,,,1205.1002,,,,,,,,,,,,,629.59,,,,,,,,123191.43,1431,86.08765199161425,,,2150738.52,,,,,,,,,,,,,4894519,,,,,,,,,,,,,,,,
2011-02-28,457,,,50.7,,,,142,2.56,1203.1365,,0,20.6529,264,,,51.3,,,,135,2.1,626.02,,61.4834,94.8931,334,,,57.2,,,,120,2.52,2144067.73,,0,0,321,,,59.1,55.82,,,124,2.91,4922620,31.84,18.6589,0,,,,,4.5,,,,99.6,4.944,1.235,7.6,1
2011-03-01,,,,,,,,,,1200.5957,,,,,,,,,,,,,628.27,,,,,,,,,,,,,2130127.96,,,,,,,,,,,,,4928477,,,,,,,,,,,,,,,,
2011-03-02,,,,,,,,,,1203.5884,,,,,,,,,,,,,634.07,,,,,,,,,,,,,2116624.34,,,,,,,,,,,,,4932555,,,,,,,,,,,,,,,,
2011-03-03,,,,,,,,,,1204.7662,,,,,,,,,,,,,633.56,,,,,,,,,,,,,2099620.12,,,,,,,,,,,,,4916053,,,,,,,,,,,,,,,,
2011-03-04,,,,,,,,,,1210.7232,,,,,,,,,,,,,632.5,,,,,,,,,,,,,2069012.9,,,,,,,,,,,,,4907093,,,,,,,,,,,,,,,,
2011-03-05,,,,,,,,,,1212.3597,,,,,,,,,,,,,631.6,,,,,,,,,,,,,2038354.2,,,,,,,,,,,,,4884229,,,,,,,,,,,,,,,,
2011-03-06,,,,,226912,2521,90.00872669575566,,,1217.0336,,,,,,,,,,,,,631.16,,,,,,,,176630.34,2105,83.9099002375297,,,2033939.99,,,,,,,,,,,,,,,,,,,,,,,,,,,,,
2011-03-07,,,,45.4,,,,,,1207.0745,,,,,,,48.4,,,,,,630.14,,,,,,,54,,,,,,2018987.64,,,,,,,57.2,,,,,,4869585,,,,,,,,,,,,,,,,
2011-03-08,,,,,,,,,,1206.8119,,,,,,,,,,,,,633.79,,,,,,,,,,,,,2015170.48,,,,,,,,,,,,,4863709,,,,,,,,,,,,,,,,
2011-03-09,,,,,,,,,,1205.9901,,,,,,,,,,,,,634.92,,,,,,,,,,,,,2004827.14,,,,,,,,,,,,,4820429,,,,,,,,,,,,,,,,
2011-03-10,,,,,,,,,,1205.2957,,,,,,,,,,,,,638.56,,,,,,,,,,,,,2004197.05,,,,,,,,,,,,,4814348,,,,,,,,,,,,,,,,
2011-03-11,,,,,,,,,,1200.902,,,,,,,,,,,,,639.66,,,,,,,,,,,,,2022192.54,,,,,,,,,,,,,4806567,,,,,,,,,,,,,,,,
2011-03-12,,,,,,,,,,1198.6263,,,,,,,,,,,,,632.13,,,,,,,,,,,,,2018807.88,,,,,,,,,,,,,4788630,,,,,,,,,,,,,,,,
2011-03-13,,,,,211489,2326,90.92390369733448,,,1209.0238,,,,,,,,,,,,,630.7,,,,,,,,189550.01,2330,81.3519356223176,,,2014640.17,,,,,,,,,,,,,4776799,,,,,,,,,,,,,,,,
2011-03-14,,,,45.5,,,,,,1207.9919,,,,,,,48.4,,,,,,631.75,,,,,,,57,,,,,,2010286.03,,,,,,,59.6,,,,,,4810553,,,,,,,,,,,,,,,,
2011-03-15,,,,,,,,,,1208.9456,,,,,,,,,,,,,633.29,,,,,,,,,,,,,2003629.64,,,,,,,,,,,,,4799348,,,,,,,,,,,,,,,,
2011-03-16,,,,,,,,,,1209.9455,,,,,,,,,,,,,634.38,,,,,,,,,,,,,1991155.91,,,,,,,,,,,,,4804635,,,,,,,,,,,,,,,,
2011-03-17,,,,,,,,,,1211.6018,,,,,,,,,,,,,634.57,,,,,,,,,,,,,2008534.73,,,,,,,,,,,,,4825755,,,,,,,,,,,,,,,,
2011-03-18,,,,,,,,,,1211.5695,,,,,,,,,,,,,652.74,,,,,,,,,,,,,2005458.46,,,,,,,,,,,,,4884175,,,,,,,,,,,,,,,,
2011-03-19,,,,,,,,,,1209.5509,,,,,,,,,,,,,655.4,,,,,,,,,,,,,2002074.07,,,,,,,,,,,,,4868190,,,,,,,,,,,,,,,,
2011-03-20,,,,,235722,2606,90.4535686876439,,,1209.1414,,,,,,,,,,,,,652.27,,,,,,,,170907.07,2041,83.73692797648212,,,1997721.95,,,,,,,,,,,,,4855348,,,,,,,,,,,,,,,,
2011-03-21,,,,44.5,,,,,,1201.0605,,,,,,,50.9,,,,,,651.62,,,,,,,48.3,,,,,,1993063.24,,,,,,,53.2,,,,,,4890326,,,,,,,,,,,,,,,,
2011-03-22,,,,,,,,,,1199.8609,,,,,,,,,,,,,656.2,,,,,,,,,,,,,2015003.33,,,,,,,,,,,,,4878841,,,,,,,,,,,,,,,,
2011-03-23,,,,,,,,,,1202.879,,,,,,,,,,,,,662.4,,,,,,,,,,,,,1980121.67,,,,,,,,,,,,,4865244,,,,,,,,,,,,,,,,
2011-03-24,,,,,,,,,,1202.4694,,,,,,,,,,,,,664.66,,,,,,,,,,,,,1995296.15,,,,,,,,,,,,,4871215,,,,,,,,,,,,,,,,
2011-03-25,,,,,,,,,,1202.2432,,,,,,,,,,,,,666.65,,,,,,,,,,,,,1989592.13,,,,,,,,,,,,,4859926,,,,,,,,,,,,,,,,
2011-03-26,,,,,,,,,,1202.5818,,,,,,,,,,,,,671.22,,,,,,,,,,,,,1983365.31,,,,,,,,,,,,,4843744,,,,,,,,,,,,,,,,
2011-03-27,,,,,193041,2131,90.58704833411544,,,1201.2248,,,,,,,,,,,,,669.55,,,,,,,,156753.6,1892,82.8507399577167,,,1977039.7,,,,,,,,,,,,,4830686,,,,,,,,,,,,,,,,
2011-03-28,,,,32.3,,,,,,1200.8003,,,,,,,49.6,,,,,,668.51,,,,,,,45.4,,,,,,1980778.72,,,,,,,55.9,,,,,,4912486,,,,,,,,,,,,,,,,
2011-03-29,,,,,,,,,,1198.5773,,,,,,,,,,,,,666.68,,,,,,,,,,,,,1981436.16,,,,,,,,,,,,,4865748,,,,,,,,,,,,,,,,
2011-03-30,,,,,,,,,,1207.4476,,,,,,,,,,,,,663.99,,,,,,,,,,,,,1997314.93,,,,,,,,,,,,,4862298,,,,,,,,,,,,,,,,
2011-03-31,458,,,,,,,143,2.56,1204.9784,,120.5035,0,265,,,,,,,136,2.12,666.36,,105.9082,120.3619,337,,,,,,,121,2.53,2004114.95,,23.945,0,328,,,,47.97,,,125,2.87,4884436,20.09,71.9576,39.3912,,,11.8,,4.5,6.17,,,109.3,5.383,-0.207,8,0.6
2011-04-01,,,,,,,,,,1202.979,,,,,,,,,,,,,665.14,,,,,,,,,,,,,1999805.62,,,,,,,,,,,,,4865966,,,,,,,,,,,,,,,,
2011-04-02,,,,,,,,,,1202.8496,,,,,,,,,,,,,670.82,,,,,,,,,,,,,1995900.67,,,,,,,,,,,,,4902453,,,,,,,,,,,,,,,,
2011-04-03,,,,,266381,2806,94.93264433357092,,,1206.5098,,,,,,,,,,,,,668.89,,,,,,,,167311.83,2058,81.29826530612245,,,1985069.64,,,,,,,,,,,,,4880338,,,,,,,,,,,,,,,,
2011-04-04,,,,35.8,,,,,,1205.4436,,,,,,,51.8,,,,,,668.02,,,,,,,46.5,,,,,,1898699.1,,,,,,,57.1,,,,,,4869482,,,,,,,,,,,,,,,,
2011-04-05,,,,,,,,,,1204.9383,,,,,,,,,,,,,666.81,,,,,,,,,,,,,1895169.77,,,,,,,,,,,,,4864228,,,,,,,,,,,,,,,,
2011-04-06,,,,,,,,,,1204.5247,,,,,,,,,,,,,666.31,,,,,,,,,,,,,1874285.67,,,,,,,,,,,,,4830862,,,,,,,,,,,,,,,,
2011-04-07,,,,,,,,,,1201.9515,,,,,,,,,,,,,669.25,,,,,,,,,,,,,1882882.9,,,,,,,,,,,,,4819040,,,,,,,,,,,,,,,,
2011-04-08,,,,,,,,,,1202.7501,,,,,,,,,,,,,672.24,,,,,,,,,,,,,1876822.34,,,,,,,,,,,,,4819040,,,,,,,,,,,,,,,,
2011-04-09,,,,,,,,,,1201.6214,,,,,,,,,,,,,673.33,,,,,,,,,,,,,1866733.31,,,,,,,,,,,,,4772970,,,,,,,,,,,,,,,,
2011-04-10,,,,,125752,1232,102.07142857142857,,,1201.101,,,,,,,,,,,,,670.25,,,,,,,,66185.93,818,80.91189486552567,,,1862604.66,,,,,,,,,,,,,4751682,,,,,,,,,,,,,,,,
2011-04-11,,,,39.4,,,,,,1199.3979,,,,,,,45.7,,,,,,668.6,,,,,,,46.8,,,,,,1893394.45,,,,,,,53.6,,,,,,4737587,,,,,,,,,,,,,,,,
2011-04-12,,,,,,,,,,1199.2522,,,,,,,,,,,,,673.21,,,,,,,,,,,,,1887808.4,,,,,,,,,,,,,4718922,,,,,,,,,,,,,,,,
2011-04-13,,,,,,,,,,1203.3509,,,,,,,,,,,,,672.64,,,,,,,,,,,,,1858925.84,,,,,,,,,,,,,4690288,,,,,,,,,,,,,,,,
2011-04-14,,,,,,,,,,1208.8474,,,,,,,,,,,,,677.98,,,,,,,,,,,,,1942356.3,,,,,,,,,,,,,4705423,,,,,,,,,,,,,,,,
2011-04-15,,,,,,,,,,1228.5374,,,,,,,,,,,,,678.82,,,,,,,,,,,,,1962663.13,,,,,,,,,,,,,4748706,,,,,,,,,,,,,,,,
2011-04-16,,,,,,,,,,1227.1068,,,,,,,,,,,,,676.55,,,,,,,,,,,,,1951514.15,,,,,,,,,,,,,4748706,,,,,,,,,,,,,,,,
2011-04-17,,,,,199645,2171,91.95992630124367,,,1229.4809,,,,,,,,,,,,,674.15,,,,,,,,132643.91,1612,82.28530397022332,,,1947567.34,,,,,,,,,,,,,4711473,,,,,,,,,,,,,,,,
2011-04-18,,,,40.8,,,,,,1226.9594,,,,,,,45.8,,,,,,671.47,,,,,,,46,,,,,,1943593.26,,,,,,,52.6,,,,,,4700369,,,,,,,,,,,,,,,,
2011-04-19,,,,,,,,,,1225.5708,,,,,,,,,,,,,669.82,,,,,,,,,,,,,1893682.83,,,,,,,,,,,,,4720875,,,,,,,,,,,,,,,,
2011-04-20,,,,,,,,,,1229.6615,,,,,,,,,,,,,670.44,,,,,,,,,,,,,1920657.8,,,,,,,,,,,,,4749375,,,,,,,,,,,,,,,,
2011-04-21,,,,,,,,,,1229.331,,,,,,,,,,,,,676.32,,,,,,,,,,,,,1930528.07,,,,,,,,,,,,,4772240,,,,,,,,,,,,,,,,
2011-04-22,,,,,,,,,,1227.636,,,,,,,,,,,,,685.66,,,,,,,,,,,,,1895836.66,,,,,,,,,,,,,5000093,,,,,,,,,,,,,,,,
2011-04-23,,,,,,,,,,1234.1302,,,,,,,,,,,,,696.24,,,,,,,,,,,,,1888182.2,,,,,,,,,,,,,4976616,,,,,,,,,,,,,,,,
2011-04-24,,,,,223630,2437,91.76446450553959,,,1246.1781,,,,,,,,,,,,,693.07,,,,,,,,150404.18,1820,82.63965934065934,,,1883546.36,,,,,,,,,,,,,4963146,,,,,,,,,,,,,,,,
2011-04-25,,,,35.3,,,,,,1243.8802,,,,,,,44.4,,,,,,692.85,,,,,,,38.5,,,,,,1876301.03,,,,,,,50.9,,,,,,4956996,,,,,,,,,,,,,,,,
2011-04-26,,,,,,,,,,1242.1197,,,,,,,,,,,,,692.77,,,,,,,,,,,,,1864614.11,,,,,,,,,,,,,5001002,,,,,,,,,,,,,,,,
2011-04-27,,,,,,,,,,1240.6383,,,,,,,,,,,,,691.04,,,,,,,,,,,,,1796095.23,,,,,,,,,,,,,5014641,,,,,,,,,,,,,,,,
2011-04-28,,,,,,,,,,1231.2399,,,,,,,,,,,,,702.33,,,,,,,,,,,,,1821788.82,,,,,,,,,,,,,5056907,,,,,,,,,,,,,,,,
2011-04-29,,,,,,,,,,1239.4927,,,,,,,,,,,,,718.81,,,,,,,,,,,,,2105102.31,,,,,,,,,,,,,5293947,,,,,,,,,,,,,,,,
2011-04-30,458,,,,,,,143,2.29,1239.5087,,21.3168,36.8662,266,,,,,,,138,2.13,737.27,,73.0377,38.0922,339,,,,,,,122,2.54,2099854.09,,0,0,331,,,,46.97,,,125,2.85,5273397,39.94,17.5962,71.9576,,,,,4.7,,,,107.5,5.344,0.138,7.5,0.2
2011-05-01,,,,,248645,2639,94.21940128836681,,,1246.7824,,,,,,,,,,,,,736.46,,,,,,,,176321.25,2084,84.60712571976967,,,2098605.78,,,,,,,,,,,,,5262577,,,,,,,,,,,,,,,,
2011-05-02,,,,34,,,,,,1244.1974,,,,,,,45.4,,,,,,733.33,,,,,,,36.6,,,,,,2093757.38,,,,,,,53.6,,,,,,5255055,,,,,,,,,,,,,,,,
2011-05-03,,,,,,,,,,1245.7545,,,,,,,,,,,,,732.02,,,,,,,,,,,,,2068728.12,,,,,,,,,,,,,5255494,,,,,,,,,,,,,,,,
2011-05-04,,,,,,,,,,1244.99,,,,,,,,,,,,,731.59,,,,,,,,,,,,,2066880.29,,,,,,,,,,,,,5234139,,,,,,,,,,,,,,,,
2011-05-05,,,,,,,,,,1243.9219,,,,,,,,,,,,,739.98,,,,,,,,,,,,,2066745.07,,,,,,,,,,,,,5204171,,,,,,,,,,,,,,,,
2011-05-06,,,,,,,,,,1242.0703,,,,,,,,,,,,,740.27,,,,,,,,,,,,,2056467.35,,,,,,,,,,,,,5216835,,,,,,,,,,,,,,,,
2011-05-07,,,,,,,,,,1245.279,,,,,,,,,,,,,743.33,,,,,,,,,,,,,2042307.89,,,,,,,,,,,,,5173719,,,,,,,,,,,,,,,,
2011-05-08,,,,,130256,1407,92.57711442786069,,,1246.8277,,,,,,,,,,,,,742.81,,,,,,,,84296.49,959,87.90040667361835,,,2026188.7,,,,,,,,,,,,,5144369,,,,,,,,,,,,,,,,
2011-05-09,,,,30.4,,,,,,1245.0756,,,,,,,44.1,,,,,,740.11,,,,,,,36,,,,,,1996318.21,,,,,,,49.1,,,,,,5102244,,,,,,,,,,,,,,,,
2011-05-10,,,,,,,,,,1242.9643,,,,,,,,,,,,,738.24,,,,,,,,,,,,,2040231.92,,,,,,,,,,,,,5061966,,,,,,,,,,,,,,,,
2011-05-11,,,,,,,,,,1251.0959,,,,,,,,,,,,,741.9,,,,,,,,,,,,,2028402.67,,,,,,,,,,,,,4971223,,,,,,,,,,,,,,,,
2011-05-12,,,,,,,,,,1252.6914,,,,,,,,,,,,,737.81,,,,,,,,,,,,,1995962.11,,,,,,,,,,,,,4971601,,,,,,,,,,,,,,,,
2011-05-13,,,,,,,,,,1251.3159,,,,,,,,,,,,,740.83,,,,,,,,,,,,,2022627.49,,,,,,,,,,,,,4953162,,,,,,,,,,,,,,,,
2011-05-14,,,,,,,,,,1255.6197,,,,,,,,,,,,,731.17,,,,,,,,,,,,,1979849.04,,,,,,,,,,,,,4913867,,,,,,,,,,,,,,,,
2011-05-15,,,,,166090,1807,91.9147758716104,,,1258.3997,,,,,,,,,,,,,728.53,,,,,,,,129976.03,1594,81.54079673776663,,,1973000.57,,,,,,,,,,,,,4884309,,,,,,,,,,,,,,,,
2011-05-16,,,,27.4,,,,,,1255.68,,,,,,,46.5,,,,,,726.69,,,,,,,32.9,,,,,,1974995.02,,,,,,,49.8,,,,,,4854385,,,,,,,,,,,,,,,,
2011-05-17,,,,,,,,,,1252.2686,,,,,,,,,,,,,725.03,,,,,,,,,,,,,1969282.91,,,,,,,,,,,,,4873016,,,,,,,,,,,,,,,,
2011-05-18,,,,,,,,,,1249.3203,,,,,,,,,,,,,724.16,,,,,,,,,,,,,1969636.15,,,,,,,,,,,,,4875461,,,,,,,,,,,,,,,,
2011-05-19,,,,,,,,,,1247.2195,,,,,,,,,,,,,725.4,,,,,,,,,,,,,1993458.14,,,,,,,,,,,,,4827288,,,,,,,,,,,,,,,,
2011-05-20,,,,,,,,,,1246.4039,,,,,,,,,,,,,725.05,,,,,,,,,,,,,2072888.25,,,,,,,,,,,,,4830724,,,,,,,,,,,,,,,,
2011-05-21,,,,,,,,,,1243.1492,,,,,,,,,,,,,727.68,,,,,,,,,,,,,2068745.98,,,,,,,,,,,,,4801782,,,,,,,,,,,,,,,,
2011-05-22,,,,,175383,1905,92.06456692913386,,,1271.004,,,,,,,,,,,,,725.59,,,,,,,,162463.91,1915,84.83755091383811,,,2063651.75,,,,,,,,,,,,,4782013,,,,,,,,,,,,,,,,
2011-05-23,,,,34.4,,,,,,1264.8876,,,,,,,46.3,,,,,,724.73,,,,,,,31.4,,,,,,2083499.53,,,,,,,47.6,,,,,,4767007,,,,,,,,,,,,,,,,
2011-05-24,,,,,,,,,,1261.5989,,,,,,,,,,,,,742.41,,,,,,,,,,,,,2078702.02,,,,,,,,,,,,,4824189,,,,,,,,,,,,,,,,
2011-05-25,,,,,,,,,,1262.4158,,,,,,,,,,,,,759.27,,,,,,,,,,,,,2075255.38,,,,,,,,,,,,,4822810,,,,,,,,,,,,,,,,
2011-05-26,,,,,,,,,,1267.8808,,,,,,,,,,,,,765.77,,,,,,,,,,,,,2099644.08,,,,,,,,,,,,,4905269,,,,,,,,,,,,,,,,
2011-05-27,,,,,,,,,,1274.463,,,,,,,,,,,,,765.64,,,,,,,,,,,,,2149148.03,,,,,,,,,,,,,4908458,,,,,,,,,,,,,,,,
2011-05-28,,,,,,,,,,1272.1365,,,,,,,,,,,,,766.65,,,,,,,,,,,,,2146310.78,,,,,,,,,,,,,4879751,,,,,,,,,,,,,,,,
2011-05-29,,,,,186954,2059,90.79844584749878,,,1273.9607,,,,,,,,,,,,,762.17,,,,,,,,158557.49,1842,86.07898479913138,,,2142585.05,,,,,,,,,,,,,4863062,,,,,,,,,,,,,,,,
2011-05-30,,,,34.4,,,,,,1272.2581,,,,,,,47.5,,,,,,757.98,,,,,,,30.3,,,,,,2154184.92,,,,,,,47.3,,,,,,4863062,,,,,,,,,,,,,,,,
2011-05-31,453,,,,,,,142,2.19,1273.4555,,115.505,47.7663,265,,,,,,,140,2.17,757.75,,78.8236,17.0433,340,,,,,,,123,2.56,2148028.06,,170,23.945,333,,,,47.84,,,126,2.85,4946372,47.62,78.3269,17.5962,,,,,4.7,,,,106.6,5.515,0.074,7.2,0
2011-06-01,,,,,,,,,,1272.1894,,,,,,,,,,,,,747.35,,,,,,,,,,,,,2178633.63,,,,,,,,,,,,,4927991,,,,,,,,,,,,,,,,
2011-06-02,,,,,,,,,,1274.2218,,,,,,,,,,,,,750.6,,,,,,,,,,,,,2172008.82,,,,,,,,,,,,,4920145,,,,,,,,,,,,,,,,
2011-06-03,,,,,,,,,,1278.8096,,,,,,,,,,,,,749.27,,,,,,,,,,,,,2368236.78,,,,,,,,,,,,,4962058,,,,,,,,,,,,,,,,
2011-06-04,,,,,,,,,,1277.2117,,,,,,,,,,,,,746.91,,,,,,,,,,,,,2365357.01,,,,,,,,,,,,,4932446,,,,,,,,,,,,,,,,
2011-06-05,,,,,173986,1924,90.42931392931393,,,1282.8447,,,,,,,,,,,,,743.1,,,,,,,,135594.94,1536,88.27795572916666,,,2360892.47,,,,,,,,,,,,,4916691,,,,,,,,,,,,,,,,
2011-06-06,,,,31,,,,,,1282.0245,,,,,,,47,,,,,,740.29,,,,,,,25.1,,,,,,2355062.06,,,,,,,41.7,,,,,,4905707,,,,,,,,,,,,,,,,
2011-06-07,,,,,,,,,,1281.2953,,,,,,,,,,,,,736.22,,,,,,,,,,,,,2349311.07,,,,,,,,,,,,,4886439,,,,,,,,,,,,,,,,
2011-06-08,,,,,,,,,,1276.4113,,,,,,,,,,,,,733.52,,,,,,,,,,,,,2338773.57,,,,,,,,,,,,,4909082,,,,,,,,,,,,,,,,
2011-06-09,,,,,,,,,,1286.7319,,,,,,,,,,,,,742.8,,,,,,,,,,,,,2334618.61,,,,,,,,,,,,,4866841,,,,,,,,,,,,,,,,
2011-06-10,,,,,,,,,,1286.4269,,,,,,,,,,,,,742.78,,,,,,,,,,,,,2409867.24,,,,,,,,,,,,,4994838,,,,,,,,,,,,,,,,
2011-06-11,,,,,,,,,,1282.9628,,,,,,,,,,,,,742.29,,,,,,,,,,,,,2402835.18,,,,,,,,,,,,,,,,,,,,,,,,,,,,,
2011-06-12,,,,,129395,1432,90.35963687150839,,,1293.8834,,,,,,,,,,,,,742.21,,,,,,,,123095.48,1448,85.0106906077348,,,2394403.82,,,,,,,,,,,,,4912409,,,,,,,,,,,,,,,,
2011-06-13,,,,32.1,,,,,,1295.115,,,,,,,43.2,,,,,,741.09,,,,,,,22.7,,,,,,2387394.99,,,,,,,46.4,,,,,,4892280,,,,,,,,,,,,,,,,
2011-06-14,,,,,,,,,,1294.0468,,,,,,,,,,,,,742.49,,,,,,,,,,,,,2408234,,,,,,,,,,,,,4873388,,,,,,,,,,,,,,,,
2011-06-15,,,,,,,,,,1298.2074,,,,,,,,,,,,,748.03,,,,,,,,,,,,,2397084.43,,,,,,,,,,,,,4883163,,,,,,,,,,,,,,,,
2011-06-16,,,,,,,,,,1307.7331,,,,,,,,,,,,,753.09,,,,,,,,,,,,,2397859.51,,,,,,,,,,,,,4864298,,,,,,,,,,,,,,,,
2011-06-17,,,,,,,,,,1327.632,,,,,,,,,,,,,768.16,,,,,,,,,,,,,2387356.6,,,,,,,,,,,,,,,,,,,,,,,,,,,,,
2011-06-18,,,,,,,,,,1325.1489,,,,,,,,,,,,,771.4,,,,,,,,,,,,,2374654.74,,,,,,,,,,,,,4911700,,,,,,,,,,,,,,,,
2011-06-19,,,,,124202,1342,92.54992548435172,,,1346.3613,,,,,,,,,,,,,766.19,,,,,,,,182905.37,2079,87.97757094757095,,,2365407.57,,,,,,,,,,,,,4890482,,,,,,,,,,,,,,,,
2011-06-20,,,,26.3,,,,,,1343.3794,,,,,,,42.4,,,,,,764.9,,,,,,,22,,,,,,2356153.62,,,,,,,39.8,,,,,,4858999,,,,,,,,,,,,,,,,
2011-06-21,,,,,,,,,,1336.5153,,,,,,,,,,,,,769.22,,,,,,,,,,,,,2343051.33,,,,,,,,,,,,,4766266,,,,,,,,,,,,,,,,
2011-06-22,,,,,,,,,,1354.0384,,,,,,,,,,,,,769.48,,,,,,,,,,,,,2316483.19,,,,,,,,,,,,,4747498,,,,,,,,,,,,,,,,
2011-06-23,,,,,,,,,,1365.5744,,,,,,,,,,,,,773.55,,,,,,,,,,,,,2316452.82,,,,,,,,,,,,,4729607,,,,,,,,,,,,,,,,
2011-06-24,,,,,,,,,,1362.9234,,,,,,,,,,,,,773.22,,,,,,,,,,,,,2279748.22,,,,,,,,,,,,,4743966,,,,,,,,,,,,,,,,
2011-06-25,,,,,,,,,,1359.4294,,,,,,,,,,,,,780.72,,,,,,,,,,,,,2267144.57,,,,,,,,,,,,,4715516,,,,,,,,,,,,,,,,
2011-06-26,,,,,177876,1915,92.88563968668407,,,1367.1362,,,,,,,,,,,,,779.62,,,,,,,,214587.87,2431,88.27143973673385,,,2205719.34,,,,,,,,,,,,,4697431,,,,,,,,,,,,,,,,
2011-06-27,,,,27.1,,,,,,1365.0931,,,,,,,38.6,,,,,,775.86,,,,,,,21,,,,,,2193192.67,,,,,,,36.3,,,,,,4683800,,,,,,,,,,,,,,,,
2011-06-28,,,,,,,,,,1361.4156,,,,,,,,,,,,,785.04,,,,,,,,,,,,,2181901.6,,,,,,,,,,,,,4714843,,,,,,,,,,,,,,,,
2011-06-29,,,,,,,,,,1363.615,,,,,,,,,,,,,783.9,,,,,,,,,,,,,2174037.29,,,,,,,,,,,,,4690661,,,,,,,,,,,,,,,,
2011-06-30,454,,,,,,,142,2.2,1369.0713,,97.181,132.0254,267.86,,,,,,,142,2.18,780.58,,61.1006,111.8258,337.25,,,,,,,125,2.6,2140263.29,,110.7124,170,336.19,,,,54.84,,,127,2.84,4672621,53.59,81.546,0,,,11.7,,4.7,6.83,,,111.39999999999999,6.355,0.277,5.9,-0.3
2011-07-01,,,,,,,,,,1371.1257,,,,,,,,,,,,,780.34,,,,,,,,,,,,,2112761.17,,,,,,,,,,,,,4707481,,,,,,,,,,,,,,,,
2011-07-02,,,,,,,,,,1367.3366,,,,,,,,,,,,,780.2,,,,,,,,,,,,,2086728.52,,,,,,,,,,,,,4705003,,,,,,,,,,,,,,,,
2011-07-03,,,,,198779,2144,92.71408582089552,,,1370.3327,,,,,,,,,,,,,778.48,,,,,,,,261209.08,2885,90.54040901213172,,,2077065.8,,,,,,,,,,,,,4691010,,,,,,,,,,,,,,,,
2011-07-04,,,,28.6,,,,,,1368.0892,,,,,,,39.9,,,,,,777.17,,,,,,,22.7,,,,,,2126291.07,,,,,,,38.9,,,,,,4720940,,,,,,,,,,,,,,,,
2011-07-05,,,,,,,,,,1365.2921,,,,,,,,,,,,,782.78,,,,,,,,,,,,,2118735.77,,,,,,,,,,,,,4720982,,,,,,,,,,,,,,,,
2011-07-06,,,,,,,,,,1362.6738,,,,,,,,,,,,,780.65,,,,,,,,,,,,,2160812.3,,,,,,,,,,,,,4693743,,,,,,,,,,,,,,,,
2011-07-07,,,,,,,,,,1359.892,,,,,,,,,,,,,782.83,,,,,,,,,,,,,2214330.61,,,,,,,,,,,,,4728435,,,,,,,,,,,,,,,,
2011-07-08,,,,,,,,,,1358.5671,,,,,,,,,,,,,787.12,,,,,,,,,,,,,2221111.71,,,,,,,,,,,,,4813267,,,,,,,,,,,,,,,,
2011-07-09,,,,,,,,,,1356.2042,,,,,,,,,,,,,784.81,,,,,,,,,,,,,2206903.74,,,,,,,,,,,,,4790327,,,,,,,,,,,,,,,,
2011-07-10,,,,,152117,1677,90.70781156827668,,,1356.5476,,,,,,,,,,,,,782.56,,,,,,,,354034.55,3724,95.06835392051558,,,2168611.64,,,,,,,,,,,,,4770736,,,,,,,,,,,,,,,,
2011-07-11,,,,21.5,,,,,,1354.2199,,,,,,,43.7,,,,,,781.59,,,,,,,20.1,,,,,,2202978.31,,,,,,,35.7,,,,,,4760199,,,,,,,,,,,,,,,,
2011-07-12,,,,,,,,,,1350.6783,,,,,,,,,,,,,781.54,,,,,,,,,,,,,2252374.73,,,,,,,,,,,,,4711183,,,,,,,,,,,,,,,,
2011-07-13,,,,,,,,,,1363.5289,,,,,,,,,,,,,779.67,,,,,,,,,,,,,2210250.37,,,,,,,,,,,,,4704673,,,,,,,,,,,,,,,,
2011-07-14,,,,,,,,,,1359.1264,,,,,,,,,,,,,787.2,,,,,,,,,,,,,2198833.31,,,,,,,,,,,,,4725384,,,,,,,,,,,,,,,,
2011-07-15,,,,,,,,,,1359.9779,,,,,,,,,,,,,788.56,,,,,,,,,,,,,2243274.4,,,,,,,,,,,,,4778777,,,,,,,,,,,,,,,,
2011-07-16,,,,,,,,,,1358.9564,,,,,,,,,,,,,789.49,,,,,,,,,,,,,2226924.36,,,,,,,,,,,,,4764855,,,,,,,,,,,,,,,,
2011-07-17,,,,,190331,1968,96.71290650406505,,,1355.382,,,,,,,,,,,,,787.49,,,,,,,,21972.96,214,102.67738317757009,,,2222340.99,,,,,,,,,,,,,4746350,,,,,,,,,,,,,,,,
2011-07-18,,,,26.6,,,,,,1354.9998,,,,,,,41.9,,,,,,786.15,,,,,,,23.1,,,,,,2244042.58,,,,,,,36.4,,,,,,4790800,,,,,,,,,,,,,,,,
2011-07-19,,,,,,,,,,1352.756,,,,,,,,,,,,,786.02,,,,,,,,,,,,,2269973.01,,,,,,,,,,,,,4812687,,,,,,,,,,,,,,,,
2011-07-20,,,,,,,,,,1361.8465,,,,,,,,,,,,,784.35,,,,,,,,,,,,,2257535.79,,,,,,,,,,,,,4812675,,,,,,,,,,,,,,,,
2011-07-21,,,,,,,,,,1359.4067,,,,,,,,,,,,,785.62,,,,,,,,,,,,,2268439.15,,,,,,,,,,,,,4812889,,,,,,,,,,,,,,,,
2011-07-22,,,,,,,,,,1363.9675,,,,,,,,,,,,,789.69,,,,,,,,,,,,,2242268.45,,,,,,,,,,,,,4909381,,,,,,,,,,,,,,,,
2011-07-23,,,,,,,,,,1361.1028,,,,,,,,,,,,,785.72,,,,,,,,,,,,,2232493.01,,,,,,,,,,,,,4909381,,,,,,,,,,,,,,,,
2011-07-24,,,,,209910,2011,104.38090502237692,,,1358.2138,,,,,,,,,,,,,781.88,,,,,,,,21922.65,207,105.90652173913044,,,2223759.17,,,,,,,,,,,,,4866704,,,,,,,,,,,,,,,,
2011-07-25,,,,22.8,,,,,,1355.2468,,,,,,,38.6,,,,,,779.03,,,,,,,22.5,,,,,,2204878.28,,,,,,,35.1,,,,,,4877896,,,,,,,,,,,,,,,,
2011-07-26,,,,,,,,,,1353.0138,,,,,,,,,,,,,778.85,,,,,,,,,,,,,2189272.49,,,,,,,,,,,,,4815888,,,,,,,,,,,,,,,,
2011-07-27,,,,,,,,,,1349.2904,,,,,,,,,,,,,778.9,,,,,,,,,,,,,2221064.63,,,,,,,,,,,,,4815888,,,,,,,,,,,,,,,,
2011-07-28,,,,,,,,,,1351.7758,,,,,,,,,,,,,782.23,,,,,,,,,,,,,2197502.76,,,,,,,,,,,,,4842051,,,,,,,,,,,,,,,,
2011-07-29,,,,,,,,,,1352.7797,,,,,,,,,,,,,774.44,,,,,,,,,,,,,2182947.14,,,,,,,,,,,,,4936367,,,,,,,,,,,,,,,,
2011-07-30,,,,,,,,,,1350.4407,,,,,,,,,,,,,782.72,,,,,,,,,,,,,2168843.91,,,,,,,,,,,,,4903605,,,,,,,,,,,,,,,,
2011-07-31,451,,,,245390,2559,95.89292692457991,144,2.23,1352.9817,,82.1217,57.524,270,,,,,,,142,2.17,780.43,,269.9603,99.5265,335,,,,20744.92,241,86.07850622406639,124,2.62,2159536.71,,20.6167,56.7814,338,,,,47.66,,,127,2.83,4887159,34.12,45.3399,0,,,,,4.9,,,,111.80000000000001,6.451,0.463,4,0
2011-08-01,,,,27.9,,,,,,1353.5069,,,,,,,38.4,,,,,,779.34,,,,,,,17.7,,,,,,2106764.68,,,,,,,37.3,,,,,,4984060,,,,,,,,,,,,,,,,
2011-08-02,,,,,,,,,,1351.5832,,,,,,,,,,,,,781.68,,,,,,,,,,,,,2137553.3,,,,,,,,,,,,,4953267,,,,,,,,,,,,,,,,
2011-08-03,,,,,,,,,,1349.7898,,,,,,,,,,,,,780.01,,,,,,,,,,,,,2061161.79,,,,,,,,,,,,,4952640,,,,,,,,,,,,,,,,
2011-08-04,,,,,,,,,,1351.6032,,,,,,,,,,,,,778.64,,,,,,,,,,,,,2053835.32,,,,,,,,,,,,,4981613,,,,,,,,,,,,,,,,
2011-08-05,,,,,,,,,,1349.9937,,,,,,,,,,,,,776.83,,,,,,,,,,,,,2049426.95,,,,,,,,,,,,,5048507,,,,,,,,,,,,,,,,
2011-08-06,,,,,,,,,,1356.2724,,,,,,,,,,,,,774.86,,,,,,,,,,,,,2040990.13,,,,,,,,,,,,,5025554,,,,,,,,,,,,,,,,
2011-08-07,,,,,140243,1497,93.68269873079493,,,1367.4485,,,,,,,,,,,,,771.9,,,,,,,,26782.68,317,84.48794952681388,,,2037711.35,,,,,,,,,,,,,5016693,,,,,,,,,,,,,,,,
2011-08-08,,,,27.5,,,,,,1361.6043,,,,,,,38.9,,,,,,768.74,,,,,,,12.4,,,,,,2038902.08,,,,,,,39.9,,,,,,4998363,,,,,,,,,,,,,,,,
2011-08-09,,,,,,,,,,1360.1913,,,,,,,,,,,,,768.72,,,,,,,,,,,,,2115870.42,,,,,,,,,,,,,4989177,,,,,,,,,,,,,,,,
2011-08-10,,,,,,,,,,1356.7456,,,,,,,,,,,,,774.05,,,,,,,,,,,,,2032169.85,,,,,,,,,,,,,5028459,,,,,,,,,,,,,,,,
2011-08-11,,,,,,,,,,1355.8086,,,,,,,,,,,,,778.95,,,,,,,,,,,,,2028281.09,,,,,,,,,,,,,5048309,,,,,,,,,,,,,,,,
2011-08-12,,,,,,,,,,1354.6866,,,,,,,,,,,,,779.91,,,,,,,,,,,,,2024387.68,,,,,,,,,,,,,5026592,,,,,,,,,,,,,,,,
2011-08-13,,,,,,,,,,1352.1836,,,,,,,,,,,,,779.36,,,,,,,,,,,,,2021471.44,,,,,,,,,,,,,5004139,,,,,,,,,,,,,,,,
2011-08-14,,,,,150235,1628,92.28194103194103,,,1349.8196,,,,,,,,,,,,,778.17,,,,,,,,17873.54,216,82.74787037037036,,,2018557.3,,,,,,,,,,,,,4991057,,,,,,,,,,,,,,,,
2011-08-15,,,,22.8,,,,,,1346.9755,,,,,,,36.5,,,,,,776.54,,,,,,,11.2,,,,,,2015930.16,,,,,,,37.3,,,,,,4981036,,,,,,,,,,,,,,,,
2011-08-16,,,,,,,,,,1345.0031,,,,,,,,,,,,,776.31,,,,,,,,,,,,,2024154.26,,,,,,,,,,,,,4993923,,,,,,,,,,,,,,,,
2011-08-17,,,,,,,,,,1345.2381,,,,,,,,,,,,,777.61,,,,,,,,,,,,,1989660.04,,,,,,,,,,,,,5004278,,,,,,,,,,,,,,,,
2011-08-18,,,,,,,,,,1343.4799,,,,,,,,,,,,,776.54,,,,,,,,,,,,,2005677.57,,,,,,,,,,,,,5009846,,,,,,,,,,,,,,,,
2011-08-19,,,,,,,,,,1373.903,,,,,,,,,,,,,785.76,,,,,,,,,,,,,1997427.52,,,,,,,,,,,,,5056402,,,,,,,,,,,,,,,,
2011-08-20,,,,,,,,,,1371.922,,,,,,,,,,,,,784.09,,,,,,,,,,,,,2014468.19,,,,,,,,,,,,,5031238,,,,,,,,,,,,,,,,
2011-08-21,,,,,171071,1817,94.15024766097963,,,1369.9359,,,,,,,,,,,,,780.18,,,,,,,,40861.58,506,80.75411067193676,,,2027698.8,,,,,,,,,,,,,5013552,,,,,,,,,,,,,,,,
2011-08-22,,,,23.6,,,,,,1371.1126,,,,,,,42.3,,,,,,779.06,,,,,,,12.2,,,,,,2025027.66,,,,,,,38.5,,,,,,4992687,,,,,,,,,,,,,,,,
2011-08-23,,,,,,,,,,1369.4989,,,,,,,,,,,,,785.37,,,,,,,,,,,,,2020808.98,,,,,,,,,,,,,5000280,,,,,,,,,,,,,,,,
2011-08-24,,,,,,,,,,1366.6526,,,,,,,,,,,,,785.48,,,,,,,,,,,,,2013497.72,,,,,,,,,,,,,4981510,,,,,,,,,,,,,,,,
2011-08-25,,,,,,,,,,1369.5466,,,,,,,,,,,,,785.29,,,,,,,,,,,,,2112308.79,,,,,,,,,,,,,4978484,,,,,,,,,,,,,,,,
2011-08-26,,,,,,,,,,1366.8955,,,,,,,,,,,,,791.3,,,,,,,,,,,,,2132798.47,,,,,,,,,,,,,5147288,,,,,,,,,,,,,,,,
2011-08-27,,,,,,,,,,1369.5576,,,,,,,,,,,,,787.58,,,,,,,,,,,,,2127773.2,,,,,,,,,,,,,5121584,,,,,,,,,,,,,,,,
2011-08-28,,,,,184906,1982,93.29263370332997,,,1384.1382,,,,,,,,,,,,,786.05,,,,,,,,15029.8,180,83.49888888888889,,,2122057.01,,,,,,,,,,,,,5108516,,,,,,,,,,,,,,,,
2011-08-29,,,,18.2,,,,,,1380.2108,,,,,,,38.4,,,,,,784.71,,,,,,,13,,,,,,2112923.7,,,,,,,35.8,,,,,,5091962,,,,,,,,,,,,,,,,
2011-08-30,,,,,,,,,,1378.7367,,,,,,,,,,,,,791.55,,,,,,,,,,,,,2111541.32,,,,,,,,,,,,,5235759,,,,,,,,,,,,,,,,
2011-08-31,440,,,,,,,145,2.26,1375.8964,,242.8952,89.7594,273,,,,,,,144,2.17,792.78,,605.8449,315.2747,329,,,,,,,125,2.67,2105163.24,,0,20.6167,343,,,,53.69,,,128,2.81,5235759,49.71,210.3068,121.209,,,,,4.9,,,,110.4,6.151,0.308,3.8,0.4
2011-09-01,,,,,,,,,,1386.186,,,,,,,,,,,,,791.72,,,,,,,,,,,,,2102942.38,,,,,,,,,,,,,5419931,,,,,,,,,,,,,,,,
2011-09-02,,,,,,,,,,1394.3758,,,,,,,,,,,,,795.29,,,,,,,,,,,,,2112965.45,,,,,,,,,,,,,5471515,,,,,,,,,,,,,,,,
2011-09-03,,,,,,,,,,1392.4644,,,,,,,,,,,,,800.54,,,,,,,,,,,,,2099357.35,,,,,,,,,,,,,5447103,,,,,,,,,,,,,,,,
2011-09-04,,,,,181954,2008,90.61454183266932,,,1410.7155,,,,,,,,,,,,,796.92,,,,,,,,35296.41,425,83.05037647058823,,,2076540.99,,,,,,,,,,,,,5436524,,,,,,,,,,,,,,,,
2011-09-05,,,,31.7,,,,,,1409.4067,,,,,,,38.5,,,,,,795.97,,,,,,,12.6,,,,,,2059619.42,,,,,,,36.2,,,,,,5426473,,,,,,,,,,,,,,,,
2011-09-06,,,,,,,,,,1404.98,,,,,,,,,,,,,798.21,,,,,,,,,,,,,2081224.83,,,,,,,,,,,,,5445726,,,,,,,,,,,,,,,,
2011-09-07,,,,,,,,,,1404.9365,,,,,,,,,,,,,796.82,,,,,,,,,,,,,2075032.48,,,,,,,,,,,,,5429852,,,,,,,,,,,,,,,,
2011-09-08,,,,,,,,,,1420.0282,,,,,,,,,,,,,804.69,,,,,,,,,,,,,2041030.44,,,,,,,,,,,,,5604802,,,,,,,,,,,,,,,,
2011-09-09,,,,,,,,,,1423.1312,,,,,,,,,,,,,810.64,,,,,,,,,,,,,2031123.16,,,,,,,,,,,,,5753596,,,,,,,,,,,,,,,,
2011-09-10,,,,,,,,,,1421.7046,,,,,,,,,,,,,820.38,,,,,,,,,,,,,2028067.08,,,,,,,,,,,,,5728458,,,,,,,,,,,,,,,,
2011-09-11,,,,,155566,1705,91.24105571847507,,,1423.9736,,,,,,,,,,,,,820.87,,,,,,,,45146.79,513,88.00543859649123,,,2026753.61,,,,,,,,,,,,,5717608,,,,,,,,,,,,,,,,
2011-09-12,,,,30.2,,,,,,1423.1739,,,,,,,33.5,,,,,,819.44,,,,,,,13.4,,,,,,2026188.87,,,,,,,29.6,,,,,,5715502,,,,,,,,,,,,,,,,
2011-09-13,,,,,,,,,,1421.5179,,,,,,,,,,,,,818.78,,,,,,,,,,,,,2062672.78,,,,,,,,,,,,,5726062,,,,,,,,,,,,,,,,
2011-09-14,,,,,,,,,,1420.3559,,,,,,,,,,,,,816.99,,,,,,,,,,,,,2103533.2,,,,,,,,,,,,,5755175,,,,,,,,,,,,,,,,
2011-09-15,,,,,,,,,,1427.4042,,,,,,,,,,,,,816,,,,,,,,,,,,,2144378.65,,,,,,,,,,,,,5731764,,,,,,,,,,,,,,,,
2011-09-16,,,,,,,,,,1424.7334,,,,,,,,,,,,,822.08,,,,,,,,,,,,,2141697.67,,,,,,,,,,,,,5763426,,,,,,,,,,,,,,,,
2011-09-17,,,,,,,,,,1426.0677,,,,,,,,,,,,,820.08,,,,,,,,,,,,,2139086.87,,,,,,,,,,,,,5728777,,,,,,,,,,,,,,,,
2011-09-18,,,,,139816,1480,94.47027027027028,,,1433.4342,,,,,,,,,,,,,817.14,,,,,,,,32531.91,420,77.45692857142858,,,2137818.44,,,,,,,,,,,,,5709841,,,,,,,,,,,,,,,,
2011-09-19,,,,26.4,,,,,,1431.6211,,,,,,,36,,,,,,810.75,,,,,,,11.9,,,,,,2097147.56,,,,,,,35,,,,,,5689338,,,,,,,,,,,,,,,,
2011-09-20,,,,,,,,,,1428.2826,,,,,,,,,,,,,824.19,,,,,,,,,,,,,2094655.22,,,,,,,,,,,,,5679514,,,,,,,,,,,,,,,,
2011-09-21,,,,,,,,,,1424.2981,,,,,,,,,,,,,828.71,,,,,,,,,,,,,2109652.54,,,,,,,,,,,,,5679496,,,,,,,,,,,,,,,,
2011-09-22,,,,,,,,,,1430.8696,,,,,,,,,,,,,844.88,,,,,,,,,,,,,2251446.27,,,,,,,,,,,,,5701151,,,,,,,,,,,,,,,,
2011-09-23,,,,,,,,,,1429.0393,,,,,,,,,,,,,850.07,,,,,,,,,,,,,2273959.88,,,,,,,,,,,,,5909077,,,,,,,,,,,,,,,,
2011-09-24,,,,,,,,,,1447.9657,,,,,,,,,,,,,873.13,,,,,,,,,,,,,2250683.06,,,,,,,,,,,,,5884637,,,,,,,,,,,,,,,,
2011-09-25,,,,,218631,2340,93.43205128205128,,,1445.5705,,,,,,,,,,,,,870.5,,,,,,,,50519.42,607,83.228039538715,,,2248575.95,,,,,,,,,,,,,5866852,,,,,,,,,,,,,,,,
2011-09-26,,,,23.2,,,,,,1442.5214,,,,,,,32.9,,,,,,869.14,,,,,,,12,,,,,,2258252.49,,,,,,,35.8,,,,,,5843238,,,,,,,,,,,,,,,,
2011-09-27,,,,,,,,,,1441.4355,,,,,,,,,,,,,874.19,,,,,,,,,,,,,2245493.49,,,,,,,,,,,,,5830400,,,,,,,,,,,,,,,,
2011-09-28,,,,,,,,,,1437.1907,,,,,,,,,,,,,874.55,,,,,,,,,,,,,2254059.04,,,,,,,,,,,,,5929521,,,,,,,,,,,,,,,,
2011-09-29,,,,,,,,,,1437.9652,,,,,,,,,,,,,877.77,,,,,,,,,,,,,2245538.71,,,,,,,,,,,,,6352969,,,,,,,,,,,,,,,,
2011-09-30,440,,,,,,,146,2.29,1433.4964,,114.599,201.0271,273,,,,,,,143,2.15,881.01,,136.3071,474.1359,328,,,,,,,125,2.69,2239723.22,,0,53.931,347,,,,42.05,,,129,2.79,6488229,99.22,193.7031,215.9837,,,12.1,,4.9,7.36,,,108.89999999999999,6.067,0.468,3.4,0.2
2011-10-01,,,,,,,,,,1465.363,,,,,,,,,,,,,886.48,,,,,,,,,,,,,2239165.35,,,,,,,,,,,,,6468557,,,,,,,,,,,,,,,,
2011-10-02,,,,,233594,2473,94.45774363121714,,,1471.0311,,,,,,,,,,,,,886.74,,,,,,,,52790.14,638,82.74316614420063,,,2238667.13,,,,,,,,,,,,,6459287,,,,,,,,,,,,,,,,
2011-10-03,,,,23.5,,,,,,1470.1247,,,,,,,30.3,,,,,,886.99,,,,,,,10.8,,,,,,2238397.25,,,,,,,40.6,,,,,,6451560,,,,,,,,,,,,,,,,
2011-10-04,,,,,,,,,,1468.6046,,,,,,,,,,,,,885.46,,,,,,,,,,,,,2238021.24,,,,,,,,,,,,,,,,,,,,,,,,,,,,,
2011-10-05,,,,,,,,,,1467.4161,,,,,,,,,,,,,884.65,,,,,,,,,,,,,2233735.73,,,,,,,,,,,,,6435769,,,,,,,,,,,,,,,,
2011-10-06,,,,,,,,,,1464.6282,,,,,,,,,,,,,883.17,,,,,,,,,,,,,2217240.99,,,,,,,,,,,,,6425003,,,,,,,,,,,,,,,,
2011-10-07,,,,,,,,,,1463.2144,,,,,,,,,,,,,882.23,,,,,,,,,,,,,2212880.88,,,,,,,,,,,,,6414266,,,,,,,,,,,,,,,,
2011-10-08,,,,,,,,,,1461.518,,,,,,,,,,,,,880.17,,,,,,,,,,,,,2187514.83,,,,,,,,,,,,,6430092,,,,,,,,,,,,,,,,
2011-10-09,,,,,45880,514,89.26070038910505,,,1455.7548,,,,,,,,,,,,,878.02,,,,,,,,16838.27,210,80.18223809523809,,,2181641.6,,,,,,,,,,,,,6390021,,,,,,,,,,,,,,,,
2011-10-10,,,,23.2,,,,,,1459.9221,,,,,,,32.1,,,,,,876.24,,,,,,,11.9,,,,,,2060528.35,,,,,,,35.6,,,,,,6358881,,,,,,,,,,,,,,,,
2011-10-11,,,,,,,,,,1455.1645,,,,,,,,,,,,,871.51,,,,,,,,,,,,,2112427.4,,,,,,,,,,,,,6330652,,,,,,,,,,,,,,,,
2011-10-12,,,,,,,,,,1452.1126,,,,,,,,,,,,,870.31,,,,,,,,,,,,,2176270.58,,,,,,,,,,,,,6315042,,,,,,,,,,,,,,,,
2011-10-13,,,,,,,,,,1452.6588,,,,,,,,,,,,,875.45,,,,,,,,,,,,,2225205.89,,,,,,,,,,,,,6325226,,,,,,,,,,,,,,,,
2011-10-14,,,,,,,,,,1457.7387,,,,,,,,,,,,,880.49,,,,,,,,,,,,,2213681.83,,,,,,,,,,,,,6320722,,,,,,,,,,,,,,,,
2011-10-15,,,,,,,,,,1454.8455,,,,,,,,,,,,,879.05,,,,,,,,,,,,,2210049.31,,,,,,,,,,,,,6320722,,,,,,,,,,,,,,,,
2011-10-16,,,,,166803,1820,91.65,,,1457.9911,,,,,,,,,,,,,873.22,,,,,,,,49547.49,554,89.43590252707581,,,2204394.05,,,,,,,,,,,,,6297875,,,,,,,,,,,,,,,,
2011-10-17,,,,27,,,,,,1458.9287,,,,,,,29.2,,,,,,878.26,,,,,,,10.9,,,,,,2215943.62,,,,,,,34.2,,,,,,6237830,,,,,,,,,,,,,,,,
2011-10-18,,,,,,,,,,1457.1709,,,,,,,,,,,,,876.86,,,,,,,,,,,,,2187683.33,,,,,,,,,,,,,6198355,,,,,,,,,,,,,,,,
2011-10-19,,,,,,,,,,1459.3824,,,,,,,,,,,,,876.43,,,,,,,,,,,,,2237879.73,,,,,,,,,,,,,6292688,,,,,,,,,,,,,,,,
2011-10-20,,,,,,,,,,1457.0217,,,,,,,,,,,,,875.25,,,,,,,,,,,,,2252439.65,,,,,,,,,,,,,6343215,,,,,,,,,,,,,,,,
2011-10-21,,,,,,,,,,1463.8637,,,,,,,,,,,,,884.6,,,,,,,,,,,,,2317199.33,,,,,,,,,,,,,6275685,,,,,,,,,,,,,,,,
2011-10-22,,,,,,,,,,1475.6612,,,,,,,,,,,,,889.48,,,,,,,,,,,,,2311916.52,,,,,,,,,,,,,6243085,,,,,,,,,,,,,,,,
2011-10-23,,,,,188434,1999,94.26413206603301,,,1505.0942,,,,,,,,,,,,,888.51,,,,,,,,53815.01,629,85.55645468998411,,,2310141.47,,,,,,,,,,,,,6225765,,,,,,,,,,,,,,,,
2011-10-24,,,,17.5,,,,,,1503.4061,,,,,,,21.7,,,,,,886.69,,,,,,,10.5,,,,,,2304088.76,,,,,,,34,,,,,,6213197,,,,,,,,,,,,,,,,
2011-10-25,,,,,,,,,,1501.2918,,,,,,,,,,,,,883.37,,,,,,,,,,,,,2305498.24,,,,,,,,,,,,,6196125,,,,,,,,,,,,,,,,
2011-10-26,,,,,,,,,,1499.3547,,,,,,,,,,,,,884.94,,,,,,,,,,,,,2270387.77,,,,,,,,,,,,,6350884,,,,,,,,,,,,,,,,
2011-10-27,,,,,,,,,,1497.5832,,,,,,,,,,,,,889.7,,,,,,,,,,,,,2257619.52,,,,,,,,,,,,,6427727,,,,,,,,,,,,,,,,
2011-10-28,,,,,,,,,,1501.635,,,,,,,,,,,,,889.34,,,,,,,,,,,,,2232122.01,,,,,,,,,,,,,6538123,,,,,,,,,,,,,,,,
2011-10-29,,,,,,,,,,1498.4024,,,,,,,,,,,,,893.98,,,,,,,,,,,,,2232145.86,,,,,,,,,,,,,6511350,,,,,,,,,,,,,,,,
2011-10-30,,,,,229973,2421,94.99091284593143,,,1506.8995,,,,,,,,,,,,,890.53,,,,,,,,54409.38,637,85.41503924646781,,,2183931.65,,,,,,,,,,,,,6494026,,,,,,,,,,,,,,,,
2011-10-31,427,,,22.2,,,,145.9,2.3,1504.9744,,63.4404,14.1368,270.2,,,23.2,,,,143.9,2.19,889.21,,136.8949,120.9376,323.5,,,9.8,,,,124.6,2.71,2193040.72,,7.1125,0,351,,,29.6,42.38,,,131.4,2.82,6555951,68.73,145.623,0,,,,,4.9,,,,106.30000000000001,5.495,0.093,3.6,0.3
2011-11-01,,,,,,,,,,1498.8893,,,,,,,,,,,,,888.71,,,,,,,,,,,,,2182161.03,,,,,,,,,,,,,6535753,,,,,,,,,,,,,,,,
2011-11-02,,,,,,,,,,1504.4118,,,,,,,,,,,,,887.79,,,,,,,,,,,,,2164550.77,,,,,,,,,,,,,6589474,,,,,,,,,,,,,,,,
2011-11-03,,,,,,,,,,1509.0646,,,,,,,,,,,,,897.93,,,,,,,,,,,,,2161353.27,,,,,,,,,,,,,6635962,,,,,,,,,,,,,,,,
2011-11-04,,,,,,,,,,1507.1214,,,,,,,,,,,,,903.61,,,,,,,,,,,,,2241834.46,,,,,,,,,,,,,6668240,,,,,,,,,,,,,,,,
2011-11-05,,,,,,,,,,1504.4765,,,,,,,,,,,,,906.42,,,,,,,,,,,,,2238100.47,,,,,,,,,,,,,6649371,,,,,,,,,,,,,,,,
2011-11-06,,,,,165063,1779,92.7841483979764,,,1513.2838,,,,,,,,,,,,,905.11,,,,,,,,46175.03,572,80.72557692307693,,,2235005.7,,,,,,,,,,,,,6639149,,,,,,,,,,,,,,,,
2011-11-07,,,,18.2,,,,,,1510.1925,,,,,,,22.2,,,,,,904.62,,,,,,,8.7,,,,,,2240118.5,,,,,,,30,,,,,,6602634,,,,,,,,,,,,,,,,
2011-11-08,,,,,,,,,,1507.326,,,,,,,,,,,,,909.08,,,,,,,,,,,,,2259715.72,,,,,,,,,,,,,6566990,,,,,,,,,,,,,,,,
2011-11-09,,,,,,,,,,1526.4588,,,,,,,,,,,,,913.72,,,,,,,,,,,,,2255785.22,,,,,,,,,,,,,6592747,,,,,,,,,,,,,,,,
2011-11-10,,,,,,,,,,1523.717,,,,,,,,,,,,,916.19,,,,,,,,,,,,,2248864.58,,,,,,,,,,,,,6589027,,,,,,,,,,,,,,,,
2011-11-11,,,,,,,,,,1522.4861,,,,,,,,,,,,,915.35,,,,,,,,,,,,,2292241.39,,,,,,,,,,,,,6626763,,,,,,,,,,,,,,,,
2011-11-12,,,,,,,,,,1520.3306,,,,,,,,,,,,,923.71,,,,,,,,,,,,,2266416.21,,,,,,,,,,,,,6606869,,,,,,,,,,,,,,,,
2011-11-13,,,,,146968,1578,93.13561470215463,,,1525.4562,,,,,,,,,,,,,923.1,,,,,,,,49538.22,532,93.11695488721804,,,2263102.63,,,,,,,,,,,,,6592506,,,,,,,,,,,,,,,,
2011-11-14,,,,10.2,,,,,,1519.8016,,,,,,,23.6,,,,,,924.35,,,,,,,8.4,,,,,,2261409.03,,,,,,,28.2,,,,,,6643262,,,,,,,,,,,,,,,,
2011-11-15,,,,,,,,,,1515.697,,,,,,,,,,,,,927.27,,,,,,,,,,,,,2273624.91,,,,,,,,,,,,,6651579,,,,,,,,,,,,,,,,
2011-11-16,,,,,,,,,,1515.0143,,,,,,,,,,,,,925.38,,,,,,,,,,,,,2283920.74,,,,,,,,,,,,,6645286,,,,,,,,,,,,,,,,
2011-11-17,,,,,,,,,,1518.1655,,,,,,,,,,,,,930.35,,,,,,,,,,,,,2281402.62,,,,,,,,,,,,,6630589,,,,,,,,,,,,,,,,
2011-11-18,,,,,,,,,,1520.6682,,,,,,,,,,,,,932.91,,,,,,,,,,,,,2338663.76,,,,,,,,,,,,,6742173,,,,,,,,,,,,,,,,
2011-11-19,,,,,,,,,,1529.0927,,,,,,,,,,,,,937.07,,,,,,,,,,,,,2316948.86,,,,,,,,,,,,,,,,,,,,,,,,,,,,,
2011-11-20,,,,,151206,1600,94.50375,,,1527.3285,,,,,,,,,,,,,935.64,,,,,,,,45187.9,555,81.41963963963964,,,2290174,,,,,,,,,,,,,6716655,,,,,,,,,,,,,,,,
2011-11-21,,,,6,,,,,,1539.936,,,,,,,20.7,,,,,,934.6,,,,,,,9.5,,,,,,2382077.3,,,,,,,32.8,,,,,,6726935,,,,,,,,,,,,,,,,
2011-11-22,,,,,,,,,,1537.092,,,,,,,,,,,,,933.86,,,,,,,,,,,,,2290612.98,,,,,,,,,,,,,6723971,,,,,,,,,,,,,,,,
2011-11-23,,,,,,,,,,1534.8011,,,,,,,,,,,,,935.18,,,,,,,,,,,,,2320541.07,,,,,,,,,,,,,6688988,,,,,,,,,,,,,,,,
2011-11-24,,,,,,,,,,1533.5065,,,,,,,,,,,,,942.32,,,,,,,,,,,,,2356974.73,,,,,,,,,,,,,6690600,,,,,,,,,,,,,,,,
2011-11-25,,,,,,,,,,1539.4037,,,,,,,,,,,,,946.57,,,,,,,,,,,,,2419001.56,,,,,,,,,,,,,6761964,,,,,,,,,,,,,,,,
2011-11-26,,,,,,,,,,1572.7675,,,,,,,,,,,,,949.83,,,,,,,,,,,,,2416128.51,,,,,,,,,,,,,6745606,,,,,,,,,,,,,,,,
2011-11-27,,,,,166272,1749,95.06689536878216,,,1569.0162,,,,,,,,,,,,,948.8,,,,,,,,38330.31,476,80.52586134453782,,,2410694.48,,,,,,,,,,,,,6731888,,,,,,,,,,,,,,,,
2011-11-28,,,,11.3,,,,,,1561.991,,,,,,,21.1,,,,,,946.71,,,,,,,9.6,,,,,,2446965.15,,,,,,,33.3,,,,,,6772506,,,,,,,,,,,,,,,,
2011-11-29,,,,,,,,,,1561.5705,,,,,,,,,,,,,949.23,,,,,,,,,,,,,2408160.41,,,,,,,,,,,,,6761212,,,,,,,,,,,,,,,,
2011-11-30,420,,,,,,,144.4,2.3,1559.3086,,294.4245,110.784,267,,,,,,,144.5,2.23,949.69,,107.549,120.4865,318,,,,,,,124.4,2.76,2409418.33,,0,7.1125,354.5,,,,38.5,,,131.8,2.8,6880968,75.96,0.5539,88.7543,,,,,4.9,,,,101.69999999999999,4.225,-0.189,3.7,0.2
2011-12-01,,,,,,,,,,1555.1329,,,,,,,,,,,,,948.11,,,,,,,,,,,,,2451346.56,,,,,,,,,,,,,6864335,,,,,,,,,,,,,,,,
2011-12-02,,,,,,,,,,1573.4027,,,,,,,,,,,,,946.02,,,,,,,,,,,,,2511937.33,,,,,,,,,,,,,6945733,,,,,,,,,,,,,,,,
2011-12-03,,,,,,,,,,,,,,,,,,,,,,,945.73,,,,,,,,,,,,,2505902.84,,,,,,,,,,,,,6921039,,,,,,,,,,,,,,,,
2011-12-04,,,,,274624.03,2813,97.62674369001067,,,1584.0572,,,,,,,,,,,,,945.97,,,,,,,,43198.34,493,87.62340770791076,,,2490840.16,,,,,,,,,,,,,6907279,,,,,,,,,,,,,,,,
2011-12-05,,,,10.9,,,,,,1586.1118,,,,,,,22.5,,,,,,944.96,,,,,,,9.4,,,,,,2484933.6,,,,,,,39.7,,,,,,6879786,,,,,,,,,,,,,,,,
2011-12-06,,,,,,,,,,1585.806,,,,,,,,,,,,,942.97,,,,,,,,,,,,,2513957.42,,,,,,,,,,,,,6956047,,,,,,,,,,,,,,,,
2011-12-07,,,,,,,,,,1608.2491,,,,,,,,,,,,,946.9,,,,,,,,,,,,,2540030.75,,,,,,,,,,,,,7077207,,,,,,,,,,,,,,,,
2011-12-08,,,,,,,,,,,,,,,,,,,,,,,946.63,,,,,,,,,,,,,2546870.57,,,,,,,,,,,,,7160689,,,,,,,,,,,,,,,,
2011-12-09,,,,,,,,,,1589.8375,,,,,,,,,,,,,951.42,,,,,,,,,,,,,2544266.29,,,,,,,,,,,,,7218419,,,,,,,,,,,,,,,,
2011-12-10,,,,,,,,,,1581.5815,,,,,,,,,,,,,952.26,,,,,,,,,,,,,2541556.19,,,,,,,,,,,,,7197521,,,,,,,,,,,,,,,,
2011-12-11,,,,,913121.15,8502,107.40074688308633,,,1583.5163,,,,,,,,,,,,,951.44,,,,,,,,39551.74,430,91.98079069767442,,,2540516.75,,,,,,,,,,,,,7181455,,,,,,,,,,,,,,,,
2011-12-12,,,,8.6,,,,,,1579.4334,,,,,,,24.6,,,,,,949.71,,,,,,,11.3,,,,,,2539803.2,,,,,,,35.7,,,,,,7149137,,,,,,,,,,,,,,,,
2011-12-13,,,,,,,,,,1558.7653,,,,,,,,,,,,,950.95,,,,,,,,,,,,,2609481.39,,,,,,,,,,,,,7164060,,,,,,,,,,,,,,,,
2011-12-14,,,,,,,,,,1569.8766,,,,,,,,,,,,,954.22,,,,,,,,,,,,,2640517.79,,,,,,,,,,,,,7158508,,,,,,,,,,,,,,,,
2011-12-15,,,,,,,,,,1565.9542,,,,,,,,,,,,,958.97,,,,,,,,,,,,,2773858.55,,,,,,,,,,,,,7128155,,,,,,,,,,,,,,,,
2011-12-16,,,,,,,,,,1568.6263,,,,,,,,,,,,,959.51,,,,,,,,,,,,,2809057.86,,,,,,,,,,,,,7283785,,,,,,,,,,,,,,,,
2011-12-17,,,,,,,,,,1570.9907,,,,,,,,,,,,,959.49,,,,,,,,,,,,,2804644.4,,,,,,,,,,,,,7263300,,,,,,,,,,,,,,,,
2011-12-18,,,,,53156.1,581,91.4907056798623,,,,,,,,,,,,,,,,957.39,,,,,,,,35938.44,435,82.61710344827586,,,2779675.58,,,,,,,,,,,,,7252829,,,,,,,,,,,,,,,,
2011-12-19,,,,8.7,,,,,,1563.5463,,,,,,,19.7,,,,,,956.17,,,,,,,7.7,,,,,,2714544.76,,,,,,,27.7,,,,,,7262545,,,,,,,,,,,,,,,,
2011-12-20,,,,,,,,,,,,,,,,,,,,,,,962.07,,,,,,,,,,,,,2708097.09,,,,,,,,,,,,,7257493,,,,,,,,,,,,,,,,
2011-12-21,,,,,,,,,,1558.7551,,,,,,,,,,,,,964.1,,,,,,,,,,,,,2646832,,,,,,,,,,,,,7378278,,,,,,,,,,,,,,,,
2011-12-22,,,,,,,,,,1575.6349,,,,,,,,,,,,,965.04,,,,,,,,,,,,,2643442.27,,,,,,,,,,,,,7417304,,,,,,,,,,,,,,,,
2011-12-23,,,,,,,,,,1570.4274,,,,,,,,,,,,,975.15,,,,,,,,,,,,,2667559.49,,,,,,,,,,,,,7419029,,,,,,,,,,,,,,,,
2011-12-24,,,,,,,,,,1566.9052,,,,,,,,,,,,,970.82,,,,,,,,,,,,,2651728.65,,,,,,,,,,,,,7392662,,,,,,,,,,,,,,,,
2011-12-25,,,,,86714.92,978,88.66556237218813,,,1564.1747,,,,,,,,,,,,,969.84,,,,,,,,38647.56,455,84.93969230769231,,,2643561.94,,,,,,,,,,,,,7375117,,,,,,,,,,,,,,,,
2011-12-26,,,,13.6,,,,,,1560.2006,,,,,,,21.3,,,,,,969.18,,,,,,,10.7,,,,,,2654439.59,,,,,,,26.9,,,,,,7282095,,,,,,,,,,,,,,,,
2011-12-27,,,,,,,,,,1556.659,,,,,,,,,,,,,973.6,,,,,,,,,,,,,2627283.65,,,,,,,,,,,,,7425576,,,,,,,,,,,,,,,,
2011-12-28,,,,,,,,,,1555.8039,,,,,,,,,,,,,971.33,,,,,,,,,,,,,,,,,,,,,,,,,,7556578,,,,,,,,,,,,,,,,
2011-12-29,,,,,,,,,,1553.0596,,,,,,,,,,,,,981.48,,,,,,,,,,,,,2610231.85,,,,,,,,,,,,,7635505,,,,,,,,,,,,,,,,
2011-12-30,,,,,,,,,,1550.5563,,,,,,,,,,,,,975.97,,,,,,,,,,,,,2609157.78,,,,,,,,,,,,,7850616,,,,,,,,,,,,,,,,
2011-12-31,410,,,,,,,142.7,2.32,1550.6798,,31.1231,164.3902,263.1,,,,,,,142.9,2.23,975,,27.7268,50.822,310.8,,,,,,,123.7,2.81,2651842.76,,0,0,349.2,,,,32.1,,,133.7,2.88,8039320,88.78,67.3676,12.1721,,,12.3,,4.9,7.62,,,105.3,4.07,0.312,2.9,-0.3
2012-01-01,,,,,103512.67,1233,83.95188158961882,,,,,,,,,,,,,,,,973.68,,,,,,,,40646.26,427,95.1903044496487,,,2647221.86,,,,,,,,,,,,,8010852,,,,,,,,,,,,,,,,
2012-01-02,,,,10.8,,,,,,1551.7637,,,,,,,27.8,,,,,,973.48,,,,,,,10.2,,,,,,2637964.04,,,,,,,27,,,,,,7996212,,,,,,,,,,,,,,,,
2012-01-03,,,,,,,,,,1549.855,,,,,,,,,,,,,972.99,,,,,,,,,,,,,2622521.58,,,,,,,,,,,,,7985680,,,,,,,,,,,,,,,,
2012-01-04,,,,,,,,,,1545.8142,,,,,,,,,,,,,971.96,,,,,,,,,,,,,2614271.7,,,,,,,,,,,,,7940829,,,,,,,,,,,,,,,,
2012-01-05,,,,,,,,,,1542.9501,,,,,,,,,,,,,970.98,,,,,,,,,,,,,2673040.63,,,,,,,,,,,,,7909682,,,,,,,,,,,,,,,,
2012-01-06,,,,,,,,,,1541.1988,,,,,,,,,,,,,974.29,,,,,,,,,,,,,2666300.65,,,,,,,,,,,,,7993987,,,,,,,,,,,,,,,,
2012-01-07,,,,,,,,,,1541.8705,,,,,,,,,,,,,971.96,,,,,,,,,,,,,2677107.5,,,,,,,,,,,,,7974300,,,,,,,,,,,,,,,,
2012-01-08,,,,,51680.2,597,86.56649916247906,,,1539.6911,,,,,,,,,,,,,970.22,,,,,,,,19332.88,239,80.89071129707114,,,2664929.6,,,,,,,,,,,,,7959886,,,,,,,,,,,,,,,,
2012-01-09,,,,16.1,,,,,,1537.6936,,,,,,,19.3,,,,,,969.48,,,,,,,10.1,,,,,,2639972.26,,,,,,,34.3,,,,,,7944901,,,,,,,,,,,,,,,,
2012-01-10,,,,,,,,,,1536.0733,,,,,,,,,,,,,970.83,,,,,,,,,,,,,2692842.38,,,,,,,,,,,,,7889794,,,,,,,,,,,,,,,,
2012-01-11,,,,,,,,,,1534.6393,,,,,,,,,,,,,970.39,,,,,,,,,,,,,2707364.22,,,,,,,,,,,,,7877083,,,,,,,,,,,,,,,,
2012-01-12,,,,,,,,,,1533.4311,,,,,,,,,,,,,969.95,,,,,,,,,,,,,2701488.01,,,,,,,,,,,,,7887352,,,,,,,,,,,,,,,,
2012-01-13,,,,,,,,,,1525.6949,,,,,,,,,,,,,966.82,,,,,,,,,,,,,2693935.42,,,,,,,,,,,,,7844021,,,,,,,,,,,,,,,,
2012-01-14,,,,,,,,,,1521.1302,,,,,,,,,,,,,965.65,,,,,,,,,,,,,2677847.6,,,,,,,,,,,,,7827407,,,,,,,,,,,,,,,,
2012-01-15,,,,,94927.16,1125,84.37969777777778,,,1517.8881,,,,,,,,,,,,,964.58,,,,,,,,42788.26,503,85.06612326043738,,,2663077.93,,,,,,,,,,,,,7815960,,,,,,,,,,,,,,,,
2012-01-16,,,,12.4,,,,,,1516.1659,,,,,,,29.9,,,,,,964.34,,,,,,,8.8,,,,,,2658908.53,,,,,,,28.2,,,,,,7797576,,,,,,,,,,,,,,,,
2012-01-17,,,,,,,,,,1513.2944,,,,,,,,,,,,,961.5,,,,,,,,,,,,,2624705.83,,,,,,,,,,,,,7788893,,,,,,,,,,,,,,,,
2012-01-18,,,,,,,,,,1517.2184,,,,,,,,,,,,,963.98,,,,,,,,,,,,,2623267.36,,,,,,,,,,,,,7788893,,,,,,,,,,,,,,,,
2012-01-19,,,,,,,,,,1516.6065,,,,,,,,,,,,,960.08,,,,,,,,,,,,,2623958.58,,,,,,,,,,,,,7860949,,,,,,,,,,,,,,,,
2012-01-20,,,,,,,,,,1513.7012,,,,,,,,,,,,,958.09,,,,,,,,,,,,,2622776.95,,,,,,,,,,,,,7935688,,,,,,,,,,,,,,,,
2012-01-21,,,,,,,,,,1513.5041,,,,,,,,,,,,,958.06,,,,,,,,,,,,,2608876.67,,,,,,,,,,,,,7948283,,,,,,,,,,,,,,,,
2012-01-22,,,,,73319.23,785,93.40029299363057,,,,,,,,,,,,,,,,959.89,,,,,,,,29463.24,341,86.40246334310851,,,2608876.67,,,,,,,,,,,,,7948283,,,,,,,,,,,,,,,,
2012-01-23,,,,12.9,,,,,,,,,,,,,28.4,,,,,,959.91,,,,,,,11.1,,,,,,2608876.67,,,,,,,32.2,,,,,,7948283,,,,,,,,,,,,,,,,
2012-01-24,,,,,,,,,,,,,,,,,,,,,,,959.97,,,,,,,,,,,,,2546324.15,,,,,,,,,,,,,7947837,,,,,,,,,,,,,,,,
2012-01-25,,,,,,,,,,,,,,,,,,,,,,,954.54,,,,,,,,,,,,,2522557.79,,,,,,,,,,,,,7947297,,,,,,,,,,,,,,,,
2012-01-26,,,,,,,,,,,,,,,,,,,,,,,952.72,,,,,,,,,,,,,2521997.67,,,,,,,,,,,,,7946987,,,,,,,,,,,,,,,,
2012-01-27,,,,,,,,,,,,,,,,,,,,,,,952.73,,,,,,,,,,,,,2514994.75,,,,,,,,,,,,,7946362,,,,,,,,,,,,,,,,
2012-01-28,,,,,,,,,,,,,,,,,,,,,,,952.57,,,,,,,,,,,,,2513047.4,,,,,,,,,,,,,7945418,,,,,,,,,,,,,,,,
2012-01-29,,,,,13177.69,167,78.90832335329341,,,,,,,,,,,,,,,,946.94,,,,,,,,363.55,4,90.8875,,,2512275.8,,,,,,,,,,,,,7944650,,,,,,,,,,,,,,,,
2012-01-30,,,,33.3,,,,,,1512.5455,,,,,,,38.6,,,,,,946.74,,,,,,,10,,,,,,2507209.87,,,,,,,54.5,,,,,,7940478,,,,,,,,,,,,,,,,
2012-01-31,411,,,,,,,142.6,2.39,1511.995,,51.3645,19.5851,257,,,,,,,145.2,2.32,946.33,,55.7261,16.6712,301.1,,,,,,,123.5,2.89,2485487.83,,0,0,347.7,,,,24.55,,,133.6,2.89,7932373,83.23,0,4.5173,,,,,4.9,,,,109.3,4.5,1.5,2.6,0.3
2012-02-01,,,,,,,,,,1511.8836,,,,,,,,,,,,,950.14,,,,,,,,,,,,,2501024.84,,,,,,,,,,,,,7926249,,,,,,,,,,,,,,,,
2012-02-02,,,,,,,,,,1526.8076,,,,,,,,,,,,,949.61,,,,,,,,,,,,,2495421.83,,,,,,,,,,,,,7970391,,,,,,,,,,,,,,,,
2012-02-03,,,,,,,,,,1525.1976,,,,,,,,,,,,,949.22,,,,,,,,,,,,,2490637.67,,,,,,,,,,,,,7962437,,,,,,,,,,,,,,,,
2012-02-04,,,,,,,,,,1524.0848,,,,,,,,,,,,,952.22,,,,,,,,,,,,,2477628.46,,,,,,,,,,,,,7949643,,,,,,,,,,,,,,,,
2012-02-05,,,,,54752.86,648,84.49515432098765,,,1523.6778,,,,,,,,,,,,,950.14,,,,,,,,14684.28,173,84.88023121387283,,,2474495.37,,,,,,,,,,,,,7940203,,,,,,,,,,,,,,,,
2012-02-06,,,,20.4,,,,,,1522.6313,,,,,,,26.8,,,,,,949.91,,,,,,,13.8,,,,,,2501100.16,,,,,,,28.4,,,,,,7936341,,,,,,,,,,,,,,,,
2012-02-07,,,,,,,,,,1521.0566,,,,,,,,,,,,,950.59,,,,,,,,,,,,,2497431.4,,,,,,,,,,,,,7923953,,,,,,,,,,,,,,,,
2012-02-08,,,,,,,,,,1519.3656,,,,,,,,,,,,,955.27,,,,,,,,,,,,,2464512.75,,,,,,,,,,,,,7908395,,,,,,,,,,,,,,,,
2012-02-09,,,,,,,,,,1524.7243,,,,,,,,,,,,,954.5,,,,,,,,,,,,,2438025.99,,,,,,,,,,,,,7897784,,,,,,,,,,,,,,,,
2012-02-10,,,,,,,,,,1523.9631,,,,,,,,,,,,,953.93,,,,,,,,,,,,,2489846.14,,,,,,,,,,,,,7833838,,,,,,,,,,,,,,,,
2012-02-11,,,,,,,,,,1522.854,,,,,,,,,,,,,952.55,,,,,,,,,,,,,2483887.49,,,,,,,,,,,,,7816867,,,,,,,,,,,,,,,,
2012-02-12,,,,,76870.83,887,86.66384441939121,,,1522.3376,,,,,,,,,,,,,951.05,,,,,,,,25059.99,306,81.89539215686274,,,2480625.31,,,,,,,,,,,,,7804856,,,,,,,,,,,,,,,,
2012-02-13,,,,22.22,,,,,,1521.1877,,,,,,,36,,,,,,949.07,,,,,,,13.49,,,,,,2492467.6,,,,,,,34.54,,,,,,7766591,,,,,,,,,,,,,,,,
2012-02-14,,,,,,,,,,1518.1017,,,,,,,,,,,,,948.17,,,,,,,,,,,,,2469533.54,,,,,,,,,,,,,7757814,,,,,,,,,,,,,,,,
2012-02-15,,,,,,,,,,1517.516,,,,,,,,,,,,,951.69,,,,,,,,,,,,,2465414.09,,,,,,,,,,,,,7734122,,,,,,,,,,,,,,,,
2012-02-16,,,,,,,,,,1540.1711,,,,,,,,,,,,,951.71,,,,,,,,,,,,,2460591.91,,,,,,,,,,,,,7705916,,,,,,,,,,,,,,,,
2012-02-17,,,,,,,,,,1540.924,,,,,,,,,,,,,950.5,,,,,,,,,,,,,2492222.77,,,,,,,,,,,,,7692810,,,,,,,,,,,,,,,,
2012-02-18,,,,,,,,,,1539.2553,,,,,,,,,,,,,948.81,,,,,,,,,,,,,2486970.84,,,,,,,,,,,,,7668622,,,,,,,,,,,,,,,,
2012-02-19,,,,,113373.65,1329,85.30748683220466,,,1538.2412,,,,,,,,,,,,,948.95,,,,,,,,31303.81,372,84.15002688172044,,,2485057.06,,,,,,,,,,,,,7655332,,,,,,,,,,,,,,,,
2012-02-20,,,,26.7,,,,,,1533.9315,,,,,,,32.7,,,,,,948.13,,,,,,,12.8,,,,,,2489695.63,,,,,,,30.9,,,,,,7672868,,,,,,,,,,,,,,,,
2012-02-21,,,,,,,,,,1532.4815,,,,,,,,,,,,,943.51,,,,,,,,,,,,,2464702.24,,,,,,,,,,,,,7666415,,,,,,,,,,,,,,,,
2012-02-22,,,,,,,,,,1528.709,,,,,,,,,,,,,944.96,,,,,,,,,,,,,2459989.62,,,,,,,,,,,,,7649279,,,,,,,,,,,,,,,,
2012-02-23,,,,,,,,,,1524.1231,,,,,,,,,,,,,946.38,,,,,,,,,,,,,2464533.19,,,,,,,,,,,,,7586265,,,,,,,,,,,,,,,,
2012-02-24,,,,,,,,,,1532.9536,,,,,,,,,,,,,948.07,,,,,,,,,,,,,2476787.33,,,,,,,,,,,,,7557217,,,,,,,,,,,,,,,,
2012-02-25,,,,,,,,,,1529.9678,,,,,,,,,,,,,944.47,,,,,,,,,,,,,2470382,,,,,,,,,,,,,7536972,,,,,,,,,,,,,,,,
2012-02-26,,,,,139798.79,1680,83.21356547619048,,,1537.1258,,,,,,,,,,,,,940.47,,,,,,,,35698.72,422,84.59412322274882,,,2465032.96,,,,,,,,,,,,,7516456,,,,,,,,,,,,,,,,
2012-02-27,,,,20.03,,,,,,1535.6842,,,,,,,37.2,,,,,,939.65,,,,,,,14.06,,,,,,2454111.4,,,,,,,30.26,,,,,,7495018,,,,,,,,,,,,,,,,
2012-02-28,,,,,,,,,,1534.673,,,,,,,,,,,,,941.7,,,,,,,,,,,,,2445379.1,,,,,,,,,,,,,7462140,,,,,,,,,,,,,,,,
2012-02-29,418,,,,,,,145.2,2.45,1534.0359,,25.2018,76.4245,255.4,,,,,,,143.3,2.31,937.63,,15.5319,62.9003,299.9,,,,,,,123.4,2.9,2468540.8,,0,0,344.4,,,,18.44,,,132.5,2.9,7437296,14.37,2.5504,29.7436,,,,,4.9,,,,110.89999999999999,3.2,-0.1,2.5,0.9
2012-03-01,,,,,,,,,,1539.1839,,,,,,,,,,,,,934.56,,,,,,,,,,,,,2429198.65,,,,,,,,,,,,,7386880,,,,,,,,,,,,,,,,
2012-03-02,,,,,,,,,,1542.165,,,,,,,,,,,,,935.81,,,,,,,,,,,,,2427999.81,,,,,,,,,,,,,7361995,,,,,,,,,,,,,,,,
2012-03-03,,,,,,,,,,1546.676,,,,,,,,,,,,,935.59,,,,,,,,,,,,,2419077.39,,,,,,,,,,,,,7334428,,,,,,,,,,,,,,,,
2012-03-04,,,,,174875.47,2069,84.5217351377477,,,1556.5935,,,,,,,,,,,,,933.9,,,,,,,,37115.6,442,83.97194570135747,,,2400252.19,,,,,,,,,,,,,7319106,,,,,,,,,,,,,,,,
2012-03-05,,,,25,,,,,,1554.9162,,,,,,,34,,,,,,932.61,,,,,,,16,,,,,,2402519.95,,,,,,,31,,,,,,7300993,,,,,,,,,,,,,,,,
2012-03-06,,,,,,,,,,1571.0672,,,,,,,,,,,,,935.65,,,,,,,,,,,,,2418505.78,,,,,,,,,,,,,7299186,,,,,,,,,,,,,,,,
2012-03-07,,,,,,,,,,1569.6732,,,,,,,,,,,,,934.42,,,,,,,,,,,,,2410479.44,,,,,,,,,,,,,7370286,,,,,,,,,,,,,,,,
2012-03-08,,,,,,,,,,1568.2482,,,,,,,,,,,,,933.73,,,,,,,,,,,,,2421294.04,,,,,,,,,,,,,7418330,,,,,,,,,,,,,,,,
2012-03-09,,,,,,,,,,1565.5263,,,,,,,,,,,,,935.24,,,,,,,,,,,,,2417928.78,,,,,,,,,,,,,7448391,,,,,,,,,,,,,,,,
2012-03-10,,,,,,,,,,1562.2469,,,,,,,,,,,,,935.06,,,,,,,,,,,,,2409331.98,,,,,,,,,,,,,7418737,,,,,,,,,,,,,,,,
2012-03-11,,,,,176229.96,2070,85.1352463768116,,,,,,,,,,,,,,,,932.37,,,,,,,,50896.07,614,82.89262214983714,,,2403080.93,,,,,,,,,,,,,7404046,,,,,,,,,,,,,,,,
2012-03-12,,,,26.1,,,,,,1557.3899,,,,,,,35.6,,,,,,932.6,,,,,,,19.5,,,,,,2397968.34,,,,,,,36.1,,,,,,7394552,,,,,,,,,,,,,,,,
2012-03-13,,,,,,,,,,1556.7968,,,,,,,,,,,,,932.22,,,,,,,,,,,,,2389383.17,,,,,,,,,,,,,7358757,,,,,,,,,,,,,,,,
2012-03-14,,,,,,,,,,1565.0402,,,,,,,,,,,,,930.51,,,,,,,,,,,,,2355534.49,,,,,,,,,,,,,7338008,,,,,,,,,,,,,,,,
2012-03-15,,,,,,,,,,1562.8108,,,,,,,,,,,,,938.63,,,,,,,,,,,,,2394305.4,,,,,,,,,,,,,7422744,,,,,,,,,,,,,,,,
2012-03-16,,,,,,,,,,1566.5357,,,,,,,,,,,,,944.54,,,,,,,,,,,,,2404151.3,,,,,,,,,,,,,7489337,,,,,,,,,,,,,,,,
2012-03-17,,,,,,,,,,1564.0314,,,,,,,,,,,,,942.97,,,,,,,,,,,,,2382991.25,,,,,,,,,,,,,7456496,,,,,,,,,,,,,,,,
2012-03-18,,,,,192513.74,2288,84.14062062937063,,,1565.9429,,,,,,,,,,,,,940.83,,,,,,,,70787.06,813,87.0689544895449,,,2372222.8,,,,,,,,,,,,,7435545,,,,,,,,,,,,,,,,
2012-03-19,,,,23,,,,,,1563.6332,,,,,,,34,,,,,,941.37,,,,,,,20,,,,,,2311040.94,,,,,,,32,,,,,,7420721,,,,,,,,,,,,,,,,
2012-03-20,,,,,,,,,,1567.4234,,,,,,,,,,,,,946.44,,,,,,,,,,,,,2394431.83,,,,,,,,,,,,,7416450,,,,,,,,,,,,,,,,
2012-03-21,,,,,,,,,,1564.1307,,,,,,,,,,,,,947.86,,,,,,,,,,,,,2383557.47,,,,,,,,,,,,,7414597,,,,,,,,,,,,,,,,
2012-03-22,,,,,,,,,,1599.0367,,,,,,,,,,,,,952.5,,,,,,,,,,,,,2372941.06,,,,,,,,,,,,,7382412,,,,,,,,,,,,,,,,
2012-03-23,,,,,,,,,,1597.0078,,,,,,,,,,,,,954.16,,,,,,,,,,,,,2363622.41,,,,,,,,,,,,,7432279,,,,,,,,,,,,,,,,
2012-03-24,,,,,,,,,,1595.7829,,,,,,,,,,,,,955.44,,,,,,,,,,,,,2343279.47,,,,,,,,,,,,,7408269,,,,,,,,,,,,,,,,
2012-03-25,,,,,226205.63,2630,86.00974524714829,,,1591.6402,,,,,,,,,,,,,953.23,,,,,,,,77132.78,928,83.11721982758621,,,2339131.65,,,,,,,,,,,,,7392255,,,,,,,,,,,,,,,,
2012-03-26,,,,26.41,,,,,,1589.767,,,,,,,34.67,,,,,,952.02,,,,,,,18.46,,,,,,2392010.21,,,,,,,30.18,,,,,,7399325,,,,,,,,,,,,,,,,
2012-03-27,,,,,,,,,,1083.8523,,,,,,,,,,,,,953.6,,,,,,,,,,,,,2393472.42,,,,,,,,,,,,,7383429,,,,,,,,,,,,,,,,
2012-03-28,,,,,,,,,,1084.2481,,,,,,,,,,,,,952.74,,,,,,,,,,,,,2380272.15,,,,,,,,,,,,,7385878,,,,,,,,,,,,,,,,
2012-03-29,,,,,,,,,,1082.2334,,,,,,,,,,,,,959.16,,,,,,,,,,,,,2359087.03,,,,,,,,,,,,,7395724,,,,,,,,,,,,,,,,
2012-03-30,,,,,,,,,,1090.7946,,,,,,,,,,,,,964.74,,,,,,,,,,,,,2365579.92,,,,,,,,,,,,,7331280,,,,,,,,,,,,,,,,
2012-03-31,427,,,,,,,146.6,2.48,1083.6917,,0,0,259.8,,,,,,,143.5,2.27,964.23,,71.7967,50.496,302.9,,,,,,,123.8,2.88,2356027.77,,0,0,349.4,,,,23.52,,,132.6,2.85,7261396,35.33,24.9341,0,,,11.3,,4.9,7.43,,,106.6,3.6,0.2,2.1,0.3
2012-04-01,,,,,294828.77,3456,85.3092505787037,,,1086.2887,,,,,,,,,,,,,959.99,,,,,,,,109861.87,1350,81.37916296296297,,,2339013.46,,,,,,,,,,,,,7247472,,,,,,,,,,,,,,,,
2012-04-02,,,,22.64,,,,,,1084.1739,,,,,,,31.42,,,,,,960.71,,,,,,,15.14,,,,,,2331069.65,,,,,,,30.2,,,,,,7225356,,,,,,,,,,,,,,,,
2012-04-03,,,,,,,,,,1082.1749,,,,,,,,,,,,,958.51,,,,,,,,,,,,,2317126.63,,,,,,,,,,,,,7214002,,,,,,,,,,,,,,,,
2012-04-04,,,,,,,,,,1080.9628,,,,,,,,,,,,,958,,,,,,,,,,,,,2316035.33,,,,,,,,,,,,,7210404,,,,,,,,,,,,,,,,
2012-04-05,,,,,,,,,,1078.8525,,,,,,,,,,,,,955.55,,,,,,,,,,,,,2309843.78,,,,,,,,,,,,,7203524,,,,,,,,,,,,,,,,
2012-04-06,,,,,,,,,,1076.2755,,,,,,,,,,,,,958.47,,,,,,,,,,,,,2290565.7,,,,,,,,,,,,,7196353,,,,,,,,,,,,,,,,
2012-04-07,,,,,,,,,,1073.6313,,,,,,,,,,,,,957.31,,,,,,,,,,,,,2285124.18,,,,,,,,,,,,,7165674,,,,,,,,,,,,,,,,
2012-04-08,,,,,83056.078,949,87.51957639620653,,,1063.4535,,,,,,,,,,,,,957.83,,,,,,,,25533.54,308,82.90110389610389,,,2280428.34,,,,,,,,,,,,,7146356,,,,,,,,,,,,,,,,
2012-04-09,,,,27.63,,,,,,1058.2381,,,,,,,31.67,,,,,,956.64,,,,,,,20.64,,,,,,2219028.56,,,,,,,33.97,,,,,,7116082,,,,,,,,,,,,,,,,
2012-04-10,,,,,,,,,,1064.3375,,,,,,,,,,,,,954.35,,,,,,,,,,,,,2211835.41,,,,,,,,,,,,,7091917,,,,,,,,,,,,,,,,
2012-04-11,,,,,,,,,,1060.7355,,,,,,,,,,,,,956.97,,,,,,,,,,,,,2241025.31,,,,,,,,,,,,,7110944,,,,,,,,,,,,,,,,
2012-04-12,,,,,,,,,,,,,,,,,,,,,,,959.18,,,,,,,,,,,,,2262151.45,,,,,,,,,,,,,7117635,,,,,,,,,,,,,,,,
2012-04-13,,,,,,,,,,1066.9543,,,,,,,,,,,,,960.95,,,,,,,,,,,,,2363572.66,,,,,,,,,,,,,7195098,,,,,,,,,,,,,,,,
2012-04-14,,,,,,,,,,1065.7272,,,,,,,,,,,,,959.58,,,,,,,,,,,,,2356205,,,,,,,,,,,,,7171793,,,,,,,,,,,,,,,,
2012-04-15,,,,,196235.92,2281,86.03065322227093,,,1061.2813,,,,,,,,,,,,,954.96,,,,,,,,80961.64,973,83.20826310380268,,,2351404.97,,,,,,,,,,,,,7153893,,,,,,,,,,,,,,,,
2012-04-16,,,,24.84,,,,,,1058.8108,,,,,,,31.79,,,,,,955.69,,,,,,,17.68,,,,,,2343663.84,,,,,,,32.38,,,,,,7214281,,,,,,,,,,,,,,,,
2012-04-17,,,,,,,,,,1051.8511,,,,,,,,,,,,,954.08,,,,,,,,,,,,,2309831.29,,,,,,,,,,,,,7184600,,,,,,,,,,,,,,,,
2012-04-18,,,,,,,,,,1049.9668,,,,,,,,,,,,,953.24,,,,,,,,,,,,,2299224.07,,,,,,,,,,,,,7216400,,,,,,,,,,,,,,,,
2012-04-19,,,,,,,,,,1046.6253,,,,,,,,,,,,,955.9,,,,,,,,,,,,,2308124.95,,,,,,,,,,,,,7259287,,,,,,,,,,,,,,,,
2012-04-20,,,,,,,,,,1041.6521,,,,,,,,,,,,,961.56,,,,,,,,,,,,,2314234.73,,,,,,,,,,,,,7256991,,,,,,,,,,,,,,,,
2012-04-21,,,,,,,,,,1033.6942,,,,,,,,,,,,,971.66,,,,,,,,,,,,,2301378.88,,,,,,,,,,,,,7225399,,,,,,,,,,,,,,,,
2012-04-22,,,,,232087.297,2728,85.07598863636363,,,1034.7268,,,,,,,,,,,,,968.93,,,,,,,,91922.1,1117,82.29373321396598,,,2261964.14,,,,,,,,,,,,,7199490,,,,,,,,,,,,,,,,
2012-04-23,,,,21.47,,,,,,1020.8101,,,,,,,32.15,,,,,,966.87,,,,,,,19.53,,,,,,2256391.75,,,,,,,29.63,,,,,,7144021,,,,,,,,,,,,,,,,
2012-04-24,,,,,,,,,,1025.5577,,,,,,,,,,,,,965.75,,,,,,,,,,,,,2246903.97,,,,,,,,,,,,,7206408,,,,,,,,,,,,,,,,
2012-04-25,,,,,,,,,,1021.3528,,,,,,,,,,,,,965.09,,,,,,,,,,,,,2321458.54,,,,,,,,,,,,,7319790,,,,,,,,,,,,,,,,
2012-04-26,,,,,,,,,,1025.6346,,,,,,,,,,,,,966.55,,,,,,,,,,,,,2478622.96,,,,,,,,,,,,,7333677,,,,,,,,,,,,,,,,
2012-04-27,,,,,,,,,,1031.5375,,,,,,,,,,,,,970.14,,,,,,,,,,,,,2553382.32,,,,,,,,,,,,,7478446,,,,,,,,,,,,,,,,
2012-04-28,,,,,,,,,,1040.475,,,,,,,,,,,,,973.43,,,,,,,,,,,,,2545115.41,,,,,,,,,,,,,7594693,,,,,,,,,,,,,,,,
2012-04-29,,,,,314175.457,3593,87.4409844141386,,,1052.1774,,,,,,,,,,,,,979.86,,,,,,,,111491.43,1338,83.32692825112107,,,2537549.08,,,,,,,,,,,,,7569625,,,,,,,,,,,,,,,,
2012-04-30,432,,,24.33,,,,147.8,2.46,,,0,25.2018,262.9,,,31.27,,,,144.8,2.27,979.13,,31.9762,22.8479,304.5,,,18.72,,,,123.7,2.86,2534265.25,,0,0,353.5,,,36.33,35.3,,,134.1,2.85,7553833,59.06,3.3631,24.9341,,,,,4.9,,,,108.5,3.4,-0.1,2,0
2012-05-01,,,,,,,,,,1042.6339,,,,,,,,,,,,,977.46,,,,,,,,,,,,,2532568.93,,,,,,,,,,,,,7541000,,,,,,,,,,,,,,,,
2012-05-02,,,,,,,,,,1025.7062,,,,,,,,,,,,,977.73,,,,,,,,,,,,,2524989.94,,,,,,,,,,,,,7519262,,,,,,,,,,,,,,,,
2012-05-03,,,,,,,,,,1024.5654,,,,,,,,,,,,,977.78,,,,,,,,,,,,,2518333.8,,,,,,,,,,,,,7489104,,,,,,,,,,,,,,,,
2012-05-04,,,,,,,,,,1022.1263,,,,,,,,,,,,,981.96,,,,,,,,,,,,,2524680.98,,,,,,,,,,,,,7457939,,,,,,,,,,,,,,,,
2012-05-05,,,,,,,,,,,,,,,,,,,,,,,978.6,,,,,,,,,,,,,2518625.17,,,,,,,,,,,,,7401238,,,,,,,,,,,,,,,,
2012-05-06,,,,,136705.28,1530,89.34985620915033,,,1019.4459,,,,,,,,,,,,,974.98,,,,,,,,41151.65,493,83.47190669371197,,,2508949.37,,,,,,,,,,,,,7361129,,,,,,,,,,,,,,,,
2012-05-07,,,,25.51,,,,,,1017.9504,,,,,,,32.92,,,,,,973.13,,,,,,,20.17,,,,,,2453942.89,,,,,,,35.29,,,,,,7332130,,,,,,,,,,,,,,,,
2012-05-08,,,,,,,,,,1024.4774,,,,,,,,,,,,,971,,,,,,,,,,,,,2450987.55,,,,,,,,,,,,,7281496,,,,,,,,,,,,,,,,
2012-05-09,,,,,,,,,,1023.5294,,,,,,,,,,,,,974.09,,,,,,,,,,,,,2471697.29,,,,,,,,,,,,,7377623,,,,,,,,,,,,,,,,
2012-05-10,,,,,,,,,,1021.9156,,,,,,,,,,,,,980.5,,,,,,,,,,,,,2466617.17,,,,,,,,,,,,,7353088,,,,,,,,,,,,,,,,
2012-05-11,,,,,,,,,,1019.7559,,,,,,,,,,,,,980.51,,,,,,,,,,,,,2520433.53,,,,,,,,,,,,,7360727,,,,,,,,,,,,,,,,
2012-05-12,,,,,,,,,,1013.4735,,,,,,,,,,,,,985.23,,,,,,,,,,,,,2512889.55,,,,,,,,,,,,,7309202,,,,,,,,,,,,,,,,
2012-05-13,,,,,228353.93,2572,88.78457620528772,,,1009.1302,,,,,,,,,,,,,984.96,,,,,,,,92824.4,1106,83.92802893309222,,,2498297.71,,,,,,,,,,,,,7278022,,,,,,,,,,,,,,,,
2012-05-14,,,,21.16,,,,,,1006.5622,,,,,,,28.52,,,,,,984.31,,,,,,,19.46,,,,,,2463321.43,,,,,,,31.97,,,,,,7243225,,,,,,,,,,,,,,,,
2012-05-15,,,,,,,,,,993.0106,,,,,,,,,,,,,988.59,,,,,,,,,,,,,2451373.74,,,,,,,,,,,,,7216652,,,,,,,,,,,,,,,,
2012-05-16,,,,,,,,,,999.884,,,,,,,,,,,,,988.54,,,,,,,,,,,,,2424528.63,,,,,,,,,,,,,7195273,,,,,,,,,,,,,,,,
2012-05-17,,,,,,,,,,1002.6761,,,,,,,,,,,,,996.35,,,,,,,,,,,,,2465339.52,,,,,,,,,,,,,7207102,,,,,,,,,,,,,,,,
2012-05-18,,,,,,,,,,1015.4326,,,,,,,,,,,,,996.88,,,,,,,,,,,,,2461234.29,,,,,,,,,,,,,7374591,,,,,,,,,,,,,,,,
2012-05-19,,,,,,,,,,1010.428,,,,,,,,,,,,,994.79,,,,,,,,,,,,,2449617.12,,,,,,,,,,,,,7331688,,,,,,,,,,,,,,,,
2012-05-20,,,,,266523.05,3008,88.60473736702127,,,1020.1377,,,,,,,,,,,,,992.15,,,,,,,,92544.82,1098,84.28489981785064,,,2440034.08,,,,,,,,,,,,,7307670,,,,,,,,,,,,,,,,
2012-05-21,,,,29.94,,,,,,1019.8055,,,,,,,35.82,,,,,,993.2,,,,,,,19.26,,,,,,2474361.78,,,,,,,29.92,,,,,,7289741,,,,,,,,,,,,,,,,
2012-05-22,,,,,,,,,,1016.8792,,,,,,,,,,,,,989.53,,,,,,,,,,,,,2501701.12,,,,,,,,,,,,,7286005,,,,,,,,,,,,,,,,
2012-05-23,,,,,,,,,,1014.7697,,,,,,,,,,,,,1006.38,,,,,,,,,,,,,2444997.2,,,,,,,,,,,,,7308136,,,,,,,,,,,,,,,,
2012-05-24,,,,,,,,,,1007.8589,,,,,,,,,,,,,1011.36,,,,,,,,,,,,,2519736.78,,,,,,,,,,,,,7275192,,,,,,,,,,,,,,,,
2012-05-25,,,,,,,,,,1007.7398,,,,,,,,,,,,,1012.7,,,,,,,,,,,,,2441537.45,,,,,,,,,,,,,7284944,,,,,,,,,,,,,,,,
2012-05-26,,,,,,,,,,1016.7925,,,,,,,,,,,,,1011.86,,,,,,,,,,,,,2419172.36,,,,,,,,,,,,,7247921,,,,,,,,,,,,,,,,
2012-05-27,,,,,261875.26,3007,87.08854672430995,,,,,,,,,,,,,,,,1010.68,,,,,,,,100518.44,1214,82.79937397034597,,,2401883.77,,,,,,,,,,,,,7224626,,,,,,,,,,,,,,,,
2012-05-28,,,,29.57,,,,,,1014.6104,,,,,,,34.33,,,,,,1013.84,,,,,,,20.68,,,,,,2463395.56,,,,,,,30.95,,,,,,7237303,,,,,,,,,,,,,,,,
2012-05-29,,,,,,,,,,1002.3476,,,,,,,,,,,,,1001.3,,,,,,,,,,,,,2438705.57,,,,,,,,,,,,,7199098,,,,,,,,,,,,,,,,
2012-05-30,,,,,,,,,,999.4178,,,,,,,,,,,,,996.19,,,,,,,,,,,,,2413696.66,,,,,,,,,,,,,7190600,,,,,,,,,,,,,,,,
2012-05-31,436,,,,,,,148.4,2.46,1011.7447,,11.9575,0,264.8,,,,,,,144.9,2.25,1003.83,,52.9746,20.5278,307.4,,,,,,,123.4,2.83,2374470.41,,9.45,0,359.6,,,,35.01,,,134.9,2.81,7250564,54.81,109.358,3.3631,,,,,4.9,,,,108.89999999999999,3,-0.3,2.2,0.2
2012-06-01,,,,,,,,,,1000.3658,,,,,,,,,,,,,999.85,,,,,,,,,,,,,2413201.09,,,,,,,,,,,,,7286144,,,,,,,,,,,,,,,,
2012-06-02,,,,,,,,,,996.2033,,,,,,,,,,,,,997.69,,,,,,,,,,,,,2401034.98,,,,,,,,,,,,,7247522,,,,,,,,,,,,,,,,
2012-06-03,,,,,287809.93,3244,88.72069358816276,,,1005.1229,,,,,,,,,,,,,994.74,,,,,,,,104465.14,1227,85.13866340668297,,,2385561.48,,,,,,,,,,,,,7226224,,,,,,,,,,,,,,,,
2012-06-04,,,,30.62,,,,,,1002.5641,,,,,,,34.79,,,,,,990.24,,,,,,,21.83,,,,,,2373971.99,,,,,,,30.19,,,,,,7224138,,,,,,,,,,,,,,,,
2012-06-05,,,,,,,,,,999.7758,,,,,,,,,,,,,991.03,,,,,,,,,,,,,2491464.06,,,,,,,,,,,,,7274271,,,,,,,,,,,,,,,,
2012-06-06,,,,,,,,,,993.855,,,,,,,,,,,,,992.2,,,,,,,,,,,,,2442160.87,,,,,,,,,,,,,7230872,,,,,,,,,,,,,,,,
2012-06-07,,,,,,,,,,1008.9017,,,,,,,,,,,,,1000.94,,,,,,,,,,,,,2479530.75,,,,,,,,,,,,,7236641,,,,,,,,,,,,,,,,
2012-06-08,,,,,,,,,,1008.9372,,,,,,,,,,,,,1008.38,,,,,,,,,,,,,2480562.58,,,,,,,,,,,,,7222572,,,,,,,,,,,,,,,,
2012-06-09,,,,,,,,,,1028.4824,,,,,,,,,,,,,1008.26,,,,,,,,,,,,,2474448.92,,,,,,,,,,,,,7220587,,,,,,,,,,,,,,,,
2012-06-10,,,,,234642.98,2698,86.9692290585619,,,1023.5834,,,,,,,,,,,,,1002.19,,,,,,,,97746.1,1152,84.84904513888888,,,2459995.74,,,,,,,,,,,,,7190223,,,,,,,,,,,,,,,,
2012-06-11,,,,32.27,,,,,,1018.4601,,,,,,,42.19,,,,,,1000.87,,,,,,,23.72,,,,,,2436783.24,,,,,,,30.04,,,,,,7225625,,,,,,,,,,,,,,,,
2012-06-12,,,,,,,,,,1020.5661,,,,,,,,,,,,,1000.18,,,,,,,,,,,,,2367173.4,,,,,,,,,,,,,7199536,,,,,,,,,,,,,,,,
2012-06-13,,,,,,,,,,1016.577,,,,,,,,,,,,,1011.21,,,,,,,,,,,,,2342529.8,,,,,,,,,,,,,7218346,,,,,,,,,,,,,,,,
2012-06-14,,,,,,,,,,1026.5104,,,,,,,,,,,,,1004.35,,,,,,,,,,,,,2339082.84,,,,,,,,,,,,,7221563,,,,,,,,,,,,,,,,
2012-06-15,,,,,,,,,,1037.6938,,,,,,,,,,,,,1005.59,,,,,,,,,,,,,2345002.44,,,,,,,,,,,,,7211877,,,,,,,,,,,,,,,,
2012-06-16,,,,,,,,,,1028.9455,,,,,,,,,,,,,1009.62,,,,,,,,,,,,,2330607.7,,,,,,,,,,,,,7180858,,,,,,,,,,,,,,,,
2012-06-17,,,,,266372.134,3044,87.50727135348227,,,1037.2952,,,,,,,,,,,,,1006.11,,,,,,,,107140.89,1272,84.23025943396226,,,2295425.17,,,,,,,,,,,,,7160295,,,,,,,,,,,,,,,,
2012-06-18,,,,40.3,,,,,,1032.7415,,,,,,,42.51,,,,,,1001.57,,,,,,,25.86,,,,,,2275394.75,,,,,,,36.76,,,,,,7174914,,,,,,,,,,,,,,,,
2012-06-19,,,,,,,,,,1028.6968,,,,,,,,,,,,,997.65,,,,,,,,,,,,,2271186.67,,,,,,,,,,,,,7201475,,,,,,,,,,,,,,,,
2012-06-20,,,,,,,,,,1031.3149,,,,,,,,,,,,,997.17,,,,,,,,,,,,,2317601.73,,,,,,,,,,,,,7204172,,,,,,,,,,,,,,,,
2012-06-21,,,,,,,,,,1030.614,,,,,,,,,,,,,997.7,,,,,,,,,,,,,2295359.4,,,,,,,,,,,,,7201544,,,,,,,,,,,,,,,,
2012-06-22,,,,,,,,,,1028.688,,,,,,,,,,,,,999.86,,,,,,,,,,,,,2260476.51,,,,,,,,,,,,,7170517,,,,,,,,,,,,,,,,
2012-06-23,,,,,,,,,,1029.6449,,,,,,,,,,,,,997.79,,,,,,,,,,,,,2243898.65,,,,,,,,,,,,,7151842,,,,,,,,,,,,,,,,
2012-06-24,,,,,242915.05,2788,87.12878407460545,,,1023.0143,,,,,,,,,,,,,995.02,,,,,,,,89438.64,1064,84.05887218045113,,,2239987.92,,,,,,,,,,,,,7136084,,,,,,,,,,,,,,,,
2012-06-25,,,,35.56,,,,,,1019.6915,,,,,,,38.06,,,,,,993.54,,,,,,,30.73,,,,,,2232267.95,,,,,,,38.67,,,,,,7141348,,,,,,,,,,,,,,,,
2012-06-26,,,,,,,,,,1012.3334,,,,,,,,,,,,,993.53,,,,,,,,,,,,,2171174.73,,,,,,,,,,,,,7146397,,,,,,,,,,,,,,,,
2012-06-27,,,,,,,,,,1010.0479,,,,,,,,,,,,,994.53,,,,,,,,,,,,,2158141.5,,,,,,,,,,,,,7145233,,,,,,,,,,,,,,,,
2012-06-28,,,,,,,,,,1004.8699,,,,,,,,,,,,,993.06,,,,,,,,,,,,,2251522.12,,,,,,,,,,,,,7103123,,,,,,,,,,,,,,,,
2012-06-29,,,,,,,,,,1005.1903,,,,,,,,,,,,,990.28,,,,,,,,,,,,,2287727.95,,,,,,,,,,,,,7071079,,,,,,,,,,,,,,,,
2012-06-30,442,,,,,,,148.8,2.43,994.6356,,75.7165,4.1836,269.9,,,,,,,145.2,2.21,982.52,,94.8103,83.8379,311.1,,,,,,,123.7,2.8,2257104.7,,7.8086,0,364.4,,,,35.28,,,136.1,2.8,7013021,52.29,7.3685,109.358,,,11.4,,4.7,6.68,,,103.2,2.2,-0.6,2.9,0.5
2012-07-01,,,,,394157.08,4555,86.5328386388584,,,990.4431,,,,,,,,,,,,,979.7,,,,,,,,111468.49,1324,84.19070241691843,,,2240086.69,,,,,,,,,,,,,6990078,,,,,,,,,,,,,,,,
2012-07-02,,,,45.63,,,,,,985.8878,,,,,,,41.49,,,,,,978.1,,,,,,,34.26,,,,,,2225466.06,,,,,,,36.36,,,,,,6870695,,,,,,,,,,,,,,,,
2012-07-03,,,,,,,,,,984.2807,,,,,,,,,,,,,981.63,,,,,,,,,,,,,2187287.87,,,,,,,,,,,,,6845736,,,,,,,,,,,,,,,,
2012-07-04,,,,,,,,,,983.612,,,,,,,,,,,,,979.71,,,,,,,,,,,,,2265518.01,,,,,,,,,,,,,6837910,,,,,,,,,,,,,,,,
2012-07-05,,,,,,,,,,979.3389,,,,,,,,,,,,,983.82,,,,,,,,,,,,,2246944.93,,,,,,,,,,,,,6817861,,,,,,,,,,,,,,,,
2012-07-06,,,,,,,,,,971.6184,,,,,,,,,,,,,986.89,,,,,,,,,,,,,2298888.31,,,,,,,,,,,,,6914171,,,,,,,,,,,,,,,,
2012-07-07,,,,,,,,,,,,,,,,,,,,,,,983.14,,,,,,,,,,,,,2231733.15,,,,,,,,,,,,,6882654,,,,,,,,,,,,,,,,
2012-07-08,,,,,257787.23,2895,89.04567530224524,,,,,,,,,,,,,,,,982,,,,,,,,112348.89,1309,85.82802902979374,,,2227539.6,,,,,,,,,,,,,6863923,,,,,,,,,,,,,,,,
2012-07-09,,,,48.92,,,,,,959.9874,,,,,,,42.92,,,,,,980.7,,,,,,,32.23,,,,,,2190419.49,,,,,,,42.84,,,,,,6857870,,,,,,,,,,,,,,,,
2012-07-10,,,,,,,,,,963.201,,,,,,,,,,,,,979.32,,,,,,,,,,,,,2103177.79,,,,,,,,,,,,,6819697,,,,,,,,,,,,,,,,
2012-07-11,,,,,,,,,,955.9344,,,,,,,,,,,,,973.19,,,,,,,,,,,,,2114075.33,,,,,,,,,,,,,6889002,,,,,,,,,,,,,,,,
2012-07-12,,,,,,,,,,957.5772,,,,,,,,,,,,,974.1,,,,,,,,,,,,,2205318.59,,,,,,,,,,,,,6979168,,,,,,,,,,,,,,,,
2012-07-13,,,,,,,,,,951.7877,,,,,,,,,,,,,974.3,,,,,,,,,,,,,2270473.82,,,,,,,,,,,,,7134290,,,,,,,,,,,,,,,,
2012-07-14,,,,,,,,,,946.2424,,,,,,,,,,,,,975.41,,,,,,,,,,,,,2381381.4,,,,,,,,,,,,,7108951,,,,,,,,,,,,,,,,
2012-07-15,,,,,319020.69,3583,89.03731230812168,,,949.965,,,,,,,,,,,,,975.31,,,,,,,,123643.55,1486,83.20561911170928,,,2373625,,,,,,,,,,,,,7076570,,,,,,,,,,,,,,,,
2012-07-16,,,,57.37,,,,,,945.8097,,,,,,,46.37,,,,,,972.26,,,,,,,34.55,,,,,,2381934.46,,,,,,,42.84,,,,,,7069582,,,,,,,,,,,,,,,,
2012-07-17,,,,,,,,,,948.9117,,,,,,,,,,,,,969.65,,,,,,,,,,,,,2436363.13,,,,,,,,,,,,,7076920,,,,,,,,,,,,,,,,
2012-07-18,,,,,,,,,,948.9919,,,,,,,,,,,,,974.18,,,,,,,,,,,,,2397291.03,,,,,,,,,,,,,7055350,,,,,,,,,,,,,,,,
2012-07-19,,,,,,,,,,947.0377,,,,,,,,,,,,,976.56,,,,,,,,,,,,,2391253.69,,,,,,,,,,,,,7147490,,,,,,,,,,,,,,,,
2012-07-20,,,,,,,,,,951.6091,,,,,,,,,,,,,978.65,,,,,,,,,,,,,2364769.28,,,,,,,,,,,,,7143139,,,,,,,,,,,,,,,,
2012-07-21,,,,,,,,,,950.8284,,,,,,,,,,,,,975.24,,,,,,,,,,,,,2316649.44,,,,,,,,,,,,,7092288,,,,,,,,,,,,,,,,
2012-07-22,,,,,349314.44,3888,89.84424897119342,,,996.5781,,,,,,,,,,,,,971.03,,,,,,,,126058.74,1467,85.92961145194273,,,2305551.62,,,,,,,,,,,,,7070644,,,,,,,,,,,,,,,,
2012-07-23,,,,55.6,,,,,,998.3544,,,,,,,41.34,,,,,,969.84,,,,,,,33.3,,,,,,2326439.6,,,,,,,39.51,,,,,,7049140,,,,,,,,,,,,,,,,
2012-07-24,,,,,,,,,,1001.3375,,,,,,,,,,,,,967.43,,,,,,,,,,,,,2311247.56,,,,,,,,,,,,,7035514,,,,,,,,,,,,,,,,
2012-07-25,,,,,,,,,,996.6722,,,,,,,,,,,,,975.99,,,,,,,,,,,,,2296795.01,,,,,,,,,,,,,6976241,,,,,,,,,,,,,,,,
2012-07-26,,,,,,,,,,1001.9557,,,,,,,,,,,,,981.71,,,,,,,,,,,,,2382340.05,,,,,,,,,,,,,6981162,,,,,,,,,,,,,,,,
2012-07-27,,,,,,,,,,996.0684,,,,,,,,,,,,,988.79,,,,,,,,,,,,,2372906.28,,,,,,,,,,,,,6937284,,,,,,,,,,,,,,,,
2012-07-28,,,,,,,,,,992.2573,,,,,,,,,,,,,986.94,,,,,,,,,,,,,2366893.85,,,,,,,,,,,,,6892782,,,,,,,,,,,,,,,,
2012-07-29,,,,,413234.89,4605,89.73613246471227,,,989.3027,,,,,,,,,,,,,983.2,,,,,,,,123611.04,1446,85.4848132780083,,,2359327.61,,,,,,,,,,,,,6868337,,,,,,,,,,,,,,,,
2012-07-30,,,,51.5,,,,,,984.6217,,,,,,,41.54,,,,,,981.33,,,,,,,34.44,,,,,,2434321.96,,,,,,,39.49,,,,,,6891826,,,,,,,,,,,,,,,,
2012-07-31,452,,,,,,,150.3,2.4,983.3342,,0,104.9356,274.3,,,,,,,148.4,2.23,979.05,,45.7824,62.1516,315.5,,,,,,,124.1,2.76,2397080.81,,51.352,7.8086,369.2,,,,47.64,,,138,2.81,6914951,62.7,18.0546,7.3685,,,,,4.5,,,,101.5,1.8,0.1,3.1,0.2
2012-08-01,,,,,,,,,,979.2791,,,,,,,,,,,,,983.12,,,,,,,,,,,,,2316807.22,,,,,,,,,,,,,6925864,,,,,,,,,,,,,,,,
2012-08-02,,,,,,,,,,976.6018,,,,,,,,,,,,,981.14,,,,,,,,,,,,,2412341.56,,,,,,,,,,,,,7008557,,,,,,,,,,,,,,,,
2012-08-03,,,,,,,,,,974.7419,,,,,,,,,,,,,979.41,,,,,,,,,,,,,2404925.63,,,,,,,,,,,,,7002842,,,,,,,,,,,,,,,,
2012-08-04,,,,,,,,,,984.3916,,,,,,,,,,,,,978.93,,,,,,,,,,,,,2398613.4,,,,,,,,,,,,,6970272,,,,,,,,,,,,,,,,
2012-08-05,,,,,326616.63,3666,89.09346153846154,,,979.7952,,,,,,,,,,,,,979.25,,,,,,,,126430.59,1518,83.28760869565217,,,2387238.94,,,,,,,,,,,,,6948777,,,,,,,,,,,,,,,,
2012-08-06,,,,45.6,,,,,,989.3828,,,,,,,47.54,,,,,,980.17,,,,,,,31.42,,,,,,2387429.04,,,,,,,43.78,,,,,,6980190,,,,,,,,,,,,,,,,
2012-08-07,,,,,,,,,,986.0436,,,,,,,,,,,,,975.51,,,,,,,,,,,,,2368280.86,,,,,,,,,,,,,6959142,,,,,,,,,,,,,,,,
2012-08-08,,,,,,,,,,978.1249,,,,,,,,,,,,,974.74,,,,,,,,,,,,,2644094.25,,,,,,,,,,,,,7010454,,,,,,,,,,,,,,,,
2012-08-09,,,,,,,,,,989.2652,,,,,,,,,,,,,974.43,,,,,,,,,,,,,2637353.23,,,,,,,,,,,,,7053268,,,,,,,,,,,,,,,,
2012-08-10,,,,,,,,,,1004.9275,,,,,,,,,,,,,973.9,,,,,,,,,,,,,2618862.74,,,,,,,,,,,,,7125709,,,,,,,,,,,,,,,,
2012-08-11,,,,,,,,,,,,,,,,,,,,,,,973.32,,,,,,,,,,,,,2612859.42,,,,,,,,,,,,,7095380,,,,,,,,,,,,,,,,
2012-08-12,,,,,196963.17,2191,89.89647193062528,,,999.3995,,,,,,,,,,,,,971.02,,,,,,,,115780.27,1382,83.77732995658467,,,2568424.83,,,,,,,,,,,,,7078388,,,,,,,,,,,,,,,,
2012-08-13,,,,54.29,,,,,,996.2864,,,,,,,42.16,,,,,,970.36,,,,,,,35.48,,,,,,2557684.12,,,,,,,42.2,,,,,,7052270,,,,,,,,,,,,,,,,
2012-08-14,,,,,,,,,,1003.4058,,,,,,,,,,,,,972.7,,,,,,,,,,,,,2546163.14,,,,,,,,,,,,,7036391,,,,,,,,,,,,,,,,
2012-08-15,,,,,,,,,,1011.158,,,,,,,,,,,,,969.14,,,,,,,,,,,,,2531998.49,,,,,,,,,,,,,7017483,,,,,,,,,,,,,,,,
2012-08-16,,,,,,,,,,1009.1336,,,,,,,,,,,,,973.79,,,,,,,,,,,,,2483038.63,,,,,,,,,,,,,6996837,,,,,,,,,,,,,,,,
2012-08-17,,,,,,,,,,1013.045,,,,,,,,,,,,,986.37,,,,,,,,,,,,,2482064.87,,,,,,,,,,,,,6988820,,,,,,,,,,,,,,,,
2012-08-18,,,,,,,,,,1003.0115,,,,,,,,,,,,,989.96,,,,,,,,,,,,,2464214.51,,,,,,,,,,,,,,,,,,,,,,,,,,,,,
2012-08-19,,,,,289900.05,3291,88.088742023701,,,996.2012,,,,,,,,,,,,,987.22,,,,,,,,129101.44,1542,83.72337224383917,,,2453332.44,,,,,,,,,,,,,6927895.2165,,,,,,,,,,,,,,,,
2012-08-20,,,,57.95,,,,,,991.8009,,,,,,,44.34,,,,,,986.1,,,,,,,35.43,,,,,,2390903.83,,,,,,,41.94,,,,,,6935251.6535,,,,,,,,,,,,,,,,
2012-08-21,,,,,,,,,,985.3756,,,,,,,,,,,,,984.38,,,,,,,,,,,,,2377045.19,,,,,,,,,,,,,6960111.3482,,,,,,,,,,,,,,,,
2012-08-22,,,,,,,,,,988.3292,,,,,,,,,,,,,983.03,,,,,,,,,,,,,2329923.53,,,,,,,,,,,,,7072599.4024,,,,,,,,,,,,,,,,
2012-08-23,,,,,,,,,,984.4156,,,,,,,,,,,,,989.05,,,,,,,,,,,,,2364556.18,,,,,,,,,,,,,7065771.229,,,,,,,,,,,,,,,,
2012-08-24,,,,,,,,,,,,,,,,,,,,,,,989.25,,,,,,,,,,,,,2366989.29,,,,,,,,,,,,,7088934.2654,,,,,,,,,,,,,,,,
2012-08-25,,,,,,,,,,,,,,,,,,,,,,,991.72,,,,,,,,,,,,,2360269.26,,,,,,,,,,,,,7043360.901,,,,,,,,,,,,,,,,
2012-08-26,,,,,209171.11,2340,89.38936324786324,,,972.754,,,,,,,,,,,,,989.07,,,,,,,,124581,1469,84.80667120490129,,,2352159.17,,,,,,,,,,,,,7010370.2902,,,,,,,,,,,,,,,,
2012-08-27,,,,57.2,,,,,,967.3893,,,,,,,43.21,,,,,,990.82,,,,,,,35.58,,,,,,2333635.85,,,,,,,43.76,,,,,,6981266.7017,,,,,,,,,,,,,,,,
2012-08-28,,,,,,,,,,968.0424,,,,,,,,,,,,,996.6,,,,,,,,,,,,,2336650.51,,,,,,,,,,,,,6965355.938,,,,,,,,,,,,,,,,
2012-08-29,,,,,,,,,,966.6619,,,,,,,,,,,,,998.54,,,,,,,,,,,,,2313911.12,,,,,,,,,,,,,6963098.7679,,,,,,,,,,,,,,,,
2012-08-30,,,,,,,,,,970.7036,,,,,,,,,,,,,1003.06,,,,,,,,,,,,,2338138.3,,,,,,,,,,,,,6956354.1735,,,,,,,,,,,,,,,,
2012-08-31,460,,,,,,,151.2,2.36,961.3311,,232.0128,0,276.5,,,,,,,151.6,2.26,1002.44,,173.4071,65.4099,319.5,,,,,,,124.5,2.74,2371372.2,,10.1078,49,371.8,,,,53.63,,,139.4,2.81,7041934.2141,82.05,126.9284,37.9934,,,,,4.5,,,,103.69999999999999,2,0.6,3,0.4
2012-09-01,,,,,,,,,,,,,,,,,,,,,,,997.87,,,,,,,,,,,,,2432912.59,,,,,,,,,,,,,6993124.4017,,,,,,,,,,,,,,,,
2012-09-02,,,,,294175.04,3327,88.4205109708446,,,947.9709,,,,,,,,,,,,,994.39,,,,,,,,140132.62,1556,90.05952442159384,,,2494798.77,,,,,,,,,,,,,6961477.8703,,,,,,,,,,,,,,,,
2012-09-03,,,,51.82,,,,,,947.74,,,,,,,43.42,,,,,,992.05,,,,,,,37.3,,,,,,2486558.4,,,,,,,44.43,,,,,,6947196.65,,,,,,,,,,,,,,,,
2012-09-04,,,,,,,,,,945.5119,,,,,,,,,,,,,990.75,,,,,,,,,,,,,2500764.54,,,,,,,,,,,,,6942013.2324,,,,,,,,,,,,,,,,
2012-09-05,,,,,,,,,,952.4382,,,,,,,,,,,,,997.63,,,,,,,,,,,,,2474824.03,,,,,,,,,,,,,6900055.7731,,,,,,,,,,,,,,,,
2012-09-06,,,,,,,,,,952.9491,,,,,,,,,,,,,1010.43,,,,,,,,,,,,,2468206.18,,,,,,,,,,,,,6824314.4296,,,,,,,,,,,,,,,,
2012-09-07,,,,,,,,,,956.9575,,,,,,,,,,,,,1015.72,,,,,,,,,,,,,2403366.48,,,,,,,,,,,,,6887965.3828,,,,,,,,,,,,,,,,
2012-09-08,,,,,,,,,,966.2659,,,,,,,,,,,,,1019.13,,,,,,,,,,,,,2391553.1,,,,,,,,,,,,,6842316.6128,,,,,,,,,,,,,,,,
2012-09-09,,,,,237181.35,2672,88.7654752994012,,,962.1576,,,,,,,,,,,,,1021.58,,,,,,,,120135.16,1433,83.83472435450105,,,2385053.76,,,,,,,,,,,,,6819029.299,,,,,,,,,,,,,,,,
2012-09-10,,,,50,,,,,,964.0164,,,,,,,46.28,,,,,,1020.16,,,,,,,37.5,,,,,,2377134.18,,,,,,,38.59,,,,,,6917272.4411,,,,,,,,,,,,,,,,
2012-09-11,,,,,,,,,,965.4842,,,,,,,,,,,,,1020.55,,,,,,,,,,,,,2366067.39,,,,,,,,,,,,,6797472.1298,,,,,,,,,,,,,,,,
2012-09-12,,,,,,,,,,963.4606,,,,,,,,,,,,,1021.15,,,,,,,,,,,,,2423110.66,,,,,,,,,,,,,,,,,,,,,,,,,,,,,
2012-09-13,,,,,,,,,,966.4915,,,,,,,,,,,,,1022.47,,,,,,,,,,,,,2422681.56,,,,,,,,,,,,,6764061.0483,,,,,,,,,,,,,,,,
2012-09-14,,,,,,,,,,981.4744,,,,,,,,,,,,,1033.05,,,,,,,,,,,,,2460171.29,,,,,,,,,,,,,6823434.6911,,,,,,,,,,,,,,,,
2012-09-15,,,,,,,,,,,,,,,,,,,,,,,1035.14,,,,,,,,,,,,,2453715.39,,,,,,,,,,,,,6840827.6939,,,,,,,,,,,,,,,,
2012-09-16,,,,,232635.5,2627,88.55557670346403,,,968.7174,,,,,,,,,,,,,1032.51,,,,,,,,127985.66,1479,86.53526707234619,,,2439349.91,,,,,,,,,,,,,6817110.0236,,,,,,,,,,,,,,,,
2012-09-17,,,,48.14,,,,,,967.624,,,,,,,45.16,,,,,,1031.03,,,,,,,36.29,,,,,,2466350.46,,,,,,,40.83,,,,,,6801706.3987,,,,,,,,,,,,,,,,
2012-09-18,,,,,,,,,,965.5754,,,,,,,,,,,,,1035.82,,,,,,,,,,,,,2456486.13,,,,,,,,,,,,,6779079.712,,,,,,,,,,,,,,,,
2012-09-19,,,,,,,,,,973.5952,,,,,,,,,,,,,1036.01,,,,,,,,,,,,,2503998.82,,,,,,,,,,,,,6753154.5532,,,,,,,,,,,,,,,,
2012-09-20,,,,,,,,,,977.1266,,,,,,,,,,,,,1036.4,,,,,,,,,,,,,2510161.75,,,,,,,,,,,,,6830733.3367,,,,,,,,,,,,,,,,
2012-09-21,,,,,,,,,,996.0717,,,,,,,,,,,,,1043.11,,,,,,,,,,,,,2501521.94,,,,,,,,,,,,,6956105.5654,,,,,,,,,,,,,,,,
2012-09-22,,,,,,,,,,,,,,,,,,,,,,,1052.6,,,,,,,,,,,,,2499691.56,,,,,,,,,,,,,,,,,,,,,,,,,,,,,
2012-09-23,,,,,254976.93,2808,90.80375,,,997.8208,,,,,,,,,,,,,1048.83,,,,,,,,127064.85,1530,83.04892156862745,,,2497327.73,,,,,,,,,,,,,6891240.3154,,,,,,,,,,,,,,,,
2012-09-24,,,,50.65,,,,,,986.9652,,,,,,,44.88,,,,,,1044.37,,,,,,,36.14,,,,,,2481677.12,,,,,,,39.4,,,,,,6944251.8126,,,,,,,,,,,,,,,,
2012-09-25,,,,,,,,,,998.8636,,,,,,,,,,,,,1040.68,,,,,,,,,,,,,2548094.8,,,,,,,,,,,,,6974253.3585,,,,,,,,,,,,,,,,
2012-09-26,,,,,,,,,,1011.4446,,,,,,,,,,,,,1054.87,,,,,,,,,,,,,2545366.79,,,,,,,,,,,,,6945614.6457,,,,,,,,,,,,,,,,
2012-09-27,,,,,,,,,,1017.3135,,,,,,,,,,,,,1055.56,,,,,,,,,,,,,2542031.16,,,,,,,,,,,,,6954827.6535,,,,,,,,,,,,,,,,
2012-09-28,,,,,,,,,,1027.207,,,,,,,,,,,,,1060.03,,,,,,,,,,,,,2553625.63,,,,,,,,,,,,,7019271.1468,,,,,,,,,,,,,,,,
2012-09-29,,,,,,,,,,1037.1514,,,,,,,,,,,,,1062.78,,,,,,,,,,,,,2588908.78,,,,,,,,,,,,,7260141.0563,,,,,,,,,,,,,,,,
2012-09-30,464,,,,358490.1,3973,90.23158822048829,151.8,2.32,,,47.7849,220.0928,279.3,,,,,,,151.1,2.23,1066.24,,232.5984,116.028,323.6,,,,146274.95,1678,87.17219904648391,125,2.71,2587095.84,,0,0,378.4,,,,56.75,,,140.5,2.79,7240735.8978,74.14,220.8233,106.9896,,,11.6,,4.5,6.2,,,104,1.9,0.3,3.2,0.3
2012-10-01,,,,43.66,,,,,,,,,,,,,44.15,,,,,,1066.31,,,,,,,32.58,,,,,,2586273.66,,,,,,,42.99,,,,,,7223413.1075,,,,,,,,,,,,,,,,
2012-10-02,,,,,,,,,,,,,,,,,,,,,,,1066.56,,,,,,,,,,,,,2586182.38,,,,,,,,,,,,,7212326.4965,,,,,,,,,,,,,,,,
2012-10-03,,,,,,,,,,,,,,,,,,,,,,,1066.62,,,,,,,,,,,,,2586094.72,,,,,,,,,,,,,7204340.3018,,,,,,,,,,,,,,,,
2012-10-04,,,,,,,,,,,,,,,,,,,,,,,1064.34,,,,,,,,,,,,,2584312.07,,,,,,,,,,,,,7193923.9685,,,,,,,,,,,,,,,,
2012-10-05,,,,,,,,,,,,,,,,,,,,,,,1062.39,,,,,,,,,,,,,2581797.41,,,,,,,,,,,,,7177761.7724,,,,,,,,,,,,,,,,
2012-10-06,,,,,,,,,,,,,,,,,,,,,,,1060.48,,,,,,,,,,,,,2563012.9,,,,,,,,,,,,,7158640.5504,,,,,,,,,,,,,,,,
2012-10-07,,,,,4500.63,50,90.0126,,,1045.1755,,,,,,,,,,,,,1057.95,,,,,,,,,,,,,2556293.56,,,,,,,,,,,,,7139092.2472,,,,,,,,,,,,,,,,
2012-10-08,,,,39.39,,,,,,1045.0826,,,,,,,40.81,,,,,,1056.59,,,,,,,34.58,,,,,,2550708.01,,,,,,,42.28,,,,,,7168110.9993,,,,,,,,,,,,,,,,
2012-10-09,,,,,,,,,,1040.723,,,,,,,,,,,,,1054.56,,,,,,,,,,,,,2540449.91,,,,,,,,,,,,,7145594.7955,,,,,,,,,,,,,,,,
2012-10-10,,,,,,,,,,1053.4336,,,,,,,,,,,,,1059.25,,,,,,,,,,,,,2625316.84,,,,,,,,,,,,,7072909.7763,,,,,,,,,,,,,,,,
2012-10-11,,,,,,,,,,1075.5201,,,,,,,,,,,,,1065.65,,,,,,,,,,,,,2614048.68,,,,,,,,,,,,,7050482.9683,,,,,,,,,,,,,,,,
2012-10-12,,,,,,,,,,1075.1007,,,,,,,,,,,,,1063.53,,,,,,,,,,,,,2637931.11,,,,,,,,,,,,,7069302.5476,,,,,,,,,,,,,,,,
2012-10-13,,,,,,,,,,1068.6823,,,,,,,,,,,,,1060.98,,,,,,,,,,,,,2634701.17,,,,,,,,,,,,,7015194.7661,,,,,,,,,,,,,,,,
2012-10-14,,,,,216857.09,2364,91.73311759729272,,,1063.1578,,,,,,,,,,,,,1057.42,,,,,,,,83585.24,1005,83.16939303482587,,,2623944.52,,,,,,,,,,,,,6975928.347,,,,,,,,,,,,,,,,
2012-10-15,,,,52.32,,,,,,1073.7436,,,,,,,48.41,,,,,,1049.37,,,,,,,35.26,,,,,,2649626.51,,,,,,,47.84,,,,,,6904407.0311,,,,,,,,,,,,,,,,
2012-10-16,,,,,,,,,,1069.8041,,,,,,,,,,,,,1051.19,,,,,,,,,,,,,2698190.43,,,,,,,,,,,,,6923751.5672,,,,,,,,,,,,,,,,
2012-10-17,,,,,,,,,,1067.1691,,,,,,,,,,,,,1051.78,,,,,,,,,,,,,2761849.25,,,,,,,,,,,,,6961184.4543,,,,,,,,,,,,,,,,
2012-10-18,,,,,,,,,,1067.4595,,,,,,,,,,,,,1054.53,,,,,,,,,,,,,2751980.23,,,,,,,,,,,,,7005922.251,,,,,,,,,,,,,,,,
2012-10-19,,,,,,,,,,1063.7047,,,,,,,,,,,,,1051.91,,,,,,,,,,,,,2746384.61,,,,,,,,,,,,,7054739.4357,,,,,,,,,,,,,,,,
2012-10-20,,,,,,,,,,1064.1413,,,,,,,,,,,,,1047.32,,,,,,,,,,,,,2737592.73,,,,,,,,,,,,,7000039.1576,,,,,,,,,,,,,,,,
2012-10-21,,,,,288098.55,3113,92.5469161580469,,,1058.6642,,,,,,,,,,,,,1044.28,,,,,,,,117150.28,1420,82.50019718309859,,,2728327.17,,,,,,,,,,,,,6965987.5646,,,,,,,,,,,,,,,,
2012-10-22,,,,52.02,,,,,,1060.4383,,,,,,,43.58,,,,,,1042.36,,,,,,,35.91,,,,,,2720555.18,,,,,,,39.39,,,,,,6939990.3209,,,,,,,,,,,,,,,,
2012-10-23,,,,,,,,,,1061.6063,,,,,,,,,,,,,1038.38,,,,,,,,,,,,,2724927.29,,,,,,,,,,,,,6860800,,,,,,,,,,,,,,,,
2012-10-24,,,,,,,,,,1069.4343,,,,,,,,,,,,,1037.23,,,,,,,,,,,,,2715881.17,,,,,,,,,,,,,6788232.8305,,,,,,,,,,,,,,,,
2012-10-25,,,,,,,,,,1070.5121,,,,,,,,,,,,,1035.15,,,,,,,,,,,,,2796182.18,,,,,,,,,,,,,6792195.021,,,,,,,,,,,,,,,,
2012-10-26,,,,,,,,,,1068.3186,,,,,,,,,,,,,1037.31,,,,,,,,,,,,,2754007.27,,,,,,,,,,,,,6813730.3867,,,,,,,,,,,,,,,,
2012-10-27,,,,,,,,,,1062.3517,,,,,,,,,,,,,1048.14,,,,,,,,,,,,,2768003.91,,,,,,,,,,,,,6762240.1619,,,,,,,,,,,,,,,,
2012-10-28,,,,,324450.78,3538,91.70457320520067,,,1057.7732,,,,,,,,,,,,,1044.6,,,,,,,,117981.31,1410,83.67468794326241,,,2693025.15,,,,,,,,,,,,,6721537.9023,,,,,,,,,,,,,,,,
2012-10-29,,,,48.99,,,,,,1055.5413,,,,,,,46.29,,,,,,1039.71,,,,,,,37.85,,,,,,2661122.19,,,,,,,44,,,,,,6692586.5135,,,,,,,,,,,,,,,,
2012-10-30,,,,,,,,,,1050.7418,,,,,,,,,,,,,1032.18,,,,,,,,,,,,,2644461.5,,,,,,,,,,,,,6659261.4493,,,,,,,,,,,,,,,,
2012-10-31,466,,,,,,,151.1,2.29,1042.4918,,0,0,282.7,,,,,,,149.9,2.18,1028.77,,157.0219,199.0033,326.7,,,,,,,125.7,2.7,2570493.15,,62.1201,0,385.9,,,,46.56,,,141.4,2.75,6659542.3651,75.62,53.858,57.3961,,,,,4.5,,,,109.3,1.7,-0.1,3.1,0.2
2012-11-01,,,,,,,,,,1037.3496,,,,,,,,,,,,,1026.73,,,,,,,,,,,,,2663462.26,,,,,,,,,,,,,6628497.7463,,,,,,,,,,,,,,,,
2012-11-02,,,,,,,,,,1041.2187,,,,,,,,,,,,,1024.03,,,,,,,,,,,,,2653934.77,,,,,,,,,,,,,6659324.4269,,,,,,,,,,,,,,,,
2012-11-03,,,,,,,,,,1039.0148,,,,,,,,,,,,,1020.69,,,,,,,,,,,,,2643953.58,,,,,,,,,,,,,,,,,,,,,,,,,,,,,
2012-11-04,,,,,315176.32,3480,90.567908045977,,,1045.2793,,,,,,,,,,,,,1016.82,,,,,,,,115690.08,1398,82.753991416309,,,2624527.99,,,,,,,,,,,,,6578774.7912,,,,,,,,,,,,,,,,
2012-11-05,,,,52.03,,,,,,1042.2174,,,,,,,46.69,,,,,,1010.94,,,,,,,32.78,,,,,,2607063.02,,,,,,,44.93,,,,,,6523356.0765,,,,,,,,,,,,,,,,
2012-11-06,,,,,,,,,,1044.4269,,,,,,,,,,,,,1014.63,,,,,,,,,,,,,2794157.32,,,,,,,,,,,,,6501248.4406,,,,,,,,,,,,,,,,
2012-11-07,,,,,,,,,,1040.8714,,,,,,,,,,,,,1012.64,,,,,,,,,,,,,2803477.41,,,,,,,,,,,,,6481500.1642,,,,,,,,,,,,,,,,
2012-11-08,,,,,,,,,,1035.1185,,,,,,,,,,,,,1011.92,,,,,,,,,,,,,2786365.36,,,,,,,,,,,,,6494829.7362,,,,,,,,,,,,,,,,
2012-11-09,,,,,,,,,,1035.046,,,,,,,,,,,,,1014.54,,,,,,,,,,,,,2777756.17,,,,,,,,,,,,,,,,,,,,,,,,,,,,,
2012-11-10,,,,,,,,,,1026.7558,,,,,,,,,,,,,1015.87,,,,,,,,,,,,,2771298.6,,,,,,,,,,,,,,,,,,,,,,,,,,,,,
2012-11-11,,,,,272294.92,3029,89.89597887091449,,,1019.9215,,,,,,,,,,,,,1012.98,,,,,,,,119438.29,1406,84.94899715504978,,,2753589.2,,,,,,,,,,,,,6480400,,,,,,,,,,,,,,,,
2012-11-12,,,,60.52,,,,,,1015.3812,,,,,,,41.02,,,,,,1010.98,,,,,,,36.5,,,,,,2770301.2,,,,,,,49.89,,,,,,6477500,,,,,,,,,,,,,,,,
2012-11-13,,,,,,,,,,1009.2845,,,,,,,,,,,,,1012.89,,,,,,,,,,,,,2758767.15,,,,,,,,,,,,,6441800,,,,,,,,,,,,,,,,
2012-11-14,,,,,,,,,,1003.5051,,,,,,,,,,,,,1018.25,,,,,,,,,,,,,2730274.63,,,,,,,,,,,,,6439794.9781,,,,,,,,,,,,,,,,
2012-11-15,,,,,,,,,,1018.0814,,,,,,,,,,,,,1018.34,,,,,,,,,,,,,2846925.7,,,,,,,,,,,,,6452500.7172,,,,,,,,,,,,,,,,
2012-11-16,,,,,,,,,,1028.1185,,,,,,,,,,,,,1018.42,,,,,,,,,,,,,2969735.61,,,,,,,,,,,,,6522954.079,,,,,,,,,,,,,,,,
2012-11-17,,,,,,,,,,1021.3505,,,,,,,,,,,,,1023.05,,,,,,,,,,,,,2956304.62,,,,,,,,,,,,,6485230.593,,,,,,,,,,,,,,,,
2012-11-18,,,,,272173.35,3013,90.33300696979754,,,1027.1064,,,,,,,,,,,,,1026.18,,,,,,,,119604.1,1432,83.52241620111732,,,2943030.68,,,,,,,,,,,,,6459975.4239,,,,,,,,,,,,,,,,
2012-11-19,,,,52.18,,,,,,1024.8832,,,,,,,41.44,,,,,,1024.81,,,,,,,35.51,,,,,,2931607.67,,,,,,,45.99,,,,,,6467252.2909,,,,,,,,,,,,,,,,
2012-11-20,,,,,,,,,,1018.6586,,,,,,,,,,,,,1030.45,,,,,,,,,,,,,2919081.76,,,,,,,,,,,,,6474161.3215,,,,,,,,,,,,,,,,
2012-11-21,,,,,,,,,,1015.0841,,,,,,,,,,,,,1029.56,,,,,,,,,,,,,2876422.53,,,,,,,,,,,,,6410900.0829,,,,,,,,,,,,,,,,
2012-11-22,,,,,,,,,,1023.4196,,,,,,,,,,,,,1029.39,,,,,,,,,,,,,3049421.73,,,,,,,,,,,,,6489640.3277,,,,,,,,,,,,,,,,
2012-11-23,,,,,,,,,,1032.8011,,,,,,,,,,,,,1040.08,,,,,,,,,,,,,3143695.83,,,,,,,,,,,,,6792664.8017,,,,,,,,,,,,,,,,
2012-11-24,,,,,,,,,,1027.2772,,,,,,,,,,,,,1039.59,,,,,,,,,,,,,3133076.66,,,,,,,,,,,,,6744887.5361,,,,,,,,,,,,,,,,
2012-11-25,,,,,295224.33,3303,89.38066303360581,,,1027.503,,,,,,,,,,,,,1038.4,,,,,,,,119371.15,1423,83.88696416022488,,,3115434.73,,,,,,,,,,,,,6712657.12,,,,,,,,,,,,,,,,
2012-11-26,,,,60.04,,,,,,1024.6116,,,,,,,42.84,,,,,,1036.88,,,,,,,35.58,,,,,,3111214.92,,,,,,,47.85,,,,,,6670609.6921,,,,,,,,,,,,,,,,
2012-11-27,,,,,,,,,,1017.693,,,,,,,,,,,,,1033.28,,,,,,,,,,,,,3131659.82,,,,,,,,,,,,,6637957.514,,,,,,,,,,,,,,,,
2012-11-28,,,,,,,,,,1013.0988,,,,,,,,,,,,,1033.07,,,,,,,,,,,,,3113044.4,,,,,,,,,,,,,6732741.8202,,,,,,,,,,,,,,,,
2012-11-29,,,,,,,,,,1008.085,,,,,,,,,,,,,1028.86,,,,,,,,,,,,,3091447.43,,,,,,,,,,,,,6703296.5822,,,,,,,,,,,,,,,,
2012-11-30,478,,,,,,,151.4,2.27,1003.7801,,181.9692,76.4617,288.6,,,,,,,152.2,2.17,1025.78,,118.9323,232.3046,330.9,,,,,,,125.8,2.67,3068020.34,,32.223,71.5701,391.8,,,,58.37,,,141.6,2.71,6898960.4204,84.52,336.6867,24.6214,,,,,4.5,,,,109.4,2,0.1,2.9,0
2012-12-01,,,,,,,,,,996.3206,,,,,,,,,,,,,1021.96,,,,,,,,,,,,,3062993.53,,,,,,,,,,,,,6854625.346,,,,,,,,,,,,,,,,
2012-12-02,,,,,361000.99,4124,87.53661251212415,,,1046.5576,,,,,,,,,,,,,1014.8,,,,,,,,120218.35,1464,82.11635928961749,,,3049759.68,,,,,,,,,,,,,6825604.3223,,,,,,,,,,,,,,,,
2012-12-03,,,,59.36,,,,,,1044.2476,,,,,,,41.02,,,,,,1013.46,,,,,,,33.52,,,,,,3043011.47,,,,,,,41.9,,,,,,6813096.415,,,,,,,,,,,,,,,,
2012-12-04,,,,,,,,,,1040.9487,,,,,,,,,,,,,1015.06,,,,,,,,,,,,,3026285.81,,,,,,,,,,,,,6827200,,,,,,,,,,,,,,,,
2012-12-05,,,,,,,,,,1038.4196,,,,,,,,,,,,,1016.52,,,,,,,,,,,,,3037407.36,,,,,,,,,,,,,6825800,,,,,,,,,,,,,,,,
2012-12-06,,,,,,,,,,1035.9786,,,,,,,,,,,,,1017.96,,,,,,,,,,,,,3051584.56,,,,,,,,,,,,,6871223.3255,,,,,,,,,,,,,,,,
2012-12-07,,,,,,,,,,1038.0215,,,,,,,,,,,,,1023.71,,,,,,,,,,,,,3036241.94,,,,,,,,,,,,,7064515.7781,,,,,,,,,,,,,,,,
2012-12-08,,,,,,,,,,1032.4325,,,,,,,,,,,,,1021.82,,,,,,,,,,,,,3023785.8,,,,,,,,,,,,,,,,,,,,,,,,,,,,,
2012-12-09,,,,,302588.81,3476,87.05086593785961,,,1028.3846,,,,,,,,,,,,,1017.49,,,,,,,,118115.34,1419,83.2384355179704,,,3011819.81,,,,,,,,,,,,,7066114.0061,,,,,,,,,,,,,,,,
2012-12-10,,,,61.72,,,,,,1024.8676,,,,,,,44.03,,,,,,1014.77,,,,,,,37.19,,,,,,3029729.06,,,,,,,42.79,,,,,,7029831.5973,,,,,,,,,,,,,,,,
2012-12-11,,,,,,,,,,1019.9104,,,,,,,,,,,,,1019.65,,,,,,,,,,,,,3050884.73,,,,,,,,,,,,,7050753.0634,,,,,,,,,,,,,,,,
2012-12-12,,,,,,,,,,1012.4338,,,,,,,,,,,,,1019.8,,,,,,,,,,,,,3037932.51,,,,,,,,,,,,,7058759.2501,,,,,,,,,,,,,,,,
2012-12-13,,,,,,,,,,1008.9882,,,,,,,,,,,,,1026.12,,,,,,,,,,,,,3021651.66,,,,,,,,,,,,,7156950.2048,,,,,,,,,,,,,,,,
2012-12-14,,,,,,,,,,1023.4912,,,,,,,,,,,,,1030.48,,,,,,,,,,,,,3003711.32,,,,,,,,,,,,,7278365.5459,,,,,,,,,,,,,,,,
2012-12-15,,,,,,,,,,1011.4752,,,,,,,,,,,,,1032.22,,,,,,,,,,,,,2985467.11,,,,,,,,,,,,,7234016.5517,,,,,,,,,,,,,,,,
2012-12-16,,,,,342702.06,3899,87.89486022056937,,,1003.8733,,,,,,,,,,,,,1027.81,,,,,,,,137780.32,1632,84.42421568627451,,,2975966.17,,,,,,,,,,,,,7204885.2265,,,,,,,,,,,,,,,,
2012-12-17,,,,62.55,,,,,,1001.0662,,,,,,,43.56,,,,,,1028.14,,,,,,,37.21,,,,,,2952446.72,,,,,,,49.75,,,,,,7176509.58,,,,,,,,,,,,,,,,
2012-12-18,,,,,,,,,,993.6433,,,,,,,,,,,,,1023.32,,,,,,,,,,,,,3005301.68,,,,,,,,,,,,,7143732.4128,,,,,,,,,,,,,,,,
2012-12-19,,,,,,,,,,997.3818,,,,,,,,,,,,,1019.4,,,,,,,,,,,,,2988238.38,,,,,,,,,,,,,7108147.8275,,,,,,,,,,,,,,,,
2012-12-20,,,,,,,,,,1001.7904,,,,,,,,,,,,,1016.09,,,,,,,,,,,,,2969580.04,,,,,,,,,,,,,7145670.5971,,,,,,,,,,,,,,,,
2012-12-21,,,,,,,,,,1004.7978,,,,,,,,,,,,,1023.46,,,,,,,,,,,,,2943426.94,,,,,,,,,,,,,7295484.517,,,,,,,,,,,,,,,,
2012-12-22,,,,,,,,,,997.5057,,,,,,,,,,,,,1021.98,,,,,,,,,,,,,2933968.91,,,,,,,,,,,,,,,,,,,,,,,,,,,,,
2012-12-23,,,,,383056.95,4306,88.95888295401765,,,1003.6408,,,,,,,,,,,,,1015.96,,,,,,,,137069.36,1657,82.72140012070005,,,2918981.54,,,,,,,,,,,,,7201912.1801,,,,,,,,,,,,,,,,
2012-12-24,,,,69.74,,,,,,1014.9552,,,,,,,48.41,,,,,,1014.27,,,,,,,40.27,,,,,,2969411.23,,,,,,,50.31,,,,,,7210297.6686,,,,,,,,,,,,,,,,
2012-12-25,,,,,,,,,,1013.6357,,,,,,,,,,,,,1016.04,,,,,,,,,,,,,3002434.92,,,,,,,,,,,,,7166605.8063,,,,,,,,,,,,,,,,
2012-12-26,,,,,,,,,,1011.8881,,,,,,,,,,,,,1017.18,,,,,,,,,,,,,2925416.34,,,,,,,,,,,,,7112785.2998,,,,,,,,,,,,,,,,
2012-12-27,,,,,,,,,,1013.8519,,,,,,,,,,,,,1019.16,,,,,,,,,,,,,3207142.44,,,,,,,,,,,,,7077275.5508,,,,,,,,,,,,,,,,
2012-12-28,,,,,,,,,,1018.4364,,,,,,,,,,,,,1016.01,,,,,,,,,,,,,3210664.05,,,,,,,,,,,,,7370256.1231,,,,,,,,,,,,,,,,
2012-12-29,,,,,,,,,,1011.4635,,,,,,,,,,,,,1013.5,,,,,,,,,,,,,3257088.42,,,,,,,,,,,,,7486795.0744,,,,,,,,,,,,,,,,
2012-12-30,,,,,448260.26,5064,88.51900868878357,,,1008.3547,,,,,,,,,,,,,1003.84,,,,,,,,158876.66,1925,82.53332987012988,,,3250353.06,,,,,,,,,,,,,7438560.2014,,,,,,,,,,,,,,,,
2012-12-31,491,,,72.05,,,,151.5,2.22,1003.854,,206.7622,78.3696,289.5,,,51.84,,,,153.5,2.18,1000.31,,70.8455,128.7688,333.6,,,37.24,,,,125.6,2.64,3240621.17,,0,13.352,395.8,,,47.62,59.29,,,143.3,2.72,7407889.9447,118.96,48.7625,336.6867,,,11.4,,4.5,6.22,,,107.6,2.5,0.8,3.3,0.1
2013-01-01,,,,,,,,,,972.3977,,,,,,,,,,,,,999,,,,,,,,,,,,,3233399.84,,,,,,,,,,,,,7376859.2214,,,,,,,,,,,,,,,,
2013-01-02,,,,,,,,,,969.0465,,,,,,,,,,,,,996.52,,,,,,,,,,,,,3227041.88,,,,,,,,,,,,,7347191.1183,,,,,,,,,,,,,,,,
2013-01-03,,,,,,,,,,965.9748,,,,,,,,,,,,,996.41,,,,,,,,,,,,,3220898.7,,,,,,,,,,,,,7317094.606,,,,,,,,,,,,,,,,
2013-01-04,,,,,,,,,,964.8435,,,,,,,,,,,,,992.17,,,,,,,,,,,,,3162157.16,,,,,,,,,,,,,7312364.5445,,,,,,,,,,,,,,,,
2013-01-05,,,,,,,,,,962.0064,,,,,,,,,,,,,989.23,,,,,,,,,,,,,3150709.81,,,,,,,,,,,,,7331286.1855,,,,,,,,,,,,,,,,
2013-01-06,,,,,254646.37,2812,90.5570305832148,,,961.4355,,,,,,,,,,,,,986.44,,,,,,,,63315.65,771,82.12146562905318,,,3129069.75,,,,,,,,,,,,,7298429.3469,,,,,,,,,,,,,,,,
2013-01-07,,,,70.3,,,,,,960.4055,,,,,,,50.6,,,,,,986.79,,,,,,,43.03,,,,,,3108864.53,,,,,,,50.66,,,,,,7267969.111,,,,,,,,,,,,,,,,
2013-01-08,,,,,,,,,,960.3886,,,,,,,,,,,,,983.59,,,,,,,,,,,,,3064877.06,,,,,,,,,,,,,7182495.8309,,,,,,,,,,,,,,,,
2013-01-09,,,,,,,,,,960.9614,,,,,,,,,,,,,993.77,,,,,,,,,,,,,3059368.49,,,,,,,,,,,,,7167969.5521,,,,,,,,,,,,,,,,
2013-01-10,,,,,,,,,,955.5109,,,,,,,,,,,,,991.16,,,,,,,,,,,,,3207360.43,,,,,,,,,,,,,7288448.2748,,,,,,,,,,,,,,,,
2013-01-11,,,,,,,,,,948.129,,,,,,,,,,,,,988.24,,,,,,,,,,,,,3363236.8,,,,,,,,,,,,,7249016.3243,,,,,,,,,,,,,,,,
2013-01-12,,,,,,,,,,939.7568,,,,,,,,,,,,,984.84,,,,,,,,,,,,,3351239.99,,,,,,,,,,,,,,,,,,,,,,,,,,,,,
2013-01-13,,,,,427442.04,4563,93.6756607495069,,,935.1834,,,,,,,,,,,,,980.13,,,,,,,,139662.21,1631,85.62980380134887,,,3318270.89,,,,,,,,,,,,,7215078.4609,,,,,,,,,,,,,,,,
2013-01-14,,,,71.64,,,,,,933.2503,,,,,,,46.96,,,,,,978.8,,,,,,,47.48,,,,,,3312685.27,,,,,,,48.55,,,,,,7166070.7395,,,,,,,,,,,,,,,,
2013-01-15,,,,,,,,,,925.0027,,,,,,,,,,,,,976.92,,,,,,,,,,,,,3326452.61,,,,,,,,,,,,,7217753.1194,,,,,,,,,,,,,,,,
2013-01-16,,,,,,,,,,913.3549,,,,,,,,,,,,,974.71,,,,,,,,,,,,,3315052.46,,,,,,,,,,,,,7171104.4065,,,,,,,,,,,,,,,,
2013-01-17,,,,,,,,,,915.121,,,,,,,,,,,,,976.79,,,,,,,,,,,,,3284806.4,,,,,,,,,,,,,7119484.8807,,,,,,,,,,,,,,,,
2013-01-18,,,,,,,,,,922.0723,,,,,,,,,,,,,975.18,,,,,,,,,,,,,3269833.43,,,,,,,,,,,,,7130352.5428,,,,,,,,,,,,,,,,
2013-01-19,,,,,,,,,,918.6933,,,,,,,,,,,,,975.28,,,,,,,,,,,,,3259682.67,,,,,,,,,,,,,,,,,,,,,,,,,,,,,
2013-01-20,,,,,414327.5,4602,90.03205128205128,,,931.8611,,,,,,,,,,,,,971.77,,,,,,,,165346.06,1987,83.21392048314041,,,3245071.03,,,,,,,,,,,,,7033573.9238,,,,,,,,,,,,,,,,
2013-01-21,,,,74.43,,,,,,931.6345,,,,,,,52.33,,,,,,969.84,,,,,,,47.55,,,,,,3194402.87,,,,,,,57.14,,,,,,7006242.9067,,,,,,,,,,,,,,,,
2013-01-22,,,,,,,,,,928.6114,,,,,,,,,,,,,967.14,,,,,,,,,,,,,3170714.97,,,,,,,,,,,,,7055102.8101,,,,,,,,,,,,,,,,
2013-01-23,,,,,,,,,,925.1311,,,,,,,,,,,,,962.62,,,,,,,,,,,,,3135199.85,,,,,,,,,,,,,7002615.2305,,,,,,,,,,,,,,,,
2013-01-24,,,,,,,,,,913.6864,,,,,,,,,,,,,960.38,,,,,,,,,,,,,3105701,,,,,,,,,,,,,6924257.9068,,,,,,,,,,,,,,,,
2013-01-25,,,,,,,,,,915.1592,,,,,,,,,,,,,957.28,,,,,,,,,,,,,3149678.99,,,,,,,,,,,,,6972688.5403,,,,,,,,,,,,,,,,
2013-01-26,,,,,,,,,,914.2205,,,,,,,,,,,,,952.51,,,,,,,,,,,,,3129428.75,,,,,,,,,,,,,6936063.3945,,,,,,,,,,,,,,,,
2013-01-27,,,,,436563.7,4800,90.95077083333334,,,909.3719,,,,,,,,,,,,,948.67,,,,,,,,171729.19,2066,83.12158276863505,,,3113687,,,,,,,,,,,,,6900227.7721,,,,,,,,,,,,,,,,
2013-01-28,,,,75.17,,,,,,906.5272,,,,,,,55.97,,,,,,946.78,,,,,,,51.58,,,,,,3089228.83,,,,,,,53.88,,,,,,6864323.9381,,,,,,,,,,,,,,,,
2013-01-29,,,,,,,,,,910.3617,,,,,,,,,,,,,940.22,,,,,,,,,,,,,3070299.24,,,,,,,,,,,,,6893389.071,,,,,,,,,,,,,,,,
2013-01-30,,,,,,,,,,908.7605,,,,,,,,,,,,,937.76,,,,,,,,,,,,,3059777.01,,,,,,,,,,,,,6872147.046,,,,,,,,,,,,,,,,
2013-01-31,506,,,,,,,148.8,2.12,905.6527,,262.592,160.0933,291.6,,,,,,,155.9,2.2,934.3,,18.5309,28.9394,338.8,,,,,,,127.3,2.64,3082244.21,,0,18.871,403.3,,,,33.11,,,144.6,2.69,6897299.0897,95.65,0,34.3227,,,,,4.5,,,,110.1,2.0305,1.0103,3.0775,0.0978
2013-02-01,,,,,,,,,,895.1253,,,,,,,,,,,,,932.11,,,,,,,,,,,,,3099730.79,,,,,,,,,,,,,7001738.1746,,,,,,,,,,,,,,,,
2013-02-02,,,,,,,,,,890.3045,,,,,,,,,,,,,929.62,,,,,,,,,,,,,3098619.3,,,,,,,,,,,,,,,,,,,,,,,,,,,,,
2013-02-03,,,,,451508.23,4974,90.7736690792119,,,881.6839,,,,,,,,,,,,,926.97,,,,,,,,164025.15,1962,83.60099388379204,,,3097261.46,,,,,,,,,,,,,6942220.5806,,,,,,,,,,,,,,,,
2013-02-04,,,,77.55,,,,,,885.412,,,,,,,57.89,,,,,,925.19,,,,,,,48.45,,,,,,3096859.56,,,,,,,53.77,,,,,,6957397.6107,,,,,,,,,,,,,,,,
2013-02-05,,,,,,,,,,880.6453,,,,,,,,,,,,,922.45,,,,,,,,,,,,,3071627.19,,,,,,,,,,,,,6987743.3984,,,,,,,,,,,,,,,,
2013-02-06,,,,,,,,,,886.6687,,,,,,,,,,,,,921.23,,,,,,,,,,,,,2997476.46,,,,,,,,,,,,,7264059.9052,,,,,,,,,,,,,,,,
2013-02-07,,,,,,,,,,887.0028,,,,,,,,,,,,,918.98,,,,,,,,,,,,,2996601.06,,,,,,,,,,,,,7364848.069,,,,,,,,,,,,,,,,
2013-02-08,,,,,,,,,,887.3139,,,,,,,,,,,,,918.86,,,,,,,,,,,,,2996601.06,,,,,,,,,,,,,7343721.7969,,,,,,,,,,,,,,,,
2013-02-09,,,,,,,,,,,,,,,,,,,,,,,918.73,,,,,,,,,,,,,2996601.06,,,,,,,,,,,,,7342996.0408,,,,,,,,,,,,,,,,
2013-02-10,,,,,188387.42,1980,95.14516161616162,,,,,,,,,,,,,,,,919.11,,,,,,,,83696.9,956,87.54905857740586,,,2996601.06,,,,,,,,,,,,,7342996.0408,,,,,,,,,,,,,,,,
2013-02-11,,,,69.39,,,,,,,,,,,,,50.5,,,,,,919.23,,,,,,,47.5,,,,,,2996601.06,,,,,,,59.13,,,,,,7342791.0816,,,,,,,,,,,,,,,,
2013-02-12,,,,,,,,,,,,,,,,,,,,,,,919.67,,,,,,,,,,,,,2996601.06,,,,,,,,,,,,,7342243.4583,,,,,,,,,,,,,,,,
2013-02-13,,,,,,,,,,,,,,,,,,,,,,,919.77,,,,,,,,,,,,,2993937.15,,,,,,,,,,,,,7340956.7083,,,,,,,,,,,,,,,,
2013-02-14,,,,,,,,,,,,,,,,,,,,,,,907.28,,,,,,,,,,,,,2976661.4,,,,,,,,,,,,,7338238.898,,,,,,,,,,,,,,,,
2013-02-15,,,,,,,,,,,,,,,,,,,,,,,907.11,,,,,,,,,,,,,2959105.39,,,,,,,,,,,,,7333724.6419,,,,,,,,,,,,,,,,
2013-02-16,,,,,,,,,,887.7428,,,,,,,,,,,,,906.88,,,,,,,,,,,,,2910120.37,,,,,,,,,,,,,7326512.8905,,,,,,,,,,,,,,,,
2013-02-17,,,,,102971.19,1127,91.36751552795032,,,885.966,,,,,,,,,,,,,908.63,,,,,,,,8259.43,103,80.18864077669903,,,2909691.85,,,,,,,,,,,,,7313173.6614,,,,,,,,,,,,,,,,
2013-02-18,,,,72.73,,,,,,884.0633,,,,,,,62.5,,,,,,920.42,,,,,,,54.29,,,,,,2904662.48,,,,,,,48.84,,,,,,7275203.8484,,,,,,,,,,,,,,,,
2013-02-19,,,,,,,,,,881.702,,,,,,,,,,,,,917.52,,,,,,,,,,,,,2900045.01,,,,,,,,,,,,,7249916.9485,,,,,,,,,,,,,,,,
2013-02-20,,,,,,,,,,886.7568,,,,,,,,,,,,,915.11,,,,,,,,,,,,,2885335.8,,,,,,,,,,,,,7269830.7105,,,,,,,,,,,,,,,,
2013-02-21,,,,,,,,,,882.634,,,,,,,,,,,,,912.95,,,,,,,,,,,,,2847121.51,,,,,,,,,,,,,7240165.3063,,,,,,,,,,,,,,,,
2013-02-22,,,,,,,,,,880.0907,,,,,,,,,,,,,913.47,,,,,,,,,,,,,2836901.31,,,,,,,,,,,,,7292151.5844,,,,,,,,,,,,,,,,
2013-02-23,,,,,,,,,,875.7884,,,,,,,,,,,,,910.27,,,,,,,,,,,,,2830746.77,,,,,,,,,,,,,7234187.0103,,,,,,,,,,,,,,,,
2013-02-24,,,,,260099.64,2814,92.43057569296376,,,870.5461,,,,,,,,,,,,,907.61,,,,,,,,83045.69,1031,80.54868089233753,,,2825945.46,,,,,,,,,,,,,7196647.9883,,,,,,,,,,,,,,,,
2013-02-25,,,,70.86,,,,,,872.4761,,,,,,,62.09,,,,,,903.71,,,,,,,51.45,,,,,,2814502.7,,,,,,,56.72,,,,,,7137620.0021,,,,,,,,,,,,,,,,
2013-02-26,,,,,,,,,,867.0245,,,,,,,,,,,,,904.25,,,,,,,,,,,,,2797704.87,,,,,,,,,,,,,7122831.0249,,,,,,,,,,,,,,,,
2013-02-27,,,,,,,,,,870.8173,,,,,,,,,,,,,901.24,,,,,,,,,,,,,2789165.01,,,,,,,,,,,,,7064619.4019,,,,,,,,,,,,,,,,
2013-02-28,507,,,,,,,150,2.07,866.3744,,0,262.592,299.4,,,,,,,158.9,2.18,896.2,,123.3939,37.7942,344.9,,,,,,,127.5,2.59,2821167.63,,0,0,411.4,,,,54.24,,,145.3,2.65,7008378.3773,64.61,37.9022,0,,,,,4.5,,,,113.3,3.2198,1.0564,2.7203,0.5346
2013-03-01,,,,,,,,,,878.1421,,,,,,,,,,,,,,,,,,,,,,,,,,2812733.06,,,,,,,,,,,,,6881209.8683,,,,,,,,,,,,,,,,
2013-03-02,,,,,,,,,,873.7845,,,,,,,,,,,,,895.07,,,,,,,,,,,,,2807366.16,,,,,,,,,,,,,6828545.1232,,,,,,,,,,,,,,,,
2013-03-03,,,,,484820.42,5191,93.39634367173954,,,872.33,,,,,,,,,,,,,891.09,,,,,,,,123043.33,1517,81.10964403427818,,,2798056.17,,,,,,,,,,,,,6792393.1843,,,,,,,,,,,,,,,,
2013-03-04,,,,69.06,,,,,,873.7917,,,,,,,63.93,,,,,,885.19,,,,,,,49.58,,,,,,2781928.69,,,,,,,58.91,,,,,,6777506.7196,,,,,,,,,,,,,,,,
2013-03-05,,,,,,,,,,873.1262,,,,,,,,,,,,,881.76,,,,,,,,,,,,,2781762.82,,,,,,,,,,,,,6747487.3277,,,,,,,,,,,,,,,,
2013-03-06,,,,,,,,,,875.0052,,,,,,,,,,,,,878.67,,,,,,,,,,,,,2811552.64,,,,,,,,,,,,,6791471.7851,,,,,,,,,,,,,,,,
2013-03-07,,,,,,,,,,869.9771,,,,,,,,,,,,,879.58,,,,,,,,,,,,,2796443.67,,,,,,,,,,,,,6780137.8434,,,,,,,,,,,,,,,,
2013-03-08,,,,,,,,,,868.3358,,,,,,,,,,,,,879.99,,,,,,,,,,,,,2796422.71,,,,,,,,,,,,,6734137.6507,,,,,,,,,,,,,,,,
2013-03-09,,,,,,,,,,862.0674,,,,,,,,,,,,,880.44,,,,,,,,,,,,,2793455.73,,,,,,,,,,,,,6695027.7987,,,,,,,,,,,,,,,,
2013-03-10,,,,,832390.92,8804,94.54690140845071,,,855.5871,,,,,,,,,,,,,881.81,,,,,,,,229064.27,2662,86.04968820435762,,,2790487.24,,,,,,,,,,,,,6667175.2727,,,,,,,,,,,,,,,,
2013-03-11,,,,57.74,,,,,,858.3404,,,,,,,57.04,,,,,,879.19,,,,,,,47.45,,,,,,2785039.27,,,,,,,52.32,,,,,,6673472.5252,,,,,,,,,,,,,,,,
2013-03-12,,,,,,,,,,853.3185,,,,,,,,,,,,,874.81,,,,,,,,,,,,,2796628.06,,,,,,,,,,,,,6657205.7614,,,,,,,,,,,,,,,,
2013-03-13,,,,,,,,,,857.9416,,,,,,,,,,,,,871.62,,,,,,,,,,,,,2897944.08,,,,,,,,,,,,,6637879.5605,,,,,,,,,,,,,,,,
2013-03-14,,,,,,,,,,858.6501,,,,,,,,,,,,,867.8,,,,,,,,,,,,,2898009.36,,,,,,,,,,,,,6624744.2816,,,,,,,,,,,,,,,,
2013-03-15,,,,,,,,,,883.8773,,,,,,,,,,,,,862.47,,,,,,,,,,,,,2886908.66,,,,,,,,,,,,,6640089.4642,,,,,,,,,,,,,,,,
2013-03-16,,,,,,,,,,872.1113,,,,,,,,,,,,,871.58,,,,,,,,,,,,,2877154.17,,,,,,,,,,,,,6592680.7904,,,,,,,,,,,,,,,,
2013-03-17,,,,,1232314.92,13125,93.89066057142857,,,864.8529,,,,,,,,,,,,,866.9,,,,,,,,285273.57,3259,87.5340810064437,,,2849374.67,,,,,,,,,,,,,6563605.4807,,,,,,,,,,,,,,,,
2013-03-18,,,,54.16,,,,,,863.8853,,,,,,,54.12,,,,,,863.55,,,,,,,42.99,,,,,,2876883.28,,,,,,,50.78,,,,,,6538609.5082,,,,,,,,,,,,,,,,
2013-03-19,,,,,,,,,,856.1232,,,,,,,,,,,,,862.74,,,,,,,,,,,,,2898425.55,,,,,,,,,,,,,6515673.487,,,,,,,,,,,,,,,,
2013-03-20,,,,,,,,,,842.3086,,,,,,,,,,,,,862.61,,,,,,,,,,,,,2762332.12,,,,,,,,,,,,,6505312.2226,,,,,,,,,,,,,,,,
2013-03-21,,,,,,,,,,830.1846,,,,,,,,,,,,,874.75,,,,,,,,,,,,,2747198.62,,,,,,,,,,,,,6500027.346,,,,,,,,,,,,,,,,
2013-03-22,,,,,,,,,,821.922,,,,,,,,,,,,,881.65,,,,,,,,,,,,,2725920.59,,,,,,,,,,,,,6643255.8824,,,,,,,,,,,,,,,,
2013-03-23,,,,,,,,,,819.3957,,,,,,,,,,,,,894.46,,,,,,,,,,,,,2735892.64,,,,,,,,,,,,,6583878.7289,,,,,,,,,,,,,,,,
2013-03-24,,,,,934658.62,9912,94.29566384180791,,,812.6051,,,,,,,,,,,,,893.5,,,,,,,,364986.06,4272,85.43681179775281,,,2728176.07,,,,,,,,,,,,,6544660.1016,,,,,,,,,,,,,,,,
2013-03-25,,,,46.79,,,,,,807.1055,,,,,,,49.29,,,,,,886.04,,,,,,,36.41,,,,,,2700039.8,,,,,,,41.64,,,,,,6530354.9924,,,,,,,,,,,,,,,,
2013-03-26,,,,,,,,,,803.8893,,,,,,,,,,,,,899.13,,,,,,,,,,,,,2850043.28,,,,,,,,,,,,,6500036.2562,,,,,,,,,,,,,,,,
2013-03-27,,,,,,,,,,808.4355,,,,,,,,,,,,,896.66,,,,,,,,,,,,,2864672,,,,,,,,,,,,,6476422.3884,,,,,,,,,,,,,,,,
2013-03-28,,,,,,,,,,809.3033,,,,,,,,,,,,,892.34,,,,,,,,,,,,,2891300.5,,,,,,,,,,,,,6534435.0023,,,,,,,,,,,,,,,,
2013-03-29,,,,,,,,,,805.1868,,,,,,,,,,,,,900.86,,,,,,,,,,,,,2935126.71,,,,,,,,,,,,,6570600.3792,,,,,,,,,,,,,,,,
2013-03-30,,,,,,,,,,793.6969,,,,,,,,,,,,,898.84,,,,,,,,,,,,,2929279.95,,,,,,,,,,,,,6524430.8672,,,,,,,,,,,,,,,,
2013-03-31,500,,,,939631.92,9719,96.67989710875605,152.1,1.99,,,28.6969,0,300.2,,,,,,,161.7,2.22,896.89,,204.8154,77.2453,350.9,,,,591530.94,6954,85.06340811044004,128.3,2.57,2919241.27,,0,0,422.8,,,,94.99,,,147.8,2.62,6485530.6672,38.99,80.5522,37.9022,,,10,,4.5,6.27,,,107.9,2.0696,-0.9132,3.6652,1.1837
2013-04-01,,,,47.31,,,,,,786.1016,,,,,,,49.14,,,,,,904.11,,,,,,,37.91,,,,,,2961735.62,,,,,,,50,,,,,,6514407.9566,,,,,,,,,,,,,,,,
2013-04-02,,,,,,,,,,,,,,,,,,,,,,,901.23,,,,,,,,,,,,,2912818.63,,,,,,,,,,,,,6504535.0147,,,,,,,,,,,,,,,,
2013-04-03,,,,,,,,,,,,,,,,,,,,,,,900.15,,,,,,,,,,,,,2892966.22,,,,,,,,,,,,,,,,,,,,,,,,,,,,,
2013-04-04,,,,,,,,,,,,,,,,,,,,,,,899.35,,,,,,,,,,,,,2876244.37,,,,,,,,,,,,,,,,,,,,,,,,,,,,,
2013-04-05,,,,,,,,,,,,,,,,,,,,,,,899.34,,,,,,,,,,,,,2865839.45,,,,,,,,,,,,,,,,,,,,,,,,,,,,,
2013-04-06,,,,,,,,,,,,,,,,,,,,,,,898.22,,,,,,,,,,,,,2848666.58,,,,,,,,,,,,,,,,,,,,,,,,,,,,,
2013-04-07,,,,,0,0,,,,,,,,,,,,,,,,,896.11,,,,,,,,67143.99,768,87.4270703125,,,2832368.29,,,,,,,,,,,,,6494482.3788,,,,,,,,,,,,,,,,
2013-04-08,,,,48.19,,,,,,774.0718,,,,,,,51.52,,,,,,899.47,,,,,,,44.35,,,,,,2930991.76,,,,,,,53.28,,,,,,6514800.6961,,,,,,,,,,,,,,,,
2013-04-09,,,,,,,,,,770.7439,,,,,,,,,,,,,900.43,,,,,,,,,,,,,2923477.8,,,,,,,,,,,,,6502488.5126,,,,,,,,,,,,,,,,
2013-04-10,,,,,,,,,,766.7974,,,,,,,,,,,,,902.83,,,,,,,,,,,,,2883206.9,,,,,,,,,,,,,6488111.0708,,,,,,,,,,,,,,,,
2013-04-11,,,,,,,,,,776.2037,,,,,,,,,,,,,910.65,,,,,,,,,,,,,2805350.93,,,,,,,,,,,,,6489875.7487,,,,,,,,,,,,,,,,
2013-04-12,,,,,,,,,,777.2033,,,,,,,,,,,,,913.06,,,,,,,,,,,,,2967697.33,,,,,,,,,,,,,6575553.1424,,,,,,,,,,,,,,,,
2013-04-13,,,,,,,,,,779.0442,,,,,,,,,,,,,914.25,,,,,,,,,,,,,2960667.07,,,,,,,,,,,,,6553592.9014,,,,,,,,,,,,,,,,
2013-04-14,,,,,155384.35,1716,90.55032051282052,,,776.0729,,,,,,,,,,,,,911.82,,,,,,,,101137.16,1227,82.42637326813366,,,2951929.3,,,,,,,,,,,,,6539293.0985,,,,,,,,,,,,,,,,
2013-04-15,,,,51.49,,,,,,774.2188,,,,,,,48.92,,,,,,911.37,,,,,,,43.72,,,,,,2940619.63,,,,,,,49.04,,,,,,6650123.1202,,,,,,,,,,,,,,,,
2013-04-16,,,,,,,,,,773.049,,,,,,,,,,,,,910.93,,,,,,,,,,,,,2929133.23,,,,,,,,,,,,,6659076.8589,,,,,,,,,,,,,,,,
2013-04-17,,,,,,,,,,778.9421,,,,,,,,,,,,,911.8,,,,,,,,,,,,,2901871.8,,,,,,,,,,,,,6646586.3719,,,,,,,,,,,,,,,,
2013-04-18,,,,,,,,,,779.1111,,,,,,,,,,,,,914.68,,,,,,,,,,,,,2883859.74,,,,,,,,,,,,,6646335.3219,,,,,,,,,,,,,,,,
2013-04-19,,,,,,,,,,778.9171,,,,,,,,,,,,,924.63,,,,,,,,,,,,,2920340.3,,,,,,,,,,,,,6817096.5623,,,,,,,,,,,,,,,,
2013-04-20,,,,,,,,,,775.6455,,,,,,,,,,,,,925.17,,,,,,,,,,,,,2915546.49,,,,,,,,,,,,,6788726.0067,,,,,,,,,,,,,,,,
2013-04-21,,,,,83189.98,909,91.5181298129813,,,770.5302,,,,,,,,,,,,,921.04,,,,,,,,118883.69,1416,83.9574081920904,,,2911396.42,,,,,,,,,,,,,6776553.3035,,,,,,,,,,,,,,,,
2013-04-22,,,,46.93,,,,,,768.1797,,,,,,,49.43,,,,,,920.16,,,,,,,41.33,,,,,,2998335.82,,,,,,,49.15,,,,,,6779684.1978,,,,,,,,,,,,,,,,
2013-04-23,,,,,,,,,,772.2526,,,,,,,,,,,,,924.01,,,,,,,,,,,,,2980406.22,,,,,,,,,,,,,6723190.9396,,,,,,,,,,,,,,,,
2013-04-24,,,,,,,,,,772.4004,,,,,,,,,,,,,921.48,,,,,,,,,,,,,2930567.2,,,,,,,,,,,,,6713491.8316,,,,,,,,,,,,,,,,
2013-04-25,,,,,,,,,,774.7002,,,,,,,,,,,,,922.05,,,,,,,,,,,,,2919854.58,,,,,,,,,,,,,6744569.3821,,,,,,,,,,,,,,,,
2013-04-26,,,,,,,,,,771.9891,,,,,,,,,,,,,918.45,,,,,,,,,,,,,2912536,,,,,,,,,,,,,6711973.6983,,,,,,,,,,,,,,,,
2013-04-27,,,,,,,,,,777.9023,,,,,,,,,,,,,920.79,,,,,,,,,,,,,2910015.3,,,,,,,,,,,,,6703900.5361,,,,,,,,,,,,,,,,
2013-04-28,,,,,213840.78,2420,88.36395867768594,,,793.7438,,,,,,,,,,,,,923.29,,,,,,,,181172.8,2164,83.72125693160814,,,2983662.09,,,,,,,,,,,,,6894163.0942,,,,,,,,,,,,,,,,
2013-04-29,,,,44.33,,,,,,784.7861,,,,,,,49.36,,,,,,928.07,,,,,,,42.31,,,,,,2970219.81,,,,,,,50.45,,,,,,,,,,,,,,,,,,,,,,
2013-04-30,500,,,,,,,149.9,2,782.9716,,27.6611,28.6969,304.1,,,,,,,164.4,2.22,919.22,,90.5696,237.7946,356.6,,,,,,,128.4,2.53,2961528.4,,0,0,428.6,,,,124.37,,,149.5,2.62,6860988.8258,67.73,94.1615,66.2401,,,,,4.5,,,,108.1,2.3861,0.2351,4.1175,0.4492
2013-05-01,,,,,,,,,,763.3621,,,,,,,,,,,,,917.29,,,,,,,,,,,,,2948231.39,,,,,,,,,,,,,6851211.7249,,,,,,,,,,,,,,,,
2013-05-02,,,,,,,,,,754.9269,,,,,,,,,,,,,917.76,,,,,,,,,,,,,2941791.91,,,,,,,,,,,,,6839517.8425,,,,,,,,,,,,,,,,
2013-05-03,,,,,,,,,,757.4179,,,,,,,,,,,,,930.17,,,,,,,,,,,,,2935907.72,,,,,,,,,,,,,6846551.8191,,,,,,,,,,,,,,,,
2013-05-04,,,,,,,,,,759.0901,,,,,,,,,,,,,931.46,,,,,,,,,,,,,2925560.95,,,,,,,,,,,,,6824466.7909,,,,,,,,,,,,,,,,
2013-05-05,,,,,46341.85,517,89.63607350096711,,,757.2174,,,,,,,,,,,,,927.98,,,,,,,,32509.86,409,79.48621026894865,,,2919277.37,,,,,,,,,,,,,6806662.8237,,,,,,,,,,,,,,,,
2013-05-06,,,,44.65,,,,,,756.9317,,,,,,,45.08,,,,,,926.24,,,,,,,49.94,,,,,,2926936.62,,,,,,,47.58,,,,,,6768500,,,,,,,,,,,,,,,,
2013-05-07,,,,,,,,,,755.7067,,,,,,,,,,,,,927.27,,,,,,,,,,,,,2946821.73,,,,,,,,,,,,,6751200,,,,,,,,,,,,,,,,
2013-05-08,,,,,,,,,,756.3752,,,,,,,,,,,,,934.67,,,,,,,,,,,,,2928747.87,,,,,,,,,,,,,6761500,,,,,,,,,,,,,,,,
2013-05-09,,,,,,,,,,755.3115,,,,,,,,,,,,,933.92,,,,,,,,,,,,,2951259.73,,,,,,,,,,,,,6708620.7412,,,,,,,,,,,,,,,,
2013-05-10,,,,,,,,,,766.1575,,,,,,,,,,,,,931.13,,,,,,,,,,,,,2938951.15,,,,,,,,,,,,,6739060.892,,,,,,,,,,,,,,,,
2013-05-11,,,,,,,,,,758.0754,,,,,,,,,,,,,930.57,,,,,,,,,,,,,2914322.8,,,,,,,,,,,,,6700244.1869,,,,,,,,,,,,,,,,
2013-05-12,,,,,109247.61,1206,90.58674129353234,,,756.9409,,,,,,,,,,,,,927.54,,,,,,,,107282.44,1259,85.21242255758538,,,2902606.95,,,,,,,,,,,,,6676533.153,,,,,,,,,,,,,,,,
2013-05-13,,,,46.25,,,,,,763.3131,,,,,,,50.93,,,,,,928.64,,,,,,,47.18,,,,,,2869631.43,,,,,,,51.48,,,,,,6679557.6053,,,,,,,,,,,,,,,,
2013-05-14,,,,,,,,,,760.4122,,,,,,,,,,,,,930.7,,,,,,,,,,,,,2846764.78,,,,,,,,,,,,,6711320.532,,,,,,,,,,,,,,,,
2013-05-15,,,,,,,,,,757.0188,,,,,,,,,,,,,937.03,,,,,,,,,,,,,2837602.06,,,,,,,,,,,,,6720358.945,,,,,,,,,,,,,,,,
2013-05-16,,,,,,,,,,766.2367,,,,,,,,,,,,,934.63,,,,,,,,,,,,,2841678.44,,,,,,,,,,,,,6704819.5568,,,,,,,,,,,,,,,,
2013-05-17,,,,,,,,,,765.2991,,,,,,,,,,,,,947.44,,,,,,,,,,,,,2844263.05,,,,,,,,,,,,,6779175.6522,,,,,,,,,,,,,,,,
2013-05-18,,,,,,,,,,761.0941,,,,,,,,,,,,,956.48,,,,,,,,,,,,,2831654.33,,,,,,,,,,,,,6736226.3928,,,,,,,,,,,,,,,,
2013-05-19,,,,,130892.82,1463,89.46877648667122,,,758.4774,,,,,,,,,,,,,948.74,,,,,,,,127577.17,1511,84.43227663798808,,,2790690.8,,,,,,,,,,,,,6709957.8199,,,,,,,,,,,,,,,,
2013-05-20,,,,49.86,,,,,,761.9379,,,,,,,49.18,,,,,,950.91,,,,,,,52.64,,,,,,2775597.77,,,,,,,52,,,,,,6757572.7787,,,,,,,,,,,,,,,,
2013-05-21,,,,,,,,,,754.0886,,,,,,,,,,,,,956,,,,,,,,,,,,,2729969.43,,,,,,,,,,,,,6744257.7026,,,,,,,,,,,,,,,,
2013-05-22,,,,,,,,,,757.1172,,,,,,,,,,,,,967.56,,,,,,,,,,,,,2665419,,,,,,,,,,,,,6681660.9066,,,,,,,,,,,,,,,,
2013-05-23,,,,,,,,,,761.5534,,,,,,,,,,,,,971.13,,,,,,,,,,,,,2710345.93,,,,,,,,,,,,,6651712.1108,,,,,,,,,,,,,,,,
2013-05-24,,,,,,,,,,757.1817,,,,,,,,,,,,,972.53,,,,,,,,,,,,,2728689.42,,,,,,,,,,,,,6704225.1345,,,,,,,,,,,,,,,,
2013-05-25,,,,,,,,,,753.3035,,,,,,,,,,,,,970.63,,,,,,,,,,,,,2688674.4,,,,,,,,,,,,,6665746.2498,,,,,,,,,,,,,,,,
2013-05-26,,,,,190239.99,2043,93.11795888399412,,,772.6844,,,,,,,,,,,,,964.05,,,,,,,,125305.64,1490,84.09774496644296,,,2673379,,,,,,,,,,,,,6638961.9343,,,,,,,,,,,,,,,,
2013-05-27,,,,51.08,,,,,,774.2391,,,,,,,47.62,,,,,,959.16,,,,,,,45.14,,,,,,2678598.94,,,,,,,46.48,,,,,,6659412.6444,,,,,,,,,,,,,,,,
2013-05-28,,,,,,,,,,771.5107,,,,,,,,,,,,,960.77,,,,,,,,,,,,,2656181.49,,,,,,,,,,,,,6597158.7055,,,,,,,,,,,,,,,,
2013-05-29,,,,,,,,,,773.8063,,,,,,,,,,,,,968.33,,,,,,,,,,,,,2752777.92,,,,,,,,,,,,,6624797.1442,,,,,,,,,,,,,,,,
2013-05-30,,,,,,,,,,,,,,,,,,,,,,,972.05,,,,,,,,,,,,,2790260.23,,,,,,,,,,,,,6595377.108,,,,,,,,,,,,,,,,
2013-05-31,507,,,,,,,149.9,2.02,768.4145,,51.1193,19.9981,307.1,,,,,,,166.4,2.23,971.8,,204.038,24.3557,361,,,,,,,129.7,2.52,2856286.66,,0,0,435.1,,,,61.23,,,150.2,2.59,,33.55,163.694,74.1082,,,,,4.5,,,,102.7,2.0981,-0.5597,4.2582,0.2951
2013-06-01,,,,,,,,,,758.1151,,,,,,,,,,,,,967.35,,,,,,,,,,,,,2835694.45,,,,,,,,,,,,,6592498.0736,,,,,,,,,,,,,,,,
2013-06-02,,,,,168765.68,1947,86.67985618900873,,,753.2182,,,,,,,,,,,,,961.58,,,,,,,,137879.58,1587,86.8806427221172,,,2825442.66,,,,,,,,,,,,,6564637.7355,,,,,,,,,,,,,,,,
2013-06-03,,,,45.72,,,,,,751.049,,,,,,,55.14,,,,,,961.46,,,,,,,49.61,,,,,,2785534.74,,,,,,,55.22,,,,,,6539026.5187,,,,,,,,,,,,,,,,
2013-06-04,,,,,,,,,,751.6805,,,,,,,,,,,,,959.43,,,,,,,,,,,,,2748362.82,,,,,,,,,,,,,6531934.8119,,,,,,,,,,,,,,,,
2013-06-05,,,,,,,,,,759.0705,,,,,,,,,,,,,968.09,,,,,,,,,,,,,2735532.71,,,,,,,,,,,,,6519573.1043,,,,,,,,,,,,,,,,
2013-06-06,,,,,,,,,,776.5237,,,,,,,,,,,,,979.12,,,,,,,,,,,,,2747211.68,,,,,,,,,,,,,6510604.8771,,,,,,,,,,,,,,,,
2013-06-07,,,,,,,,,,775.1404,,,,,,,,,,,,,986.15,,,,,,,,,,,,,2702034.89,,,,,,,,,,,,,6490766.2636,,,,,,,,,,,,,,,,
2013-06-08,,,,,,,,,,771.6945,,,,,,,,,,,,,981.7,,,,,,,,,,,,,2744442.96,,,,,,,,,,,,,6506251.766,,,,,,,,,,,,,,,,
2013-06-09,,,,,223568.1,2554,87.53645262333595,,,768.6549,,,,,,,,,,,,,982.45,,,,,,,,182370.36,2121,85.98319660537483,,,2734366.83,,,,,,,,,,,,,,,,,,,,,,,,,,,,,
2013-06-10,,,,47.99,,,,,,765.1871,,,,,,,48.64,,,,,,991.91,,,,,,,51.47,,,,,,2724858.95,,,,,,,55.46,,,,,,,,,,,,,,,,,,,,,,
2013-06-11,,,,,,,,,,785.0159,,,,,,,,,,,,,983.36,,,,,,,,,,,,,2716086.04,,,,,,,,,,,,,,,,,,,,,,,,,,,,,
2013-06-12,,,,,,,,,,783.9097,,,,,,,,,,,,,981.74,,,,,,,,,,,,,2710280.39,,,,,,,,,,,,,6462162.9926,,,,,,,,,,,,,,,,
2013-06-13,,,,,,,,,,786.0898,,,,,,,,,,,,,977.57,,,,,,,,,,,,,2701989.34,,,,,,,,,,,,,6450117.9755,,,,,,,,,,,,,,,,
2013-06-14,,,,,,,,,,784.3626,,,,,,,,,,,,,974.38,,,,,,,,,,,,,2689826.66,,,,,,,,,,,,,6554372.4043,,,,,,,,,,,,,,,,
2013-06-15,,,,,,,,,,802.8846,,,,,,,,,,,,,964.61,,,,,,,,,,,,,2670048.46,,,,,,,,,,,,,6531875.2225,,,,,,,,,,,,,,,,
2013-06-16,,,,,87105.86,1014,85.90321499013807,,,802.4105,,,,,,,,,,,,,966.81,,,,,,,,53682.21,630,85.20985714285715,,,2625161.44,,,,,,,,,,,,,6515151.8112,,,,,,,,,,,,,,,,
2013-06-17,,,,45.04,,,,,,800.3917,,,,,,,47.54,,,,,,958.89,,,,,,,50.64,,,,,,2575375.61,,,,,,,50.9,,,,,,6507335.354,,,,,,,,,,,,,,,,
2013-06-18,,,,,,,,,,807.8664,,,,,,,,,,,,,960.9,,,,,,,,,,,,,2559144.04,,,,,,,,,,,,,6510558.3096,,,,,,,,,,,,,,,,
2013-06-19,,,,,,,,,,812.394,,,,,,,,,,,,,960.42,,,,,,,,,,,,,2522125.65,,,,,,,,,,,,,6499370.4295,,,,,,,,,,,,,,,,
2013-06-20,,,,,,,,,,811.2261,,,,,,,,,,,,,955.8,,,,,,,,,,,,,2560149.45,,,,,,,,,,,,,6450234.8175,,,,,,,,,,,,,,,,
2013-06-21,,,,,,,,,,809.1935,,,,,,,,,,,,,953.25,,,,,,,,,,,,,2685681.55,,,,,,,,,,,,,6534653.5836,,,,,,,,,,,,,,,,
2013-06-22,,,,,,,,,,807.1585,,,,,,,,,,,,,947.25,,,,,,,,,,,,,2667418.45,,,,,,,,,,,,,6498106.9735,,,,,,,,,,,,,,,,
2013-06-23,,,,,195728.82,2265,86.41449006622517,,,806.9752,,,,,,,,,,,,,952.28,,,,,,,,129767.12,1564,82.97130434782609,,,2661346.47,,,,,,,,,,,,,6471018.7389,,,,,,,,,,,,,,,,
2013-06-24,,,,44.91,,,,,,804.8792,,,,,,,52.69,,,,,,953.9,,,,,,,47.95,,,,,,2735826.61,,,,,,,54.75,,,,,,6445646.2349,,,,,,,,,,,,,,,,
2013-06-25,,,,,,,,,,809.9993,,,,,,,,,,,,,951.4,,,,,,,,,,,,,2745570.52,,,,,,,,,,,,,6425682.0739,,,,,,,,,,,,,,,,
2013-06-26,,,,,,,,,,801.3568,,,,,,,,,,,,,948.07,,,,,,,,,,,,,2755247.25,,,,,,,,,,,,,6476775.8414,,,,,,,,,,,,,,,,
2013-06-27,,,,,,,,,,800.9672,,,,,,,,,,,,,951.53,,,,,,,,,,,,,2610563.74,,,,,,,,,,,,,6508189.4203,,,,,,,,,,,,,,,,
2013-06-28,,,,,,,,,,801.0968,,,,,,,,,,,,,950.19,,,,,,,,,,,,,2591317.94,,,,,,,,,,,,,6525171.2092,,,,,,,,,,,,,,,,
2013-06-29,,,,,,,,,,793.9985,,,,,,,,,,,,,944.46,,,,,,,,,,,,,2577299.71,,,,,,,,,,,,,6473859.5048,,,,,,,,,,,,,,,,
2013-06-30,521,,,,302640.41,3327,90.96495641719267,149,2.05,792.1095,,75.5727,0,308.2,,,,,,,166.7,2.23,941.03,,52.7879,149.9389,366.1,,,,143371.47,1708,83.94114168618268,129.6,2.49,2550268.85,,0,0,446.4,,,,50.37,,,152.3,2.56,6435229.8117,28.91,113.6505,198.0593,,,,,4.5,6.29,,,100.5,2.6684,0.0049,4.0703,0.3147
2013-07-01,,,,40,,,,,,789.4067,,,,,,,47.98,,,,,,939.97,,,,,,,46.4,,,,,,2677161.79,,,,,,,52.21,,,,,,6438404.317,,,,,,,,,,,,,,,,
2013-07-02,,,,,,,,,,784.2199,,,,,,,,,,,,,934.72,,,,,,,,,,,,,2651966.85,,,,,,,,,,,,,6421651.8466,,,,,,,,,,,,,,,,
2013-07-03,,,,,,,,,,795.3456,,,,,,,,,,,,,932.99,,,,,,,,,,,,,2654035.93,,,,,,,,,,,,,6385570.1636,,,,,,,,,,,,,,,,
2013-07-04,,,,,,,,,,792.587,,,,,,,,,,,,,936.26,,,,,,,,,,,,,2719188.3,,,,,,,,,,,,,,,,,,,,,,,,,,,,,
2013-07-05,,,,,,,,,,794.7081,,,,,,,,,,,,,959.08,,,,,,,,,,,,,2747839.78,,,,,,,,,,,,,6413600,,,,,,,,,,,,,,,,
2013-07-06,,,,,,,,,,791.5187,,,,,,,,,,,,,955.73,,,,,,,,,,,,,2738299.97,,,,,,,,,,,,,6375200,,,,,,,,,,,,,,,,
2013-07-07,,,,,175950.57,1991,88.37296333500754,,,789.3471,,,,,,,,,,,,,949.03,,,,,,,,119660.01,1445,82.8096955017301,,,2719759.47,,,,,,,,,,,,,6362437.7487,,,,,,,,,,,,,,,,
2013-07-08,,,,43,,,,,,785.5037,,,,,,,52.98,,,,,,948.32,,,,,,,45.91,,,,,,2723184.18,,,,,,,49.87,,,,,,6324631.992,,,,,,,,,,,,,,,,
2013-07-09,,,,,,,,,,786.8309,,,,,,,,,,,,,950.9,,,,,,,,,,,,,2723350.26,,,,,,,,,,,,,6300119.2324,,,,,,,,,,,,,,,,
2013-07-10,,,,,,,,,,795.4542,,,,,,,,,,,,,952.33,,,,,,,,,,,,,2719250.82,,,,,,,,,,,,,6279556.2389,,,,,,,,,,,,,,,,
2013-07-11,,,,,,,,,,794.924,,,,,,,,,,,,,949.85,,,,,,,,,,,,,2711436.58,,,,,,,,,,,,,6362233.3236,,,,,,,,,,,,,,,,
2013-07-12,,,,,,,,,,794.6275,,,,,,,,,,,,,950.52,,,,,,,,,,,,,2731292.73,,,,,,,,,,,,,6407859.8711,,,,,,,,,,,,,,,,
2013-07-13,,,,,,,,,,786.6974,,,,,,,,,,,,,950.61,,,,,,,,,,,,,2726663.49,,,,,,,,,,,,,6384497.0871,,,,,,,,,,,,,,,,
2013-07-14,,,,,202898.13,2277,89.10765480895915,,,789.3461,,,,,,,,,,,,,946.37,,,,,,,,138122.12,1688,81.82590047393364,,,2706516.65,,,,,,,,,,,,,6368949.0335,,,,,,,,,,,,,,,,
2013-07-15,,,,39.89,,,,,,783.6618,,,,,,,54.51,,,,,,945.09,,,,,,,41.04,,,,,,2746647.08,,,,,,,48.85,,,,,,6409565.1262,,,,,,,,,,,,,,,,
2013-07-16,,,,,,,,,,775.8441,,,,,,,,,,,,,951.06,,,,,,,,,,,,,2738623.02,,,,,,,,,,,,,6393545.1782,,,,,,,,,,,,,,,,
2013-07-17,,,,,,,,,,778.4288,,,,,,,,,,,,,956.02,,,,,,,,,,,,,2694320.95,,,,,,,,,,,,,6389459.8891,,,,,,,,,,,,,,,,
2013-07-18,,,,,,,,,,785.7292,,,,,,,,,,,,,957.99,,,,,,,,,,,,,2675477.25,,,,,,,,,,,,,6378175.0951,,,,,,,,,,,,,,,,
2013-07-19,,,,,,,,,,800.5523,,,,,,,,,,,,,955.75,,,,,,,,,,,,,2682388.76,,,,,,,,,,,,,6370963.7649,,,,,,,,,,,,,,,,
2013-07-20,,,,,,,,,,797.7332,,,,,,,,,,,,,953.69,,,,,,,,,,,,,2671804.32,,,,,,,,,,,,,6354074.9736,,,,,,,,,,,,,,,,
2013-07-21,,,,,205214.97,2258,90.8835119574845,,,795.7239,,,,,,,,,,,,,946.35,,,,,,,,153243.83,1769,86.62737704918032,,,2666958.28,,,,,,,,,,,,,6344294.4041,,,,,,,,,,,,,,,,
2013-07-22,,,,43.89,,,,,,794.5997,,,,,,,52.36,,,,,,945.56,,,,,,,44.24,,,,,,2683909.51,,,,,,,50.68,,,,,,6423656.9858,,,,,,,,,,,,,,,,
2013-07-23,,,,,,,,,,794.9416,,,,,,,,,,,,,953.93,,,,,,,,,,,,,2735410.87,,,,,,,,,,,,,6421636.3202,,,,,,,,,,,,,,,,
2013-07-24,,,,,,,,,,793.3392,,,,,,,,,,,,,955.24,,,,,,,,,,,,,2729888.36,,,,,,,,,,,,,6406215.4277,,,,,,,,,,,,,,,,
2013-07-25,,,,,,,,,,804.6872,,,,,,,,,,,,,958.04,,,,,,,,,,,,,2729930.68,,,,,,,,,,,,,6403532.2594,,,,,,,,,,,,,,,,
2013-07-26,,,,,,,,,,802.1081,,,,,,,,,,,,,955.69,,,,,,,,,,,,,2685677.63,,,,,,,,,,,,,6446383.2493,,,,,,,,,,,,,,,,
2013-07-27,,,,,,,,,,805.6245,,,,,,,,,,,,,955.4,,,,,,,,,,,,,2675886.96,,,,,,,,,,,,,6409194.337,,,,,,,,,,,,,,,,
2013-07-28,,,,,201296.78,2289,87.94092616863259,,,803.0381,,,,,,,,,,,,,951.88,,,,,,,,132458.57,1598,82.89021902377972,,,2663910.32,,,,,,,,,,,,,6384813.3731,,,,,,,,,,,,,,,,
2013-07-29,,,,40.41,,,,,,802.4071,,,,,,,54.09,,,,,,953.34,,,,,,,49.72,,,,,,2655199.02,,,,,,,52.61,,,,,,6411190.2813,,,,,,,,,,,,,,,,
2013-07-30,,,,,,,,,,800.2896,,,,,,,,,,,,,947.7,,,,,,,,,,,,,2645693.89,,,,,,,,,,,,,6387654.966,,,,,,,,,,,,,,,,
2013-07-31,533,,,,,,,151.2,2.08,797.3304,,163.2675,134.355,312.9,,,,,,,168.9,2.22,948.04,,270.9082,125.2849,371,,,,,,,131.1,2.44,2705611.56,,0,0,456.6,,,,52.91,,,155.2,2.55,6401942.9068,40.34,119.2574,82.2369,,,,,4.5,,,,100.99999999999999,2.6741,0.1036,4.4414,0.518
2013-08-01,,,,,,,,,,793.0925,,,,,,,,,,,,,950.54,,,,,,,,,,,,,2692368.01,,,,,,,,,,,,,6399091.5957,,,,,,,,,,,,,,,,
2013-08-02,,,,,,,,,,790.5674,,,,,,,,,,,,,954.3,,,,,,,,,,,,,2729325.18,,,,,,,,,,,,,6481217.2395,,,,,,,,,,,,,,,,
2013-08-03,,,,,,,,,,801.0824,,,,,,,,,,,,,959.89,,,,,,,,,,,,,2725400.27,,,,,,,,,,,,,6464838.1628,,,,,,,,,,,,,,,,
2013-08-04,,,,,211566.24,2347,90.14326374094588,,,798.5531,,,,,,,,,,,,,957.62,,,,,,,,128050.08,1501,85.30984676882079,,,2720293.65,,,,,,,,,,,,,6452833.6801,,,,,,,,,,,,,,,,
2013-08-05,,,,45.86,,,,,,796.0378,,,,,,,56.2,,,,,,956.25,,,,,,,51.02,,,,,,2709143.55,,,,,,,49.38,,,,,,6358055.4093,,,,,,,,,,,,,,,,
2013-08-06,,,,,,,,,,793.2758,,,,,,,,,,,,,960.51,,,,,,,,,,,,,2698557.32,,,,,,,,,,,,,6340200.1668,,,,,,,,,,,,,,,,
2013-08-07,,,,,,,,,,788.6382,,,,,,,,,,,,,947.82,,,,,,,,,,,,,2714148.95,,,,,,,,,,,,,6356481.4324,,,,,,,,,,,,,,,,
2013-08-08,,,,,,,,,,783.517,,,,,,,,,,,,,950,,,,,,,,,,,,,2693470.09,,,,,,,,,,,,,6403794.6478,,,,,,,,,,,,,,,,
2013-08-09,,,,,,,,,,780.89,,,,,,,,,,,,,946.98,,,,,,,,,,,,,2693608.93,,,,,,,,,,,,,6449404.3222,,,,,,,,,,,,,,,,
2013-08-10,,,,,,,,,,775.5722,,,,,,,,,,,,,943.68,,,,,,,,,,,,,2667235.7,,,,,,,,,,,,,6428541.9461,,,,,,,,,,,,,,,,
2013-08-11,,,,,193879.17,2194,88.36789881494987,,,784.7992,,,,,,,,,,,,,943.35,,,,,,,,124764.06,1481,84.243119513842,,,2664049.73,,,,,,,,,,,,,6415408.9121,,,,,,,,,,,,,,,,
2013-08-12,,,,46.63,,,,,,784.7974,,,,,,,52.54,,,,,,939.52,,,,,,,52.36,,,,,,2765789.26,,,,,,,55.26,,,,,,6391220.8497,,,,,,,,,,,,,,,,
2013-08-13,,,,,,,,,,780.8367,,,,,,,,,,,,,942.56,,,,,,,,,,,,,2780785.45,,,,,,,,,,,,,6385890.9661,,,,,,,,,,,,,,,,
2013-08-14,,,,,,,,,,783.5806,,,,,,,,,,,,,947.27,,,,,,,,,,,,,2681374.77,,,,,,,,,,,,,6423903.306,,,,,,,,,,,,,,,,
2013-08-15,,,,,,,,,,783.2692,,,,,,,,,,,,,948,,,,,,,,,,,,,2665687.03,,,,,,,,,,,,,6508032.8747,,,,,,,,,,,,,,,,
2013-08-16,,,,,,,,,,779.4483,,,,,,,,,,,,,948.26,,,,,,,,,,,,,,,,,,,,,,,,,,6673901.7284,,,,,,,,,,,,,,,,
2013-08-17,,,,,,,,,,784.3496,,,,,,,,,,,,,943.68,,,,,,,,,,,,,2717083.52,,,,,,,,,,,,,6649140.3177,,,,,,,,,,,,,,,,
2013-08-18,,,,,216759.1,2419,89.60690367920628,,,781.6561,,,,,,,,,,,,,940.2,,,,,,,,102123.29,1212,84.2601402640264,,,2709380.26,,,,,,,,,,,,,6634023.0985,,,,,,,,,,,,,,,,
2013-08-19,,,,45.65,,,,,,779.4871,,,,,,,54.06,,,,,,938.7,,,,,,,57.27,,,,,,2752902.63,,,,,,,51.76,,,,,,6645400.2384,,,,,,,,,,,,,,,,
2013-08-20,,,,,,,,,,776.6956,,,,,,,,,,,,,940.08,,,,,,,,,,,,,2742720.23,,,,,,,,,,,,,,,,,,,,,,,,,,,,,
2013-08-21,,,,,,,,,,771.9189,,,,,,,,,,,,,942.2,,,,,,,,,,,,,2768816.43,,,,,,,,,,,,,,,,,,,,,,,,,,,,,
2013-08-22,,,,,,,,,,773.2145,,,,,,,,,,,,,949.93,,,,,,,,,,,,,2793233.35,,,,,,,,,,,,,6601871.6661,,,,,,,,,,,,,,,,
2013-08-23,,,,,,,,,,794.2844,,,,,,,,,,,,,950.69,,,,,,,,,,,,,2844859.22,,,,,,,,,,,,,6786681.9105,,,,,,,,,,,,,,,,
2013-08-24,,,,,,,,,,794.5953,,,,,,,,,,,,,950.1,,,,,,,,,,,,,2796407.08,,,,,,,,,,,,,6740349.1937,,,,,,,,,,,,,,,,
2013-08-25,,,,,237032.97,2665,88.9429530956848,,,793.0862,,,,,,,,,,,,,944.46,,,,,,,,135141.65,1608,84.04331467661692,,,2793096.41,,,,,,,,,,,,,6713833.9337,,,,,,,,,,,,,,,,
2013-08-26,,,,50.49,,,,,,792.0509,,,,,,,53.23,,,,,,942.47,,,,,,,55.03,,,,,,2787871.09,,,,,,,57.86,,,,,,6694547.861,,,,,,,,,,,,,,,,
2013-08-27,,,,,,,,,,789.758,,,,,,,,,,,,,942.9,,,,,,,,,,,,,2783215.27,,,,,,,,,,,,,6610675.9732,,,,,,,,,,,,,,,,
2013-08-28,,,,,,,,,,795.8066,,,,,,,,,,,,,944.66,,,,,,,,,,,,,2718536.29,,,,,,,,,,,,,6529124.5237,,,,,,,,,,,,,,,,
2013-08-29,,,,,,,,,,795.4252,,,,,,,,,,,,,941.63,,,,,,,,,,,,,2712519.52,,,,,,,,,,,,,6522489.8914,,,,,,,,,,,,,,,,
2013-08-30,,,,,,,,,,803.8807,,,,,,,,,,,,,937.34,,,,,,,,,,,,,2723618.2,,,,,,,,,,,,,6483054.913,,,,,,,,,,,,,,,,
2013-08-31,539,,,,,,,151.4,2.1,802.1376,,45.1268,163.2675,317.5,,,,,,,169.9,2.2,934,,205.0285,250.7845,376.3,,,,,,,131.8,2.35,2707389.24,,0,0,465.5,,,,48.63,,,158.4,2.55,6444499.2716,59.51,194.4299,79.7968,,,,,4.5,,,,101.6,2.5666,0.465,4.4116,0.3303
2013-09-01,,,,,278713.17,3149,88.50846935535091,,,,,,,,,,,,,,,,932.84,,,,,,,,126949.16,1566,81.0658748403576,,,2701579.03,,,,,,,,,,,,,6425852.5277,,,,,,,,,,,,,,,,
2013-09-02,,,,46.67,,,,,,802.9119,,,,,,,56.13,,,,,,931.73,,,,,,,55.72,,,,,,2682698.4,,,,,,,55.32,,,,,,6421672.515,,,,,,,,,,,,,,,,
2013-09-03,,,,,,,,,,805.3913,,,,,,,,,,,,,941.07,,,,,,,,,,,,,2683675.39,,,,,,,,,,,,,6409326.9044,,,,,,,,,,,,,,,,
2013-09-04,,,,,,,,,,801.7657,,,,,,,,,,,,,939.23,,,,,,,,,,,,,2706707.17,,,,,,,,,,,,,6374246.7272,,,,,,,,,,,,,,,,
2013-09-05,,,,,,,,,,804.8721,,,,,,,,,,,,,940.61,,,,,,,,,,,,,2702254.77,,,,,,,,,,,,,6312996.5291,,,,,,,,,,,,,,,,
2013-09-06,,,,,,,,,,808.2141,,,,,,,,,,,,,941.75,,,,,,,,,,,,,2699746.28,,,,,,,,,,,,,6371562.27,,,,,,,,,,,,,,,,
2013-09-07,,,,,,,,,,804.4839,,,,,,,,,,,,,939.24,,,,,,,,,,,,,2697235.42,,,,,,,,,,,,,6338479.0174,,,,,,,,,,,,,,,,
2013-09-08,,,,,206046.39,2289,90.01589777195282,,,802.0261,,,,,,,,,,,,,934.82,,,,,,,,133778.45,1634,81.87175642594859,,,2691962.59,,,,,,,,,,,,,6316104.6056,,,,,,,,,,,,,,,,
2013-09-09,,,,46.65,,,,,,799.2521,,,,,,,53.7,,,,,,932.72,,,,,,,56.97,,,,,,2745435.58,,,,,,,51.1,,,,,,6331239.8071,,,,,,,,,,,,,,,,
2013-09-10,,,,,,,,,,796.6662,,,,,,,,,,,,,940.1,,,,,,,,,,,,,2703291.3,,,,,,,,,,,,,6281375.8071,,,,,,,,,,,,,,,,
2013-09-11,,,,,,,,,,787.76,,,,,,,,,,,,,937.23,,,,,,,,,,,,,2735980.85,,,,,,,,,,,,,6265108.6824,,,,,,,,,,,,,,,,
2013-09-12,,,,,,,,,,786.9368,,,,,,,,,,,,,937.4,,,,,,,,,,,,,2725335.05,,,,,,,,,,,,,6421836.2927,,,,,,,,,,,,,,,,
2013-09-13,,,,,,,,,,786.0623,,,,,,,,,,,,,938.54,,,,,,,,,,,,,2744369.97,,,,,,,,,,,,,6611739.4678,,,,,,,,,,,,,,,,
2013-09-14,,,,,,,,,,790.5363,,,,,,,,,,,,,936.36,,,,,,,,,,,,,2733374.65,,,,,,,,,,,,,6580096.5501,,,,,,,,,,,,,,,,
2013-09-15,,,,,262490.65,2972,88.32121467025571,,,785.878,,,,,,,,,,,,,931.23,,,,,,,,143262.58,1717,83.43772859638905,,,2728989.7,,,,,,,,,,,,,6559554.101,,,,,,,,,,,,,,,,
2013-09-16,,,,47.67,,,,,,776.5231,,,,,,,55.9,,,,,,925.92,,,,,,,53.8,,,,,,2756678.32,,,,,,,52.02,,,,,,6563400,,,,,,,,,,,,,,,,
2013-09-17,,,,,,,,,,771.2788,,,,,,,,,,,,,928.52,,,,,,,,,,,,,2826397.14,,,,,,,,,,,,,6541800,,,,,,,,,,,,,,,,
2013-09-18,,,,,,,,,,791.4838,,,,,,,,,,,,,931.51,,,,,,,,,,,,,2855044.11,,,,,,,,,,,,,6737900,,,,,,,,,,,,,,,,
2013-09-19,,,,,,,,,,788.5443,,,,,,,,,,,,,936.4,,,,,,,,,,,,,2847306.98,,,,,,,,,,,,,6723700,,,,,,,,,,,,,,,,
2013-09-20,,,,,,,,,,786.1555,,,,,,,,,,,,,933.02,,,,,,,,,,,,,2844848.19,,,,,,,,,,,,,6706700,,,,,,,,,,,,,,,,
2013-09-21,,,,,,,,,,779.7042,,,,,,,,,,,,,929.33,,,,,,,,,,,,,2841538.67,,,,,,,,,,,,,6689910.7357,,,,,,,,,,,,,,,,
2013-09-22,,,,,218439.72,2357,92.67701315231226,,,777.1681,,,,,,,,,,,,,927.79,,,,,,,,125585.25,1497,83.89128256513025,,,2805591.49,,,,,,,,,,,,,6684390.0748,,,,,,,,,,,,,,,,
2013-09-23,,,,49.45,,,,,,771.7125,,,,,,,54.83,,,,,,939.29,,,,,,,55.15,,,,,,2788673.44,,,,,,,50.88,,,,,,6658633.2128,,,,,,,,,,,,,,,,
2013-09-24,,,,,,,,,,774.2167,,,,,,,,,,,,,941.14,,,,,,,,,,,,,2777926.1,,,,,,,,,,,,,6672561.1009,,,,,,,,,,,,,,,,
2013-09-25,,,,,,,,,,769.1063,,,,,,,,,,,,,945.79,,,,,,,,,,,,,2767639.92,,,,,,,,,,,,,6641464.3136,,,,,,,,,,,,,,,,
2013-09-26,,,,,,,,,,765.184,,,,,,,,,,,,,949.04,,,,,,,,,,,,,2886729.37,,,,,,,,,,,,,6777866.6421,,,,,,,,,,,,,,,,
2013-09-27,,,,,,,,,,769.5063,,,,,,,,,,,,,952.47,,,,,,,,,,,,,2966601.84,,,,,,,,,,,,,6860084.4446,,,,,,,,,,,,,,,,
2013-09-28,,,,,,,,,,763.4549,,,,,,,,,,,,,959.02,,,,,,,,,,,,,2948835.97,,,,,,,,,,,,,6817973.6782,,,,,,,,,,,,,,,,
2013-09-29,,,,,386435.46,4201,91.98654129969054,,,760.9726,,,,,,,,,,,,,956.06,,,,,,,,181371.78,2153,84.24142127264282,,,2928724.26,,,,,,,,,,,,,6819387.3529,,,,,,,,,,,,,,,,
2013-09-30,545,,,45.54,,,,151.6,2.08,765.2742,,187.6946,45.1268,328.8,,,56.48,,,,174.2,2.18,967.46,,171.6678,269.7683,384.8,,,48.02,,,,132.4,2.3,2985385.81,,26.23,0,478.8,,,45.58,53.27,,,162.3,2.54,6953005.155,59.42,61.3372,158.9353,,,,,4.5,6.39,,,103.5,3.0519,0.8128,4.4269,0.326
2013-10-01,,,,,,,,,,758.6407,,,,,,,,,,,,,974.33,,,,,,,,,,,,,2982589.64,,,,,,,,,,,,,6933559.6797,,,,,,,,,,,,,,,,
2013-10-02,,,,,,,,,,757.0917,,,,,,,,,,,,,974.56,,,,,,,,,,,,,2981083.78,,,,,,,,,,,,,6919677.6881,,,,,,,,,,,,,,,,
2013-10-03,,,,,,,,,,756.1089,,,,,,,,,,,,,974.76,,,,,,,,,,,,,2978715.59,,,,,,,,,,,,,6908187.8433,,,,,,,,,,,,,,,,
2013-10-04,,,,,,,,,,755.7363,,,,,,,,,,,,,972.17,,,,,,,,,,,,,2965176.04,,,,,,,,,,,,,6898261.7533,,,,,,,,,,,,,,,,
2013-10-05,,,,,,,,,,755.1874,,,,,,,,,,,,,970.32,,,,,,,,,,,,,2962044.74,,,,,,,,,,,,,6887253.13,,,,,,,,,,,,,,,,
2013-10-06,,,,,92907.08,1027,90.46453748782862,,,754.4939,,,,,,,,,,,,,969.82,,,,,,,,33966.53,401,84.70456359102245,,,2945892.45,,,,,,,,,,,,,6876799.0893,,,,,,,,,,,,,,,,
2013-10-07,,,,46.77,,,,,,753.5359,,,,,,,58.11,,,,,,967.57,,,,,,,48.8,,,,,,2940592.43,,,,,,,46.54,,,,,,6864712.436,,,,,,,,,,,,,,,,
2013-10-08,,,,,,,,,,750.5277,,,,,,,,,,,,,965.17,,,,,,,,,,,,,2815638.25,,,,,,,,,,,,,6884100.9699,,,,,,,,,,,,,,,,
2013-10-09,,,,,,,,,,745.888,,,,,,,,,,,,,962.45,,,,,,,,,,,,,2859003.75,,,,,,,,,,,,,6844896.4895,,,,,,,,,,,,,,,,
2013-10-10,,,,,,,,,,741.7469,,,,,,,,,,,,,955.95,,,,,,,,,,,,,2857090.82,,,,,,,,,,,,,6819682.5025,,,,,,,,,,,,,,,,
2013-10-11,,,,,,,,,,745.9583,,,,,,,,,,,,,958.09,,,,,,,,,,,,,2880024.66,,,,,,,,,,,,,6771551.1503,,,,,,,,,,,,,,,,
2013-10-12,,,,,,,,,,750.3742,,,,,,,,,,,,,957.94,,,,,,,,,,,,,2948441.4,,,,,,,,,,,,,6739360.78,,,,,,,,,,,,,,,,
2013-10-13,,,,,207757.7,2320,89.5507327586207,,,740.896,,,,,,,,,,,,,946.76,,,,,,,,113434.34,1388,81.7250288184438,,,2910350.39,,,,,,,,,,,,,6684048.9346,,,,,,,,,,,,,,,,
2013-10-14,,,,52.14,,,,,,739.6364,,,,,,,59.56,,,,,,939.36,,,,,,,43.51,,,,,,2889332.56,,,,,,,50.34,,,,,,6637444.8039,,,,,,,,,,,,,,,,
2013-10-15,,,,,,,,,,737.9928,,,,,,,,,,,,,939.77,,,,,,,,,,,,,3085461.42,,,,,,,,,,,,,6590114.554,,,,,,,,,,,,,,,,
2013-10-16,,,,,,,,,,736.1235,,,,,,,,,,,,,944.84,,,,,,,,,,,,,3206328.84,,,,,,,,,,,,,6591704.9058,,,,,,,,,,,,,,,,
2013-10-17,,,,,,,,,,735.5266,,,,,,,,,,,,,966,,,,,,,,,,,,,3357312.55,,,,,,,,,,,,,6605392.8186,,,,,,,,,,,,,,,,
2013-10-18,,,,,,,,,,736.0202,,,,,,,,,,,,,967.64,,,,,,,,,,,,,3379690.95,,,,,,,,,,,,,6719673.0281,,,,,,,,,,,,,,,,
2013-10-19,,,,,,,,,,731.8903,,,,,,,,,,,,,977.36,,,,,,,,,,,,,3378678.12,,,,,,,,,,,,,6670500.4938,,,,,,,,,,,,,,,,
2013-10-20,,,,,240187.16,2696,89.09019287833829,,,732.4872,,,,,,,,,,,,,971.66,,,,,,,,154985.01,1958,79.15475485188968,,,3373945.55,,,,,,,,,,,,,6634074.1361,,,,,,,,,,,,,,,,
2013-10-21,,,,42.94,,,,,,728.6161,,,,,,,56.23,,,,,,970.66,,,,,,,39.22,,,,,,3364157.03,,,,,,,45.85,,,,,,6619864.533,,,,,,,,,,,,,,,,
2013-10-22,,,,,,,,,,728.4392,,,,,,,,,,,,,973.93,,,,,,,,,,,,,3354611.28,,,,,,,,,,,,,6593691.786,,,,,,,,,,,,,,,,
2013-10-23,,,,,,,,,,731.5897,,,,,,,,,,,,,972.66,,,,,,,,,,,,,3345099.88,,,,,,,,,,,,,6567524.8981,,,,,,,,,,,,,,,,
2013-10-24,,,,,,,,,,735.5933,,,,,,,,,,,,,975.27,,,,,,,,,,,,,3411945.32,,,,,,,,,,,,,6590917.3772,,,,,,,,,,,,,,,,
2013-10-25,,,,,,,,,,744.2081,,,,,,,,,,,,,977.02,,,,,,,,,,,,,3449569.15,,,,,,,,,,,,,6866666.0049,,,,,,,,,,,,,,,,
2013-10-26,,,,,,,,,,741.2193,,,,,,,,,,,,,978.36,,,,,,,,,,,,,3439286.07,,,,,,,,,,,,,6825729.7492,,,,,,,,,,,,,,,,
2013-10-27,,,,,294880.51,3295,89.49332625189682,,,742.0235,,,,,,,,,,,,,978.55,,,,,,,,137135.81,1670,82.117251497006,,,3434886.58,,,,,,,,,,,,,6797966.2906,,,,,,,,,,,,,,,,
2013-10-28,,,,43.23,,,,,,746.093,,,,,,,60.02,,,,,,969.95,,,,,,,45.37,,,,,,3431106.72,,,,,,,47.22,,,,,,6779896.1726,,,,,,,,,,,,,,,,
2013-10-29,,,,,,,,,,745.4714,,,,,,,,,,,,,973.68,,,,,,,,,,,,,3423076.16,,,,,,,,,,,,,6791098.262,,,,,,,,,,,,,,,,
2013-10-30,,,,,,,,,,743.0839,,,,,,,,,,,,,981.58,,,,,,,,,,,,,3393894.96,,,,,,,,,,,,,6761057.421,,,,,,,,,,,,,,,,
2013-10-31,555,,,,,,,149.7,2.05,733.788,,225.3007,59.3518,334.1,,,,,,,175.6,2.16,982.69,,105.9759,67.774,389.8,,,,,,,133.5,2.29,3452384.81,,0,26.23,487.6,,,,54.06,,,164,2.52,6863343.0414,113.49,0,81.2074,,,,,4.5,,,,107.5,3.2058,0.0574,4.4511,0.2186
2013-11-01,,,,,,,,,,730.148,,,,,,,,,,,,,976.29,,,,,,,,,,,,,3556517.08,,,,,,,,,,,,,6929315.575,,,,,,,,,,,,,,,,
2013-11-02,,,,,,,,,,719.2252,,,,,,,,,,,,,978.21,,,,,,,,,,,,,3530935.11,,,,,,,,,,,,,6901481.8168,,,,,,,,,,,,,,,,
2013-11-03,,,,,282878.2,3101,91.22160593356982,,,717.4287,,,,,,,,,,,,,978.64,,,,,,,,128717.33,1517,84.84992089650626,,,3515375.81,,,,,,,,,,,,,6877312.0134,,,,,,,,,,,,,,,,
2013-11-04,,,,42.05,,,,,,716.3866,,,,,,,53.74,,,,,,971.2,,,,,,,38.04,,,,,,3468261.42,,,,,,,40,,,,,,6893053.4246,,,,,,,,,,,,,,,,
2013-11-05,,,,,,,,,,715.1746,,,,,,,,,,,,,983.23,,,,,,,,,,,,,3418751.36,,,,,,,,,,,,,6819388.296,,,,,,,,,,,,,,,,
2013-11-06,,,,,,,,,,722.7487,,,,,,,,,,,,,989.88,,,,,,,,,,,,,3409171.68,,,,,,,,,,,,,6770668.5353,,,,,,,,,,,,,,,,
2013-11-07,,,,,,,,,,721.0078,,,,,,,,,,,,,999.77,,,,,,,,,,,,,3417775.94,,,,,,,,,,,,,6748910.7817,,,,,,,,,,,,,,,,
2013-11-08,,,,,,,,,,713.5954,,,,,,,,,,,,,994.89,,,,,,,,,,,,,3387238.2,,,,,,,,,,,,,6889811.3431,,,,,,,,,,,,,,,,
2013-11-09,,,,,,,,,,709.5958,,,,,,,,,,,,,999.89,,,,,,,,,,,,,3378786.45,,,,,,,,,,,,,6860901.9823,,,,,,,,,,,,,,,,
2013-11-10,,,,,247998.82,2719,91.20956969474071,,,719.8168,,,,,,,,,,,,,991.94,,,,,,,,143827.81,1670,86.1244371257485,,,3374709.02,,,,,,,,,,,,,6835314.5879,,,,,,,,,,,,,,,,
2013-11-11,,,,38.84,,,,,,725.5725,,,,,,,50.54,,,,,,986.7,,,,,,,38.77,,,,,,3375673.65,,,,,,,43.1,,,,,,6815773.7573,,,,,,,,,,,,,,,,
2013-11-12,,,,,,,,,,723.1628,,,,,,,,,,,,,985.36,,,,,,,,,,,,,3412104.9,,,,,,,,,,,,,6806951.7715,,,,,,,,,,,,,,,,
2013-11-13,,,,,,,,,,719.6696,,,,,,,,,,,,,983.39,,,,,,,,,,,,,3398427.69,,,,,,,,,,,,,6851361.6285,,,,,,,,,,,,,,,,
2013-11-14,,,,,,,,,,716.5795,,,,,,,,,,,,,987.73,,,,,,,,,,,,,3435154.25,,,,,,,,,,,,,7060510.5123,,,,,,,,,,,,,,,,
2013-11-15,,,,,,,,,,709.7772,,,,,,,,,,,,,988.8,,,,,,,,,,,,,3454248.6,,,,,,,,,,,,,7011501.1914,,,,,,,,,,,,,,,,
2013-11-16,,,,,,,,,,726.266,,,,,,,,,,,,,991.8,,,,,,,,,,,,,3424474.25,,,,,,,,,,,,,6970650.587,,,,,,,,,,,,,,,,
2013-11-17,,,,,248501.54,2714,91.56283714075165,,,738.3411,,,,,,,,,,,,,991.74,,,,,,,,123878.4,1450,85.43337931034483,,,3420446.49,,,,,,,,,,,,,6941946.0979,,,,,,,,,,,,,,,,
2013-11-18,,,,40.04,,,,,,722.0824,,,,,,,50.62,,,,,,985.77,,,,,,,37.39,,,,,,3473458.62,,,,,,,50,,,,,,7002525.0879,,,,,,,,,,,,,,,,
2013-11-19,,,,,,,,,,719.3516,,,,,,,,,,,,,982.83,,,,,,,,,,,,,3464663.92,,,,,,,,,,,,,6977630.528,,,,,,,,,,,,,,,,
2013-11-20,,,,,,,,,,719.5449,,,,,,,,,,,,,982.3,,,,,,,,,,,,,3440075.19,,,,,,,,,,,,,6994483.981,,,,,,,,,,,,,,,,
2013-11-21,,,,,,,,,,716.28,,,,,,,,,,,,,984.54,,,,,,,,,,,,,3429119.82,,,,,,,,,,,,,7019602.9281,,,,,,,,,,,,,,,,
2013-11-22,,,,,,,,,,721.2981,,,,,,,,,,,,,981.62,,,,,,,,,,,,,3432824.73,,,,,,,,,,,,,7178317.0637,,,,,,,,,,,,,,,,
2013-11-23,,,,,,,,,,734.4537,,,,,,,,,,,,,988.89,,,,,,,,,,,,,3420088.75,,,,,,,,,,,,,7135961.974,,,,,,,,,,,,,,,,
2013-11-24,,,,,232558.39,2490,93.3969437751004,,,733.4292,,,,,,,,,,,,,987.08,,,,,,,,115325.13,1415,81.50185865724382,,,3403385.8,,,,,,,,,,,,,7111877.6678,,,,,,,,,,,,,,,,
2013-11-25,,,,40.8,,,,,,731.0713,,,,,,,47.95,,,,,,984.05,,,,,,,37.8,,,,,,3487822.55,,,,,,,44.98,,,,,,7135533.1613,,,,,,,,,,,,,,,,
2013-11-26,,,,,,,,,,743.7698,,,,,,,,,,,,,983.77,,,,,,,,,,,,,3483119.21,,,,,,,,,,,,,7123611.3973,,,,,,,,,,,,,,,,
2013-11-27,,,,,,,,,,741.3632,,,,,,,,,,,,,979.49,,,,,,,,,,,,,3470522.05,,,,,,,,,,,,,7128776.5662,,,,,,,,,,,,,,,,
2013-11-28,,,,,,,,,,730.9931,,,,,,,,,,,,,979.93,,,,,,,,,,,,,3506605.7,,,,,,,,,,,,,7138451.4149,,,,,,,,,,,,,,,,
2013-11-29,,,,,,,,,,747.2444,,,,,,,,,,,,,976.37,,,,,,,,,,,,,3476215.08,,,,,,,,,,,,,7186555.4248,,,,,,,,,,,,,,,,
2013-11-30,553,,,,,,,148.6,2.02,753.8326,,137.3357,328.5774,337.7,,,,,,,177.9,2.17,976.05,,228.1055,128.1535,398.8,,,,,,,134.6,2.26,3435713.15,,13.214,0,493.2,,,,71.42,,,164.7,2.51,7156288.7446,133.72,1.082,13.9572,,,,,4.5,,,,102.7,3.018,-0.0645,4.6856,0.2224
2013-12-01,,,,,260824.8,2808,92.88632478632479,,,751.4163,,,,,,,,,,,,,974.34,,,,,,,,117410.59,1415,82.97568197879859,,,3433708.42,,,,,,,,,,,,,7142963.137,,,,,,,,,,,,,,,,
2013-12-02,,,,38.62,,,,,,748.1279,,,,,,,45.96,,,,,,972.86,,,,,,,39.71,,,,,,3416764.66,,,,,,,34.43,,,,,,7157278.3514,,,,,,,,,,,,,,,,
2013-12-03,,,,,,,,,,747.2449,,,,,,,,,,,,,971.28,,,,,,,,,,,,,3450055.43,,,,,,,,,,,,,7136425.9419,,,,,,,,,,,,,,,,
2013-12-04,,,,,,,,,,744.9597,,,,,,,,,,,,,982.13,,,,,,,,,,,,,3580136.55,,,,,,,,,,,,,7206182.1582,,,,,,,,,,,,,,,,
2013-12-05,,,,,,,,,,740.939,,,,,,,,,,,,,980.73,,,,,,,,,,,,,3573564.41,,,,,,,,,,,,,7212042.4463,,,,,,,,,,,,,,,,
2013-12-06,,,,,,,,,,739.9286,,,,,,,,,,,,,973.35,,,,,,,,,,,,,3566579.23,,,,,,,,,,,,,7241878.516,,,,,,,,,,,,,,,,
2013-12-07,,,,,,,,,,734.623,,,,,,,,,,,,,971.37,,,,,,,,,,,,,3557816.36,,,,,,,,,,,,,7223933.4505,,,,,,,,,,,,,,,,
2013-12-08,,,,,199560.72,2137,93.38358446420216,,,735.3979,,,,,,,,,,,,,968.47,,,,,,,,112214.24,1310,85.6597251908397,,,3549442.01,,,,,,,,,,,,,7211299.2572,,,,,,,,,,,,,,,,
2013-12-09,,,,36.28,,,,,,731.8543,,,,,,,46.38,,,,,,960.97,,,,,,,39.78,,,,,,3589532.51,,,,,,,45.93,,,,,,7257534.6921,,,,,,,,,,,,,,,,
2013-12-10,,,,,,,,,,736.8466,,,,,,,,,,,,,956.9,,,,,,,,,,,,,3583211.49,,,,,,,,,,,,,7281729.3155,,,,,,,,,,,,,,,,
2013-12-11,,,,,,,,,,734.256,,,,,,,,,,,,,954.62,,,,,,,,,,,,,3511968.24,,,,,,,,,,,,,7288753.1836,,,,,,,,,,,,,,,,
2013-12-12,,,,,,,,,,755.8803,,,,,,,,,,,,,958.98,,,,,,,,,,,,,3496631.4,,,,,,,,,,,,,7275899.2215,,,,,,,,,,,,,,,,
2013-12-13,,,,,,,,,,762.2211,,,,,,,,,,,,,958.19,,,,,,,,,,,,,3520585.02,,,,,,,,,,,,,7413710.3361,,,,,,,,,,,,,,,,
2013-12-14,,,,,,,,,,755.9044,,,,,,,,,,,,,963.71,,,,,,,,,,,,,3509832.29,,,,,,,,,,,,,7384715.4548,,,,,,,,,,,,,,,,
2013-12-15,,,,,224707.07,2362,95.13423793395428,,,749.8848,,,,,,,,,,,,,960.59,,,,,,,,123971.33,1444,85.8527216066482,,,3481001.81,,,,,,,,,,,,,7365939.6911,,,,,,,,,,,,,,,,
2013-12-16,,,,34.85,,,,,,744.2499,,,,,,,44.99,,,,,,959.78,,,,,,,39.11,,,,,,3602028.28,,,,,,,42.77,,,,,,7374176.249,,,,,,,,,,,,,,,,
2013-12-17,,,,,,,,,,750.876,,,,,,,,,,,,,959.22,,,,,,,,,,,,,3799536.03,,,,,,,,,,,,,7390839.8652,,,,,,,,,,,,,,,,
2013-12-18,,,,,,,,,,751.9708,,,,,,,,,,,,,956.29,,,,,,,,,,,,,3804261.7,,,,,,,,,,,,,7374401.3095,,,,,,,,,,,,,,,,
2013-12-19,,,,,,,,,,750.9451,,,,,,,,,,,,,965.15,,,,,,,,,,,,,3778158.64,,,,,,,,,,,,,7518191.6667,,,,,,,,,,,,,,,,
2013-12-20,,,,,,,,,,737.523,,,,,,,,,,,,,970.61,,,,,,,,,,,,,3749436.49,,,,,,,,,,,,,7608243.9817,,,,,,,,,,,,,,,,
2013-12-21,,,,,,,,,,750.9449,,,,,,,,,,,,,968.8,,,,,,,,,,,,,3745179.42,,,,,,,,,,,,,7591339.5753,,,,,,,,,,,,,,,,
2013-12-22,,,,,232575.83,2519,92.32863437872172,,,748.5692,,,,,,,,,,,,,969.36,,,,,,,,108847.33,1303,83.53594013814275,,,3739799.67,,,,,,,,,,,,,7582940.7904,,,,,,,,,,,,,,,,
2013-12-23,,,,38.59,,,,,,747.0522,,,,,,,44.18,,,,,,967.82,,,,,,,38.96,,,,,,3756859.88,,,,,,,40.51,,,,,,7572482.8321,,,,,,,,,,,,,,,,
2013-12-24,,,,,,,,,,759.6299,,,,,,,,,,,,,974.33,,,,,,,,,,,,,3754505.5,,,,,,,,,,,,,7627515.2332,,,,,,,,,,,,,,,,
2013-12-25,,,,,,,,,,767.5518,,,,,,,,,,,,,978.12,,,,,,,,,,,,,3733052.92,,,,,,,,,,,,,7644278.148,,,,,,,,,,,,,,,,
2013-12-26,,,,,,,,,,767.0995,,,,,,,,,,,,,977.69,,,,,,,,,,,,,3674357.43,,,,,,,,,,,,,7612805.7802,,,,,,,,,,,,,,,,
2013-12-27,,,,,,,,,,767.7376,,,,,,,,,,,,,977.78,,,,,,,,,,,,,3676764.61,,,,,,,,,,,,,7779762.5257,,,,,,,,,,,,,,,,
2013-12-28,,,,,,,,,,764.4654,,,,,,,,,,,,,972.64,,,,,,,,,,,,,3666088.95,,,,,,,,,,,,,7691873.4735,,,,,,,,,,,,,,,,
2013-12-29,,,,,237613.87,2547,93.29166470357283,,,767.5242,,,,,,,,,,,,,971.13,,,,,,,,104365.09,1251,83.42533173461231,,,3663910.58,,,,,,,,,,,,,7660012.0006,,,,,,,,,,,,,,,,
2013-12-30,,,,38.12,,,,,,769.5878,,,,,,,47.16,,,,,,968.93,,,,,,,41.18,,,,,,4010699.21,,,,,,,42.71,,,,,,7640529.0691,,,,,,,,,,,,,,,,
2013-12-31,553,,,,,,,149.3,2,765.237,,266.8163,155.3318,340.3,,,,,,,180.9,2.19,976.68,,85.8517,221.4971,402,,,,,,,135.6,2.26,4032362.79,,0,13.214,493.8,,,,67.16,,,163.4,2.48,7645663.7859,109.85,56.1007,1.082,,,10.5,,4.5,6.53,,,106.8,2.4987,0.2813,4.6892,0.1053
2014-01-01,,,,,,,,,,720.3553,,,,,,,,,,,,,977.47,,,,,,,,,,,,,4017843.32,,,,,,,,,,,,,7627248.8714,,,,,,,,,,,,,,,,
2014-01-02,,,,,,,,,,726.1526,,,,,,,,,,,,,979.76,,,,,,,,,,,,,3967843.17,,,,,,,,,,,,,7622005.6826,,,,,,,,,,,,,,,,
2014-01-03,,,,,,,,,,721.315,,,,,,,,,,,,,977.75,,,,,,,,,,,,,4013308.22,,,,,,,,,,,,,7618096.3877,,,,,,,,,,,,,,,,
2014-01-04,,,,,,,,,,718.9145,,,,,,,,,,,,,982.89,,,,,,,,,,,,,3992074.55,,,,,,,,,,,,,7585180.0096,,,,,,,,,,,,,,,,
2014-01-05,,,,,198862.09,2161,92.02317908375753,,,717.1462,,,,,,,,,,,,,980.32,,,,,,,,70271.02,827,84.97100362756953,,,3969198.27,,,,,,,,,,,,,7560003.7897,,,,,,,,,,,,,,,,
2014-01-06,,,,41.03,,,,,,715.7465,,,,,,,46.94,,,,,,978.54,,,,,,,43.77,,,,,,3684143.49,,,,,,,51.04,,,,,,7573447.985,,,,,,,,,,,,,,,,
2014-01-07,,,,,,,,,,714.4297,,,,,,,,,,,,,982.3,,,,,,,,,,,,,3671468.47,,,,,,,,,,,,,7551557.8765,,,,,,,,,,,,,,,,
2014-01-08,,,,,,,,,,714.2404,,,,,,,,,,,,,979.62,,,,,,,,,,,,,3691948.48,,,,,,,,,,,,,7534705.6327,,,,,,,,,,,,,,,,
2014-01-09,,,,,,,,,,721.0883,,,,,,,,,,,,,979.08,,,,,,,,,,,,,3626370.53,,,,,,,,,,,,,7540503.2046,,,,,,,,,,,,,,,,
2014-01-10,,,,,,,,,,720.1777,,,,,,,,,,,,,976.59,,,,,,,,,,,,,3620320.82,,,,,,,,,,,,,7584467.7669,,,,,,,,,,,,,,,,
2014-01-11,,,,,,,,,,717.1522,,,,,,,,,,,,,980.98,,,,,,,,,,,,,3588175.09,,,,,,,,,,,,,7562716.7817,,,,,,,,,,,,,,,,
2014-01-12,,,,,187740.9,2029,92.52878265155249,,,722.2804,,,,,,,,,,,,,977.94,,,,,,,,101607.39,1226,82.8771533442088,,,3583576.93,,,,,,,,,,,,,7546838.8138,,,,,,,,,,,,,,,,
2014-01-13,,,,41.71,,,,,,720.7169,,,,,,,47.03,,,,,,977.17,,,,,,,45.22,,,,,,3574296.83,,,,,,,51.1,,,,,,7490457.9995,,,,,,,,,,,,,,,,
2014-01-14,,,,,,,,,,721.2152,,,,,,,,,,,,,979.06,,,,,,,,,,,,,3568260.41,,,,,,,,,,,,,7464403.6589,,,,,,,,,,,,,,,,
2014-01-15,,,,,,,,,,719.3514,,,,,,,,,,,,,977.42,,,,,,,,,,,,,3630273.3,,,,,,,,,,,,,7486615.2885,,,,,,,,,,,,,,,,
2014-01-16,,,,,,,,,,717.4365,,,,,,,,,,,,,980.33,,,,,,,,,,,,,3622411.36,,,,,,,,,,,,,7475238.6972,,,,,,,,,,,,,,,,
2014-01-17,,,,,,,,,,715.3501,,,,,,,,,,,,,984.87,,,,,,,,,,,,,3626066.86,,,,,,,,,,,,,7542361.3276,,,,,,,,,,,,,,,,
2014-01-18,,,,,,,,,,712.1492,,,,,,,,,,,,,985.3,,,,,,,,,,,,,3617255.6,,,,,,,,,,,,,7504508.6606,,,,,,,,,,,,,,,,
2014-01-19,,,,,228126.39,2572,88.69610808709176,,,723.6634,,,,,,,,,,,,,,,,,,,,,114068.27,1367,83.44423555230432,,,3610644.32,,,,,,,,,,,,,7490930.2097,,,,,,,,,,,,,,,,
2014-01-20,,,,39.29,,,,,,724.7867,,,,,,,47.46,,,,,,976.76,,,,,,,45.45,,,,,,3613926.53,,,,,,,47.26,,,,,,7458935.4169,,,,,,,,,,,,,,,,
2014-01-21,,,,,,,,,,725.2859,,,,,,,,,,,,,976.34,,,,,,,,,,,,,3609329.12,,,,,,,,,,,,,7442571.6986,,,,,,,,,,,,,,,,
2014-01-22,,,,,,,,,,718.4267,,,,,,,,,,,,,968.73,,,,,,,,,,,,,3607938.55,,,,,,,,,,,,,7408857.2549,,,,,,,,,,,,,,,,
2014-01-23,,,,,,,,,,714.4161,,,,,,,,,,,,,971.49,,,,,,,,,,,,,3546939.38,,,,,,,,,,,,,7441707.8909,,,,,,,,,,,,,,,,
2014-01-24,,,,,,,,,,711.7734,,,,,,,,,,,,,981.02,,,,,,,,,,,,,3389281.99,,,,,,,,,,,,,7446045.6403,,,,,,,,,,,,,,,,
2014-01-25,,,,,,,,,,708.2376,,,,,,,,,,,,,978.56,,,,,,,,,,,,,3388445.66,,,,,,,,,,,,,7428899.6025,,,,,,,,,,,,,,,,
2014-01-26,,,,,257568.43,2781,92.61719884933477,,,705.257,,,,,,,,,,,,,976.29,,,,,,,,115673.61,1369,84.49496712929145,,,3363367.72,,,,,,,,,,,,,7388661.331,,,,,,,,,,,,,,,,
2014-01-27,,,,45.43,,,,,,704.6022,,,,,,,50.09,,,,,,986.83,,,,,,,43.83,,,,,,3362211.19,,,,,,,55.68,,,,,,7406943.7451,,,,,,,,,,,,,,,,
2014-01-28,,,,,,,,,,703.9111,,,,,,,,,,,,,987.5,,,,,,,,,,,,,3349472.68,,,,,,,,,,,,,7391696.6277,,,,,,,,,,,,,,,,
2014-01-29,,,,,,,,,,702.9831,,,,,,,,,,,,,996.42,,,,,,,,,,,,,3348648.59,,,,,,,,,,,,,7381585.2709,,,,,,,,,,,,,,,,
2014-01-30,,,,,,,,,,,,,,,,,,,,,,,998.41,,,,,,,,,,,,,3348648.59,,,,,,,,,,,,,7380770.5971,,,,,,,,,,,,,,,,
2014-01-31,548,,,,,,,149.3,2,,,97.7319,208.4968,342,,,,,,,184.3,2.22,998.48,,268.545,134.4282,404.1,,,,,,,135,2.24,3348648.59,,0,0,495,,,,54.86,,,162.8,2.47,7379984.5062,70.43,122.7538,46.9383,,,,,4.5,,,,104.99999999999999,2.4861,0.9979,4.6241,0.0356
2014-02-01,,,,,,,,,,,,,,,,,,,,,,,998.52,,,,,,,,,,,,,3348648.59,,,,,,,,,,,,,7379604.7672,,,,,,,,,,,,,,,,
2014-02-02,,,,,54269.32,604,89.84986754966887,,,,,,,,,,,,,,,,995.87,,,,,,,,23540.55,248,94.92157258064516,,,3348648.59,,,,,,,,,,,,,7379055.4368,,,,,,,,,,,,,,,,
2014-02-03,,,,45.43,,,,,,,,,,,,,50.09,,,,,,995.84,,,,,,,43.83,,,,,,3348648.59,,,,,,,55.68,,,,,,7378016.0172,,,,,,,,,,,,,,,,
2014-02-04,,,,,,,,,,,,,,,,,,,,,,,995.2,,,,,,,,,,,,,3347657.87,,,,,,,,,,,,,7376440.5511,,,,,,,,,,,,,,,,
2014-02-05,,,,,,,,,,,,,,,,,,,,,,,995.14,,,,,,,,,,,,,3344072.97,,,,,,,,,,,,,7375368.6811,,,,,,,,,,,,,,,,
2014-02-06,,,,,,,,,,,,,,,,,,,,,,,995.02,,,,,,,,,,,,,3344072.97,,,,,,,,,,,,,7373993.2482,,,,,,,,,,,,,,,,
2014-02-07,,,,,,,,,,706.956,,,,,,,,,,,,,995.32,,,,,,,,,,,,,3343775.61,,,,,,,,,,,,,7366814.0109,,,,,,,,,,,,,,,,
2014-02-08,,,,,,,,,,705.5945,,,,,,,,,,,,,993.57,,,,,,,,,,,,,3343250.26,,,,,,,,,,,,,7372196.9328,,,,,,,,,,,,,,,,
2014-02-09,,,,,54121.62,617,87.71737439222042,,,704.2872,,,,,,,,,,,,,992.17,,,,,,,,11743.92,155,75.76722580645162,,,3295507.91,,,,,,,,,,,,,7363939.8245,,,,,,,,,,,,,,,,
2014-02-10,,,,45.43,,,,,,703.6146,,,,,,,50.09,,,,,,991.13,,,,,,,43.83,,,,,,3294096.55,,,,,,,55.68,,,,,,7373721.953,,,,,,,,,,,,,,,,
2014-02-11,,,,,,,,,,703.5975,,,,,,,,,,,,,1006.13,,,,,,,,,,,,,3291287.58,,,,,,,,,,,,,7364418.5588,,,,,,,,,,,,,,,,
2014-02-12,,,,,,,,,,707.4543,,,,,,,,,,,,,1004.92,,,,,,,,,,,,,3283956.02,,,,,,,,,,,,,7350421.4792,,,,,,,,,,,,,,,,
2014-02-13,,,,,,,,,,696.915,,,,,,,,,,,,,1008.88,,,,,,,,,,,,,3270710.21,,,,,,,,,,,,,7351222.9616,,,,,,,,,,,,,,,,
2014-02-14,,,,,,,,,,701.3688,,,,,,,,,,,,,1000.87,,,,,,,,,,,,,3242627.25,,,,,,,,,,,,,7359900.067,,,,,,,,,,,,,,,,
2014-02-15,,,,,,,,,,700.3115,,,,,,,,,,,,,998.49,,,,,,,,,,,,,3236030.09,,,,,,,,,,,,,7337946.6731,,,,,,,,,,,,,,,,
2014-02-16,,,,,143447.07,1572,91.25131679389312,,,699.0024,,,,,,,,,,,,,1000.57,,,,,,,,58748.49,710,82.74435211267605,,,3233964.27,,,,,,,,,,,,,7325400.9697,,,,,,,,,,,,,,,,
2014-02-17,,,,50.17,,,,,,697.9318,,,,,,,56.47,,,,,,999.37,,,,,,,47.1,,,,,,3186794.31,,,,,,,52.87,,,,,,7307968.3837,,,,,,,,,,,,,,,,
2014-02-18,,,,,,,,,,697.3377,,,,,,,,,,,,,1008.4,,,,,,,,,,,,,3164462.14,,,,,,,,,,,,,7302511.0355,,,,,,,,,,,,,,,,
2014-02-19,,,,,,,,,,699.8044,,,,,,,,,,,,,1013.35,,,,,,,,,,,,,3201180.89,,,,,,,,,,,,,7270648.8846,,,,,,,,,,,,,,,,
2014-02-20,,,,,,,,,,717.1907,,,,,,,,,,,,,1018.35,,,,,,,,,,,,,3181659.09,,,,,,,,,,,,,7221270.4673,,,,,,,,,,,,,,,,
2014-02-21,,,,,,,,,,721.4019,,,,,,,,,,,,,1023,,,,,,,,,,,,,3176859.54,,,,,,,,,,,,,7192217.7895,,,,,,,,,,,,,,,,
2014-02-22,,,,,,,,,,725.0112,,,,,,,,,,,,,1019.6,,,,,,,,,,,,,3167588.81,,,,,,,,,,,,,7165882.6635,,,,,,,,,,,,,,,,
2014-02-23,,,,,126759.1,1398,90.67174535050071,,,724.346,,,,,,,,,,,,,1016.03,,,,,,,,85023.22,1036,82.06874517374517,,,3158247.81,,,,,,,,,,,,,7147929.1964,,,,,,,,,,,,,,,,
2014-02-24,,,,40.22,,,,,,723.5308,,,,,,,56.6,,,,,,1010.22,,,,,,,48.92,,,,,,3135081.38,,,,,,,55.67,,,,,,7114529.4189,,,,,,,,,,,,,,,,
2014-02-25,,,,,,,,,,722.3479,,,,,,,,,,,,,1008.46,,,,,,,,,,,,,3106544.99,,,,,,,,,,,,,7079224.2538,,,,,,,,,,,,,,,,
2014-02-26,,,,,,,,,,719.6889,,,,,,,,,,,,,1009.38,,,,,,,,,,,,,3099132.41,,,,,,,,,,,,,7047795.3159,,,,,,,,,,,,,,,,
2014-02-27,,,,,,,,,,722.5526,,,,,,,,,,,,,1014.25,,,,,,,,,,,,,3078054.91,,,,,,,,,,,,,7037475.8187,,,,,,,,,,,,,,,,
2014-02-28,557,,,,,,,152.7,2.02,720.9082,,229.6647,126.2845,346.1,,,,,,,185.4,2.2,1010.85,,17.425,169.6246,412.8,,,,,,,136.5,2.22,3055814.92,,0,0,499,,,,31.18,,,164.1,2.47,7060553.2425,20.23,91.0177,120.5485,,,,,4.5,,,,107.00000000000001,1.9511,0.5288,4.7375,0.6436
2014-03-01,,,,,,,,,,733.8895,,,,,,,,,,,,,1004.05,,,,,,,,,,,,,3054308.65,,,,,,,,,,,,,7059572.9768,,,,,,,,,,,,,,,,
2014-03-02,,,,,172859.85,1931,89.51830657690316,,,724.1674,,,,,,,,,,,,,1011.1,,,,,,,,86433.18,1016,85.07202755905512,,,3053632.66,,,,,,,,,,,,,7034292.4095,,,,,,,,,,,,,,,,
2014-03-03,,,,39.14,,,,,,721.799,,,,,,,49,,,,,,1010.22,,,,,,,42.72,,,,,,3045230.39,,,,,,,46.71,,,,,,7078083.5613,,,,,,,,,,,,,,,,
2014-03-04,,,,,,,,,,,,,,,,,,,,,,,1025.6,,,,,,,,,,,,,3036688.5,,,,,,,,,,,,,7061664.9766,,,,,,,,,,,,,,,,
2014-03-05,,,,,,,,,,716.9018,,,,,,,,,,,,,1034.96,,,,,,,,,,,,,3043506.43,,,,,,,,,,,,,7159979.5881,,,,,,,,,,,,,,,,
2014-03-06,,,,,,,,,,717.4329,,,,,,,,,,,,,1037.05,,,,,,,,,,,,,3025931.66,,,,,,,,,,,,,7156552.1495,,,,,,,,,,,,,,,,
2014-03-07,,,,,,,,,,728.4969,,,,,,,,,,,,,1039.54,,,,,,,,,,,,,3021801.4,,,,,,,,,,,,,7228729.955,,,,,,,,,,,,,,,,
2014-03-08,,,,,,,,,,735.5683,,,,,,,,,,,,,1041.49,,,,,,,,,,,,,3015951.88,,,,,,,,,,,,,7204860.8473,,,,,,,,,,,,,,,,
2014-03-09,,,,,165627.38,1781,92.9968444693992,,,733.0207,,,,,,,,,,,,,1042.25,,,,,,,,94948.96,1169,81.22237810094097,,,3010965.23,,,,,,,,,,,,,7190745.7186,,,,,,,,,,,,,,,,
2014-03-10,,,,38.83,,,,,,731.775,,,,,,,47.86,,,,,,1041.35,,,,,,,41.94,,,,,,3001027.69,,,,,,,44.57,,,,,,7208722.3346,,,,,,,,,,,,,,,,
2014-03-11,,,,,,,,,,732.3618,,,,,,,,,,,,,1040.37,,,,,,,,,,,,,2978059.69,,,,,,,,,,,,,7206269.1688,,,,,,,,,,,,,,,,
2014-03-12,,,,,,,,,,749.322,,,,,,,,,,,,,1044.9,,,,,,,,,,,,,2955684.85,,,,,,,,,,,,,7187344.0154,,,,,,,,,,,,,,,,
2014-03-13,,,,,,,,,,748.0357,,,,,,,,,,,,,1052.02,,,,,,,,,,,,,3001440.9,,,,,,,,,,,,,7265983.7873,,,,,,,,,,,,,,,,
2014-03-14,,,,,,,,,,749.7657,,,,,,,,,,,,,1049.77,,,,,,,,,,,,,2992139.35,,,,,,,,,,,,,7280748.9822,,,,,,,,,,,,,,,,
2014-03-15,,,,,,,,,,745.2729,,,,,,,,,,,,,1044.86,,,,,,,,,,,,,2990035.59,,,,,,,,,,,,,7259076.08,,,,,,,,,,,,,,,,
2014-03-16,,,,,188084.18,2085,90.20823980815348,,,751.9231,,,,,,,,,,,,,1043.6,,,,,,,,96987.71,1134,85.5270811287478,,,2985760.61,,,,,,,,,,,,,7248442.5394,,,,,,,,,,,,,,,,
2014-03-17,,,,35.41,,,,,,749.6871,,,,,,,45.45,,,,,,1047.12,,,,,,,39.75,,,,,,2969327.58,,,,,,,41.24,,,,,,7264672.6002,,,,,,,,,,,,,,,,
2014-03-18,,,,,,,,,,746.4963,,,,,,,,,,,,,1047.22,,,,,,,,,,,,,3100876.38,,,,,,,,,,,,,7326273.7814,,,,,,,,,,,,,,,,
2014-03-19,,,,,,,,,,748.9315,,,,,,,,,,,,,1054.1,,,,,,,,,,,,,3145070.75,,,,,,,,,,,,,7329492.435,,,,,,,,,,,,,,,,
2014-03-20,,,,,,,,,,750.5306,,,,,,,,,,,,,1055.63,,,,,,,,,,,,,3139239.93,,,,,,,,,,,,,7464502.4445,,,,,,,,,,,,,,,,
2014-03-21,,,,,,,,,,753.4561,,,,,,,,,,,,,1064.79,,,,,,,,,,,,,3146751.71,,,,,,,,,,,,,7473595.8147,,,,,,,,,,,,,,,,
2014-03-22,,,,,,,,,,749.3229,,,,,,,,,,,,,1063.7,,,,,,,,,,,,,3135407.43,,,,,,,,,,,,,7450974.0997,,,,,,,,,,,,,,,,
2014-03-23,,,,,209741.96,2183,96.07968850206139,,,763.2657,,,,,,,,,,,,,1048.07,,,,,,,,98122.84,1132,86.68095406360425,,,3122719.85,,,,,,,,,,,,,7435457.2508,,,,,,,,,,,,,,,,
2014-03-24,,,,33.92,,,,,,761.8643,,,,,,,43.28,,,,,,1052.25,,,,,,,37.8,,,,,,3116583,,,,,,,42.79,,,,,,7374426.361,,,,,,,,,,,,,,,,
2014-03-25,,,,,,,,,,762.4324,,,,,,,,,,,,,1058.73,,,,,,,,,,,,,3282721.63,,,,,,,,,,,,,7355748.9024,,,,,,,,,,,,,,,,
2014-03-26,,,,,,,,,,773.5917,,,,,,,,,,,,,1055.83,,,,,,,,,,,,,3333225.44,,,,,,,,,,,,,7332158.8103,,,,,,,,,,,,,,,,
2014-03-27,,,,,,,,,,772.2883,,,,,,,,,,,,,1053.52,,,,,,,,,,,,,3315456.7,,,,,,,,,,,,,7399476.7009,,,,,,,,,,,,,,,,
2014-03-28,,,,,,,,,,783.4053,,,,,,,,,,,,,1053.48,,,,,,,,,,,,,3381974.43,,,,,,,,,,,,,7408721.6077,,,,,,,,,,,,,,,,
2014-03-29,,,,,,,,,,781.7933,,,,,,,,,,,,,1054.82,,,,,,,,,,,,,3371972.6,,,,,,,,,,,,,7375183.5488,,,,,,,,,,,,,,,,
2014-03-30,,,,,201069.67,2229,90.20622252131001,,,792.6758,,,,,,,,,,,,,1052.43,,,,,,,,99799.62,1194,83.58427135678392,,,3367715.71,,,,,,,,,,,,,7359895.6702,,,,,,,,,,,,,,,,
2014-03-31,549,,,29.37,,,,154.2,2.02,789.091,,0,103.6728,346,,,38.68,,,,186.3,1.99,1047.09,,66.2185,133.5479,420.1,,,37.53,,,,139.2,2.22,3356391.97,,0,0,505.1,,,44.92,41.5,,,165.1,2.45,7361098.1287,91.23,61.8614,93.223,9.5,,,8.9,4.5,6.7,,,112.30000000000001,2.3848,-0.4917,4.057,0.5263
2014-04-01,,,,,,,,,,777.4869,,,,,,,,,,,,,1041.62,,,,,,,,,,,,,3350925.51,,,,,,,,,,,,,7415002.1842,,,,,,,,,,,,,,,,
2014-04-02,,,,,,,,,,787.1397,,,,,,,,,,,,,1035.49,,,,,,,,,,,,,3356129.94,,,,,,,,,,,,,7409120.6649,,,,,,,,,,,,,,,,
2014-04-03,,,,,,,,,,796.6821,,,,,,,,,,,,,1033.75,,,,,,,,,,,,,3348623.11,,,,,,,,,,,,,7421697.4716,,,,,,,,,,,,,,,,
2014-04-04,,,,,,,,,,793.9479,,,,,,,,,,,,,1037.61,,,,,,,,,,,,,3356728.71,,,,,,,,,,,,,7480375.3359,,,,,,,,,,,,,,,,
2014-04-05,,,,,,,,,,793.1095,,,,,,,,,,,,,1028.43,,,,,,,,,,,,,3354638.13,,,,,,,,,,,,,,,,,,,,,,,,,,,,,
2014-04-06,,,,,169427.75,1815,93.34862258953169,,,792.3396,,,,,,,,,,,,,1033.26,,,,,,,,92736.49,1134,81.77820987654322,,,3350868.6,,,,,,,,,,,,,7460046.3594,,,,,,,,,,,,,,,,
2014-04-07,,,,28.09,,,,,,791.5002,,,,,,,41.76,,,,,,1031.4,,,,,,,34.26,,,,,,3331077.72,,,,,,,41.15,,,,,,7451120.3649,,,,,,,,,,,,,,,,
2014-04-08,,,,,,,,,,792.5983,,,,,,,,,,,,,1029.89,,,,,,,,,,,,,3313269.5,,,,,,,,,,,,,7454397.9982,,,,,,,,,,,,,,,,
2014-04-09,,,,,,,,,,790.6153,,,,,,,,,,,,,1028.55,,,,,,,,,,,,,3276686.44,,,,,,,,,,,,,7462046.6233,,,,,,,,,,,,,,,,
2014-04-10,,,,,,,,,,788.4096,,,,,,,,,,,,,1023.56,,,,,,,,,,,,,3268564.81,,,,,,,,,,,,,7444240.9557,,,,,,,,,,,,,,,,
2014-04-11,,,,,,,,,,793.3522,,,,,,,,,,,,,1027.21,,,,,,,,,,,,,3253588.84,,,,,,,,,,,,,7599464.0128,,,,,,,,,,,,,,,,
2014-04-12,,,,,,,,,,808.5902,,,,,,,,,,,,,1026.48,,,,,,,,,,,,,3234150.27,,,,,,,,,,,,,7574981.3578,,,,,,,,,,,,,,,,
2014-04-13,,,,,130881.13,1418,92.2998095909732,,,818.392,,,,,,,,,,,,,1023.92,,,,,,,,85181.19,1030,82.70018446601942,,,3230012.56,,,,,,,,,,,,,7559832.9951,,,,,,,,,,,,,,,,
2014-04-14,,,,26.35,,,,,,,,,,,,,41.68,,,,,,1025.44,,,,,,,32.51,,,,,,3277333.57,,,,,,,34.58,,,,,,7604149.55,,,,,,,,,,,,,,,,
2014-04-15,,,,,,,,,,819.1603,,,,,,,,,,,,,1032.9,,,,,,,,,,,,,3269087.23,,,,,,,,,,,,,7613424.2483,,,,,,,,,,,,,,,,
2014-04-16,,,,,,,,,,819.7097,,,,,,,,,,,,,1038.8,,,,,,,,,,,,,3261282.01,,,,,,,,,,,,,7593417.1226,,,,,,,,,,,,,,,,
2014-04-17,,,,,,,,,,829.0546,,,,,,,,,,,,,1034.26,,,,,,,,,,,,,3336790.44,,,,,,,,,,,,,7641997.944,,,,,,,,,,,,,,,,
2014-04-18,,,,,,,,,,,,,,,,,,,,,,,1031.99,,,,,,,,,,,,,3418349.5,,,,,,,,,,,,,7647518.3796,,,,,,,,,,,,,,,,
2014-04-19,,,,,,,,,,,,,,,,,,,,,,,1031.81,,,,,,,,,,,,,3407416.2,,,,,,,,,,,,,7625842.1676,,,,,,,,,,,,,,,,
2014-04-20,,,,,155538.48,1685,92.30770326409495,,,832.2049,,,,,,,,,,,,,1028.6,,,,,,,,109172.44,1309,83.40140565317036,,,3384468.89,,,,,,,,,,,,,7612098.5464,,,,,,,,,,,,,,,,
2014-04-21,,,,20.85,,,,,,839.4658,,,,,,,33.49,,,,,,1026.24,,,,,,,32.09,,,,,,3402719.04,,,,,,,39.9,,,,,,7611085.5828,,,,,,,,,,,,,,,,
2014-04-22,,,,,,,,,,838.4867,,,,,,,,,,,,,1033.99,,,,,,,,,,,,,3395758.01,,,,,,,,,,,,,7616921.4243,,,,,,,,,,,,,,,,
2014-04-23,,,,,,,,,,837.9463,,,,,,,,,,,,,1031.42,,,,,,,,,,,,,3402119.28,,,,,,,,,,,,,,,,,,,,,,,,,,,,,
2014-04-24,,,,,,,,,,858.6687,,,,,,,,,,,,,1035.4,,,,,,,,,,,,,3364326.48,,,,,,,,,,,,,,,,,,,,,,,,,,,,,
2014-04-25,,,,,,,,,,,,,,,,,,,,,,,1037.46,,,,,,,,,,,,,3380189.64,,,,,,,,,,,,,7697049.901,,,,,,,,,,,,,,,,
2014-04-26,,,,,,,,,,873.7315,,,,,,,,,,,,,1039.78,,,,,,,,,,,,,3375884.52,,,,,,,,,,,,,7684560.7125,,,,,,,,,,,,,,,,
2014-04-27,,,,,183706.15,1987,92.45402617010569,,,870.6576,,,,,,,,,,,,,1040.48,,,,,,,,103526.65,1194,86.70573701842547,,,3365711.63,,,,,,,,,,,,,7663076.0285,,,,,,,,,,,,,,,,
2014-04-28,,,,19.87,,,,,,869.9207,,,,,,,33.04,,,,,,1040.63,,,,,,,26.23,,,,,,3375636.76,,,,,,,34.34,,,,,,7737962.3277,,,,,,,,,,,,,,,,
2014-04-29,,,,,,,,,,867.5173,,,,,,,,,,,,,1042.34,,,,,,,,,,,,,3314993.42,,,,,,,,,,,,,7796784.557,,,,,,,,,,,,,,,,
2014-04-30,548,,,,,,,153.1,2.02,864.2523,,0,125.9919,344.8,,,,,,,185.4,1.98,1040.1,,57.7154,41.794,424.5,,,,,,,143,2.25,3370112.42,,0,0,506.6,,,,50.22,,,165.8,2.46,7948697.6259,97.99,87.61,61.8614,,,,,4.5,,,,107.39999999999999,1.8014,-0.3361,3.7109,0.1152
2014-05-01,,,,,,,,,,849.721,,,,,,,,,,,,,1037.29,,,,,,,,,,,,,3369985.61,,,,,,,,,,,,,7926660.0094,,,,,,,,,,,,,,,,
2014-05-02,,,,,,,,,,840.3865,,,,,,,,,,,,,1036.49,,,,,,,,,,,,,3368232.85,,,,,,,,,,,,,7915479.9329,,,,,,,,,,,,,,,,
2014-05-03,,,,,,,,,,838.408,,,,,,,,,,,,,1035.39,,,,,,,,,,,,,3365393.21,,,,,,,,,,,,,7904720.5211,,,,,,,,,,,,,,,,
2014-05-04,,,,,139101.84,1534,90.67916558018253,,,836.0501,,,,,,,,,,,,,1034.88,,,,,,,,74486.26,907,82.12377067254685,,,3369985.75,,,,,,,,,,,,,7901233.6113,,,,,,,,,,,,,,,,
2014-05-05,,,,19.53,,,,,,835.8633,,,,,,,34.55,,,,,,1036.45,,,,,,,23.3,,,,,,3356070,,,,,,,39.57,,,,,,7829224.877,,,,,,,,,,,,,,,,
2014-05-06,,,,,,,,,,832.8637,,,,,,,,,,,,,1036.58,,,,,,,,,,,,,3343350.16,,,,,,,,,,,,,7802797.7854,,,,,,,,,,,,,,,,
2014-05-07,,,,,,,,,,833.8594,,,,,,,,,,,,,1034.75,,,,,,,,,,,,,3334910.5,,,,,,,,,,,,,7808611.8628,,,,,,,,,,,,,,,,
2014-05-08,,,,,,,,,,856.8909,,,,,,,,,,,,,1032.67,,,,,,,,,,,,,3315344.99,,,,,,,,,,,,,7782601.6524,,,,,,,,,,,,,,,,
2014-05-09,,,,,,,,,,855.8632,,,,,,,,,,,,,1035.97,,,,,,,,,,,,,3283486.47,,,,,,,,,,,,,7900160.6909,,,,,,,,,,,,,,,,
2014-05-10,,,,,,,,,,875.4181,,,,,,,,,,,,,1034.07,,,,,,,,,,,,,3277548.47,,,,,,,,,,,,,7862640.4205,,,,,,,,,,,,,,,,
2014-05-11,,,,,116566.33,1260,92.51296031746031,,,,,,,,,,,,,,,,1027.17,,,,,,,,95828.13,1122,85.40831550802139,,,3271320.34,,,,,,,,,,,,,7842797.3832,,,,,,,,,,,,,,,,
2014-05-12,,,,15.43,,,,,,870.8987,,,,,,,30.46,,,,,,1025.84,,,,,,,23.21,,,,,,3298859.53,,,,,,,39.25,,,,,,7875018.4145,,,,,,,,,,,,,,,,
2014-05-13,,,,,,,,,,868.6743,,,,,,,,,,,,,1028,,,,,,,,,,,,,,,,,,,,,,,,,,7972995.1518,,,,,,,,,,,,,,,,
2014-05-14,,,,,,,,,,867.4404,,,,,,,,,,,,,1027.75,,,,,,,,,,,,,3304795.11,,,,,,,,,,,,,8142645.8522,,,,,,,,,,,,,,,,
2014-05-15,,,,,,,,,,870.1723,,,,,,,,,,,,,1035.75,,,,,,,,,,,,,3297018.46,,,,,,,,,,,,,8087308.3052,,,,,,,,,,,,,,,,
2014-05-16,,,,,,,,,,874.4707,,,,,,,,,,,,,1035.1,,,,,,,,,,,,,3286637.56,,,,,,,,,,,,,8116374.3091,,,,,,,,,,,,,,,,
2014-05-17,,,,,,,,,,881.5781,,,,,,,,,,,,,1039.08,,,,,,,,,,,,,3282145,,,,,,,,,,,,,8086920.6569,,,,,,,,,,,,,,,,
2014-05-18,,,,,160254.8,1754,91.36533637400228,,,878.5127,,,,,,,,,,,,,1036.22,,,,,,,,85857.32,1029,83.43762876579203,,,3276249.5,,,,,,,,,,,,,8065327.5353,,,,,,,,,,,,,,,,
2014-05-19,,,,17.13,,,,,,878.2444,,,,,,,28.12,,,,,,1036.9,,,,,,,14.79,,,,,,3260806.65,,,,,,,41.56,,,,,,8145983.8106,,,,,,,,,,,,,,,,
2014-05-20,,,,,,,,,,887.7745,,,,,,,,,,,,,1035.79,,,,,,,,,,,,,3241133.89,,,,,,,,,,,,,8094647.9983,,,,,,,,,,,,,,,,
2014-05-21,,,,,,,,,,895.3553,,,,,,,,,,,,,1042.25,,,,,,,,,,,,,3226683.2,,,,,,,,,,,,,8166119.0884,,,,,,,,,,,,,,,,
2014-05-22,,,,,,,,,,901.9109,,,,,,,,,,,,,1043.13,,,,,,,,,,,,,3290490.99,,,,,,,,,,,,,8151703.5562,,,,,,,,,,,,,,,,
2014-05-23,,,,,,,,,,914.9524,,,,,,,,,,,,,1053.46,,,,,,,,,,,,,3282923.68,,,,,,,,,,,,,8240014.1709,,,,,,,,,,,,,,,,
2014-05-24,,,,,,,,,,926.9476,,,,,,,,,,,,,1053.38,,,,,,,,,,,,,3265491.88,,,,,,,,,,,,,8220971.6829,,,,,,,,,,,,,,,,
2014-05-25,,,,,165263.92,1807,91.45762036524627,,,925.0335,,,,,,,,,,,,,1049.99,,,,,,,,92501.07,1120,82.59024107142857,,,3236172.52,,,,,,,,,,,,,8204377.2754,,,,,,,,,,,,,,,,
2014-05-26,,,,14.8,,,,,,925.2167,,,,,,,29.69,,,,,,1045.2,,,,,,,14.79,,,,,,3241845.78,,,,,,,39.41,,,,,,8245689.2971,,,,,,,,,,,,,,,,
2014-05-27,,,,,,,,,,923.734,,,,,,,,,,,,,1046.31,,,,,,,,,,,,,3236169.85,,,,,,,,,,,,,8243610.0241,,,,,,,,,,,,,,,,
2014-05-28,,,,,,,,,,929.7707,,,,,,,,,,,,,1047.8,,,,,,,,,,,,,3263738.94,,,,,,,,,,,,,8285703.8072,,,,,,,,,,,,,,,,
2014-05-29,,,,,,,,,,929.6992,,,,,,,,,,,,,1049.22,,,,,,,,,,,,,3306128.63,,,,,,,,,,,,,8570925.5066,,,,,,,,,,,,,,,,
2014-05-30,,,,,,,,,,938.4412,,,,,,,,,,,,,1056.77,,,,,,,,,,,,,3302944.86,,,,,,,,,,,,,8676879.0597,,,,,,,,,,,,,,,,
2014-05-31,534,,,,,,,153,2.01,949.2621,,0,0,344.7,,,,,,,185.4,1.98,1052.17,,90.397,21.9588,422.9,,,,,,,145.5,2.3,3275499.36,,0,0,503.8,,,,47.17,,,164.2,2.45,8650443.5141,137.25,145.1358,72.8209,,,,,4.5,,,,105.6,2.4773,0.1006,3.449,0.0418
2014-06-01,,,,,169276.25,1881,89.99269005847954,,,943.6623,,,,,,,,,,,,,1051.12,,,,,,,,92086.76,1088,84.63856617647059,,,3274738.14,,,,,,,,,,,,,8639769.9202,,,,,,,,,,,,,,,,
2014-06-02,,,,17.6,,,,,,922.8117,,,,,,,30.42,,,,,,1050.44,,,,,,,16.99,,,,,,3274063.84,,,,,,,38.64,,,,,,8633507.0686,,,,,,,,,,,,,,,,
2014-06-03,,,,,,,,,,922.1816,,,,,,,,,,,,,1050.04,,,,,,,,,,,,,3269368.95,,,,,,,,,,,,,8688525.2918,,,,,,,,,,,,,,,,
2014-06-04,,,,,,,,,,924.3684,,,,,,,,,,,,,1055.52,,,,,,,,,,,,,3257222.46,,,,,,,,,,,,,8695217.0987,,,,,,,,,,,,,,,,
2014-06-05,,,,,,,,,,923.6247,,,,,,,,,,,,,1064.07,,,,,,,,,,,,,3197029.73,,,,,,,,,,,,,8724442.6995,,,,,,,,,,,,,,,,
2014-06-06,,,,,,,,,,931.0774,,,,,,,,,,,,,1068.54,,,,,,,,,,,,,3256173.53,,,,,,,,,,,,,,,,,,,,,,,,,,,,,
2014-06-07,,,,,,,,,,930.243,,,,,,,,,,,,,1072.39,,,,,,,,,,,,,3251304.55,,,,,,,,,,,,,8685920.0498,,,,,,,,,,,,,,,,
2014-06-08,,,,,99844.62,1077,92.70623955431755,,,929.4374,,,,,,,,,,,,,1071.96,,,,,,,,62847.01,753,83.46216467463479,,,3201955.62,,,,,,,,,,,,,8663475.0864,,,,,,,,,,,,,,,,
2014-06-09,,,,19.3,,,,,,927.7413,,,,,,,32.08,,,,,,1079.59,,,,,,,12.99,,,,,,3235244.93,,,,,,,35.19,,,,,,8626711.9223,,,,,,,,,,,,,,,,
2014-06-10,,,,,,,,,,925.9166,,,,,,,,,,,,,1083.65,,,,,,,,,,,,,3295482.33,,,,,,,,,,,,,8643738.8304,,,,,,,,,,,,,,,,
2014-06-11,,,,,,,,,,923.7877,,,,,,,,,,,,,1089.43,,,,,,,,,,,,,3316299.16,,,,,,,,,,,,,8673400.0899,,,,,,,,,,,,,,,,
2014-06-12,,,,,,,,,,920.8617,,,,,,,,,,,,,1096.35,,,,,,,,,,,,,3307885.51,,,,,,,,,,,,,8697587.2554,,,,,,,,,,,,,,,,
2014-06-13,,,,,,,,,,919.0482,,,,,,,,,,,,,1100.34,,,,,,,,,,,,,3354562.96,,,,,,,,,,,,,8757585.8056,,,,,,,,,,,,,,,,
2014-06-14,,,,,,,,,,935.8617,,,,,,,,,,,,,1107.9,,,,,,,,,,,,,3351686.04,,,,,,,,,,,,,8727073.9244,,,,,,,,,,,,,,,,
2014-06-15,,,,,133989.48,1472,91.02546195652174,,,949.6626,,,,,,,,,,,,,1105.45,,,,,,,,80962.42,986,82.1119878296146,,,3347174.47,,,,,,,,,,,,,8709140.352,,,,,,,,,,,,,,,,
2014-06-16,,,,15.89,,,,,,954.4494,,,,,,,29.64,,,,,,1099.55,,,,,,,12.81,,,,,,3347100.75,,,,,,,26.92,,,,,,8717573.8256,,,,,,,,,,,,,,,,
2014-06-17,,,,,,,,,,,,,,,,,,,,,,,1094.7,,,,,,,,,,,,,3350177.84,,,,,,,,,,,,,8723657.6297,,,,,,,,,,,,,,,,
2014-06-18,,,,,,,,,,962.4245,,,,,,,,,,,,,1104.82,,,,,,,,,,,,,3345543.74,,,,,,,,,,,,,8701195.6636,,,,,,,,,,,,,,,,
2014-06-19,,,,,,,,,,962.6426,,,,,,,,,,,,,1108.89,,,,,,,,,,,,,3339808.81,,,,,,,,,,,,,8700549.9315,,,,,,,,,,,,,,,,
2014-06-20,,,,,,,,,,994.4813,,,,,,,,,,,,,1113.83,,,,,,,,,,,,,3329118.12,,,,,,,,,,,,,8719820.4914,,,,,,,,,,,,,,,,
2014-06-21,,,,,,,,,,993.1724,,,,,,,,,,,,,1124.8,,,,,,,,,,,,,3266981.95,,,,,,,,,,,,,8695030.0127,,,,,,,,,,,,,,,,
2014-06-22,,,,,140606.38,1544,91.06630829015543,,,991.0356,,,,,,,,,,,,,1119.05,,,,,,,,90950.06,1056,86.12695075757576,,,3253241.36,,,,,,,,,,,,,8681668.5351,,,,,,,,,,,,,,,,
2014-06-23,,,,19.66,,,,,,997.5244,,,,,,,29.92,,,,,,1118.09,,,,,,,11.85,,,,,,3241998.62,,,,,,,36.22,,,,,,8666099.8846,,,,,,,,,,,,,,,,
2014-06-24,,,,,,,,,,994.5687,,,,,,,,,,,,,1118.84,,,,,,,,,,,,,3246737.13,,,,,,,,,,,,,8640067.161,,,,,,,,,,,,,,,,
2014-06-25,,,,,,,,,,993.2964,,,,,,,,,,,,,1112.79,,,,,,,,,,,,,3232602.16,,,,,,,,,,,,,8579503.1885,,,,,,,,,,,,,,,,
2014-06-26,,,,,,,,,,994.081,,,,,,,,,,,,,1109.27,,,,,,,,,,,,,3301115.92,,,,,,,,,,,,,8563395.8291,,,,,,,,,,,,,,,,
2014-06-27,,,,,,,,,,992.4215,,,,,,,,,,,,,1110.24,,,,,,,,,,,,,3288861.66,,,,,,,,,,,,,8554619.0192,,,,,,,,,,,,,,,,
2014-06-28,,,,,,,,,,991.7298,,,,,,,,,,,,,1111.14,,,,,,,,,,,,,3279345.58,,,,,,,,,,,,,8522126.0183,,,,,,,,,,,,,,,,
2014-06-29,,,,,180938.87,2039,88.73902403138794,,,988.1424,,,,,,,,,,,,,1107,,,,,,,,89113.14,1022,87.19485322896281,,,3275781.26,,,,,,,,,,,,,8497552.2846,,,,,,,,,,,,,,,,
2014-06-30,530,,,18.06,,,,153.8,2.05,980.6335,,70.6699,0,337.4,,,29.5,,,,183.4,2.01,1104.01,,97.209,43.9118,414.6,,,14.31,,,,148.3,2.39,3258602.82,,0,0,496.2,,,33.95,49.32,,,163.7,2.48,8466109.0581,121.84,22.6676,74.2671,9.3,,,8.9,4.5,6.93,,,108.89999999999999,2.3361,-0.1329,3.1664,0.0407
2014-07-01,,,,,,,,,,972.2639,,,,,,,,,,,,,1111.59,,,,,,,,,,,,,3234239.39,,,,,,,,,,,,,8505766.5921,,,,,,,,,,,,,,,,
2014-07-02,,,,,,,,,,971.9544,,,,,,,,,,,,,1113.75,,,,,,,,,,,,,3233041.44,,,,,,,,,,,,,8495122.2033,,,,,,,,,,,,,,,,
2014-07-03,,,,,,,,,,986.8876,,,,,,,,,,,,,1117.41,,,,,,,,,,,,,3211504.19,,,,,,,,,,,,,8394113.8699,,,,,,,,,,,,,,,,
2014-07-04,,,,,,,,,,991.0453,,,,,,,,,,,,,1120.72,,,,,,,,,,,,,3329671.89,,,,,,,,,,,,,8397498.2824,,,,,,,,,,,,,,,,
2014-07-05,,,,,,,,,,988.9068,,,,,,,,,,,,,1134.02,,,,,,,,,,,,,3326482.09,,,,,,,,,,,,,8380222.4641,,,,,,,,,,,,,,,,
2014-07-06,,,,,132765.22,1422,93.36513361462728,,,986.9031,,,,,,,,,,,,,1132.11,,,,,,,,79180.45,913,86.72557502738226,,,3317673.6,,,,,,,,,,,,,8365558.7434,,,,,,,,,,,,,,,,
2014-07-07,,,,17.54,,,,,,988.6001,,,,,,,28.12,,,,,,1130.98,,,,,,,14.98,,,,,,3384752.67,,,,,,,39.86,,,,,,8361945.8289,,,,,,,,,,,,,,,,
2014-07-08,,,,,,,,,,986.6316,,,,,,,,,,,,,1130.04,,,,,,,,,,,,,3374365.14,,,,,,,,,,,,,8396380.0838,,,,,,,,,,,,,,,,
2014-07-09,,,,,,,,,,,,,,,,,,,,,,,1141.11,,,,,,,,,,,,,3390183.11,,,,,,,,,,,,,8406716.5763,,,,,,,,,,,,,,,,
2014-07-10,,,,,,,,,,994.4651,,,,,,,,,,,,,1145.46,,,,,,,,,,,,,3380257.52,,,,,,,,,,,,,8455657.295,,,,,,,,,,,,,,,,
2014-07-11,,,,,,,,,,1031.0332,,,,,,,,,,,,,1143.75,,,,,,,,,,,,,3419379.16,,,,,,,,,,,,,8479300.4119,,,,,,,,,,,,,,,,
2014-07-12,,,,,,,,,,1028.2552,,,,,,,,,,,,,1146.6,,,,,,,,,,,,,3417846.73,,,,,,,,,,,,,8457725.68,,,,,,,,,,,,,,,,
2014-07-13,,,,,140016.17,1582,88.505796460177,,,1024.5496,,,,,,,,,,,,,1149.98,,,,,,,,81339.6,923,88.1252437703142,,,3415308.54,,,,,,,,,,,,,8446908.4733,,,,,,,,,,,,,,,,
2014-07-14,,,,20.06,,,,,,1021.9598,,,,,,,25.63,,,,,,1149.53,,,,,,,15.31,,,,,,3469145.63,,,,,,,24.19,,,,,,8447221.8922,,,,,,,,,,,,,,,,
2014-07-15,,,,,,,,,,1022.6721,,,,,,,,,,,,,1155.85,,,,,,,,,,,,,3432772.77,,,,,,,,,,,,,8486330.5903,,,,,,,,,,,,,,,,
2014-07-16,,,,,,,,,,1017.4082,,,,,,,,,,,,,1158.73,,,,,,,,,,,,,3424456.72,,,,,,,,,,,,,8456019.2598,,,,,,,,,,,,,,,,
2014-07-17,,,,,,,,,,1021.4345,,,,,,,,,,,,,1159.51,,,,,,,,,,,,,3437531.68,,,,,,,,,,,,,8459372.6481,,,,,,,,,,,,,,,,
2014-07-18,,,,,,,,,,1019.4534,,,,,,,,,,,,,1162.03,,,,,,,,,,,,,3517270.58,,,,,,,,,,,,,8475169.291,,,,,,,,,,,,,,,,
2014-07-19,,,,,,,,,,1031.7056,,,,,,,,,,,,,1159.9,,,,,,,,,,,,,3507021.66,,,,,,,,,,,,,8456864.1612,,,,,,,,,,,,,,,,
2014-07-20,,,,,162103.51,1803,89.90765945646146,,,1033.8239,,,,,,,,,,,,,1157.88,,,,,,,,74208.04,842,88.13306413301663,,,3493299.09,,,,,,,,,,,,,8445476.8978,,,,,,,,,,,,,,,,
2014-07-21,,,,20.06,,,,,,1034.8547,,,,,,,28.88,,,,,,1160.38,,,,,,,19.16,,,,,,3472748.67,,,,,,,32.17,,,,,,8462407.3544,,,,,,,,,,,,,,,,
2014-07-22,,,,,,,,,,1034.8106,,,,,,,,,,,,,1157.29,,,,,,,,,,,,,3455646.79,,,,,,,,,,,,,8480815.2822,,,,,,,,,,,,,,,,
2014-07-23,,,,,,,,,,1037.8123,,,,,,,,,,,,,1155.36,,,,,,,,,,,,,3520543.9,,,,,,,,,,,,,8475681.6584,,,,,,,,,,,,,,,,
2014-07-24,,,,,,,,,,1036.4294,,,,,,,,,,,,,1162.12,,,,,,,,,,,,,3621300.88,,,,,,,,,,,,,8479103.6122,,,,,,,,,,,,,,,,
2014-07-25,,,,,,,,,,1035.9483,,,,,,,,,,,,,1159.81,,,,,,,,,,,,,3668811.19,,,,,,,,,,,,,8527985.4303,,,,,,,,,,,,,,,,
2014-07-26,,,,,,,,,,1033.5872,,,,,,,,,,,,,1158.06,,,,,,,,,,,,,3608019.2,,,,,,,,,,,,,8507123.5115,,,,,,,,,,,,,,,,
2014-07-27,,,,,160075.85,1831,87.42536865101037,,,,,,,,,,,,,,,,1153.26,,,,,,,,81534.98,898,90.79619153674832,,,3597899.89,,,,,,,,,,,,,8491645.0543,,,,,,,,,,,,,,,,
2014-07-28,,,,25.56,,,,,,1040.0714,,,,,,,30.36,,,,,,1151.7,,,,,,,17.83,,,,,,3606368.06,,,,,,,34.78,,,,,,8499480.8414,,,,,,,,,,,,,,,,
2014-07-29,,,,,,,,,,1038.0389,,,,,,,,,,,,,1152.7,,,,,,,,,,,,,3646475.32,,,,,,,,,,,,,8475270.8678,,,,,,,,,,,,,,,,
2014-07-30,,,,,,,,,,1025.6385,,,,,,,,,,,,,1151.65,,,,,,,,,,,,,3637591.32,,,,,,,,,,,,,8471706.2527,,,,,,,,,,,,,,,,
2014-07-31,525,,,,,,,153.1,2.07,1024.3215,,50.0262,44.0754,331.5,,,,,,,185.6,2.07,1154.08,,48.5169,131.1822,413.8,,,,,,,149.8,2.42,3623717.52,,0,0,494.4,,,,39.94,,,164.5,2.5,8572893.4247,72.83,14.339,22.6676,,,,,4.5,,,,108,2.2852,0.0538,2.7629,0.1248
2014-08-01,,,,,,,,,,1022.3381,,,,,,,,,,,,,1157.13,,,,,,,,,,,,,3617001.86,,,,,,,,,,,,,8513200.3508,,,,,,,,,,,,,,,,
2014-08-02,,,,,,,,,,1020.818,,,,,,,,,,,,,1156.08,,,,,,,,,,,,,3615408.79,,,,,,,,,,,,,8493123.4249,,,,,,,,,,,,,,,,
2014-08-03,,,,,171327.14,1987,86.22402617010569,,,1018.0367,,,,,,,,,,,,,1153.81,,,,,,,,72719.11,865,84.0683352601156,,,3614070.35,,,,,,,,,,,,,8482902.2408,,,,,,,,,,,,,,,,
2014-08-04,,,,23.68,,,,,,1016.5456,,,,,,,29.43,,,,,,1153.53,,,,,,,15.45,,,,,,3592646.92,,,,,,,37.17,,,,,,8496952.7539,,,,,,,,,,,,,,,,
2014-08-05,,,,,,,,,,1014.0041,,,,,,,,,,,,,1153.75,,,,,,,,,,,,,3613112.51,,,,,,,,,,,,,8484210.5817,,,,,,,,,,,,,,,,
2014-08-06,,,,,,,,,,1012.6067,,,,,,,,,,,,,1157.38,,,,,,,,,,,,,3603688.11,,,,,,,,,,,,,8512613.7287,,,,,,,,,,,,,,,,
2014-08-07,,,,,,,,,,1019.9683,,,,,,,,,,,,,1154.27,,,,,,,,,,,,,3602842.63,,,,,,,,,,,,,8482904.7181,,,,,,,,,,,,,,,,
2014-08-08,,,,,,,,,,1022.8449,,,,,,,,,,,,,1165.88,,,,,,,,,,,,,3707575.87,,,,,,,,,,,,,8630916.0931,,,,,,,,,,,,,,,,
2014-08-09,,,,,,,,,,1019.636,,,,,,,,,,,,,1162.57,,,,,,,,,,,,,3704753.57,,,,,,,,,,,,,8631417.8463,,,,,,,,,,,,,,,,
2014-08-10,,,,,148233.81,1726,85.88285631517961,,,1014.5682,,,,,,,,,,,,,1160.28,,,,,,,,69261.65,850,81.48429411764705,,,3702538.31,,,,,,,,,,,,,8619447.7074,,,,,,,,,,,,,,,,
2014-08-11,,,,25,,,,,,1015.8334,,,,,,,29.53,,,,,,1156.16,,,,,,,16.33,,,,,,3762827.16,,,,,,,39.04,,,,,,8652198.1285,,,,,,,,,,,,,,,,
2014-08-12,,,,,,,,,,1023.6855,,,,,,,,,,,,,1159.26,,,,,,,,,,,,,3747816.06,,,,,,,,,,,,,8640678.4671,,,,,,,,,,,,,,,,
2014-08-13,,,,,,,,,,1021.8752,,,,,,,,,,,,,1159.67,,,,,,,,,,,,,3775468.67,,,,,,,,,,,,,8625168.8298,,,,,,,,,,,,,,,,
2014-08-14,,,,,,,,,,,,,,,,,,,,,,,1166.82,,,,,,,,,,,,,3746628.99,,,,,,,,,,,,,8613778.6316,,,,,,,,,,,,,,,,
2014-08-15,,,,,,,,,,1015.8058,,,,,,,,,,,,,1168.16,,,,,,,,,,,,,3741600.2,,,,,,,,,,,,,8659681.0028,,,,,,,,,,,,,,,,
2014-08-16,,,,,,,,,,1036.2114,,,,,,,,,,,,,1168.51,,,,,,,,,,,,,3734243.87,,,,,,,,,,,,,8640896.6624,,,,,,,,,,,,,,,,
2014-08-17,,,,,163958.4,1894,86.56726504751848,,,1037.7293,,,,,,,,,,,,,1166.28,,,,,,,,74208.05,873,85.00349369988545,,,3730099.2,,,,,,,,,,,,,8629963.6535,,,,,,,,,,,,,,,,
2014-08-18,,,,28.29,,,,,,1045.1021,,,,,,,29.36,,,,,,1164.78,,,,,,,15.44,,,,,,3699154.28,,,,,,,30.77,,,,,,8617087.7491,,,,,,,,,,,,,,,,
2014-08-19,,,,,,,,,,1042.2115,,,,,,,,,,,,,1158.34,,,,,,,,,,,,,3705821.96,,,,,,,,,,,,,8771987.8653,,,,,,,,,,,,,,,,
2014-08-20,,,,,,,,,,1042.1951,,,,,,,,,,,,,1153.49,,,,,,,,,,,,,3691631.22,,,,,,,,,,,,,8762332.7685,,,,,,,,,,,,,,,,
2014-08-21,,,,,,,,,,1038.9167,,,,,,,,,,,,,1153.38,,,,,,,,,,,,,3671893.23,,,,,,,,,,,,,8848388.5282,,,,,,,,,,,,,,,,
2014-08-22,,,,,,,,,,1042.4866,,,,,,,,,,,,,1153.66,,,,,,,,,,,,,3662689.41,,,,,,,,,,,,,8883295.3043,,,,,,,,,,,,,,,,
2014-08-23,,,,,,,,,,1044.5077,,,,,,,,,,,,,1150.83,,,,,,,,,,,,,3657109.25,,,,,,,,,,,,,8863830.3774,,,,,,,,,,,,,,,,
2014-08-24,,,,,178643.77,2046,87.31367057673509,,,1042.2875,,,,,,,,,,,,,1148.63,,,,,,,,85611.33,999,85.69702702702703,,,3647538.32,,,,,,,,,,,,,8852180.1414,,,,,,,,,,,,,,,,
2014-08-25,,,,24.57,,,,,,1040.233,,,,,,,30.76,,,,,,1150.45,,,,,,,17.85,,,,,,3642276.01,,,,,,,36.52,,,,,,8776363.0136,,,,,,,,,,,,,,,,
2014-08-26,,,,,,,,,,1028.3525,,,,,,,,,,,,,1148.85,,,,,,,,,,,,,3621043.66,,,,,,,,,,,,,8778938.6374,,,,,,,,,,,,,,,,
2014-08-27,,,,,,,,,,1025.089,,,,,,,,,,,,,1145.04,,,,,,,,,,,,,3623269.03,,,,,,,,,,,,,8764666.1228,,,,,,,,,,,,,,,,
2014-08-28,,,,,,,,,,1022.7084,,,,,,,,,,,,,1143.46,,,,,,,,,,,,,3683924.04,,,,,,,,,,,,,8912136.7498,,,,,,,,,,,,,,,,
2014-08-29,,,,,,,,,,1021.2701,,,,,,,,,,,,,1193.1,,,,,,,,,,,,,3673581.05,,,,,,,,,,,,,9073345.539,,,,,,,,,,,,,,,,
2014-08-30,,,,,,,,,,1018.0941,,,,,,,,,,,,,1193.32,,,,,,,,,,,,,3659180.25,,,,,,,,,,,,,9048013.9823,,,,,,,,,,,,,,,,
2014-08-31,527,,,,214581.49,2458,87.29922294548413,152.7,1.98,1026.5424,,53.2884,50.0262,331.7,,,,,,,185.5,2.06,1188.07,,172.4408,32.989,413,,,,121460.2,1345,90.3049814126394,152.9,2.48,3651759.01,,0,0,486,,,,32.78,,,165.9,2.44,9029551.6079,81.52,97.2866,0,,,,,4.5,,,,107.00000000000001,1.9909,0.1759,2.6206,0.1913
2014-09-01,,,,29.02,,,,,,1023.6968,,,,,,,31.34,,,,,,1187.3,,,,,,,18.59,,,,,,3689787.19,,,,,,,37.82,,,,,,8994209.0008,,,,,,,,,,,,,,,,
2014-09-02,,,,,,,,,,1022.2303,,,,,,,,,,,,,1191.5,,,,,,,,,,,,,3698010.19,,,,,,,,,,,,,8991306.8689,,,,,,,,,,,,,,,,
2014-09-03,,,,,,,,,,1069.8485,,,,,,,,,,,,,1194.83,,,,,,,,,,,,,3686581.38,,,,,,,,,,,,,8993994.216,,,,,,,,,,,,,,,,
2014-09-04,,,,,,,,,,1068.9708,,,,,,,,,,,,,1198.83,,,,,,,,,,,,,3738573.64,,,,,,,,,,,,,9062898.4967,,,,,,,,,,,,,,,,
2014-09-05,,,,,,,,,,1069.4739,,,,,,,,,,,,,1198.18,,,,,,,,,,,,,3763106.79,,,,,,,,,,,,,9242909.7984,,,,,,,,,,,,,,,,
2014-09-06,,,,,,,,,,1070.5213,,,,,,,,,,,,,1203.79,,,,,,,,,,,,,3761077.41,,,,,,,,,,,,,9227351.7273,,,,,,,,,,,,,,,,
2014-09-07,,,,,157946,1775,88.98366197183098,,,1068.4388,,,,,,,,,,,,,1201.81,,,,,,,,63507.06,779,81.52382541720154,,,3755994.39,,,,,,,,,,,,,9220712.7095,,,,,,,,,,,,,,,,
2014-09-08,,,,29.96,,,,,,1067.101,,,,,,,28.73,,,,,,1201.13,,,,,,,17.18,,,,,,3751014.8,,,,,,,34.11,,,,,,9218428.4797,,,,,,,,,,,,,,,,
2014-09-09,,,,,,,,,,1064.1928,,,,,,,,,,,,,1196.84,,,,,,,,,,,,,3855354.09,,,,,,,,,,,,,9204738.1893,,,,,,,,,,,,,,,,
2014-09-10,,,,,,,,,,1059.3611,,,,,,,,,,,,,1196.96,,,,,,,,,,,,,3844127.85,,,,,,,,,,,,,9237663.8318,,,,,,,,,,,,,,,,
2014-09-11,,,,,,,,,,1058.1526,,,,,,,,,,,,,1205.15,,,,,,,,,,,,,3797358.67,,,,,,,,,,,,,9287937.2942,,,,,,,,,,,,,,,,
2014-09-12,,,,,,,,,,1062.7456,,,,,,,,,,,,,1206.51,,,,,,,,,,,,,3924307.78,,,,,,,,,,,,,9223937.3635,,,,,,,,,,,,,,,,
2014-09-13,,,,,,,,,,1056.0869,,,,,,,,,,,,,1207.55,,,,,,,,,,,,,3916509.6,,,,,,,,,,,,,9198818.5218,,,,,,,,,,,,,,,,
2014-09-14,,,,,155698.09,1768,88.06453054298642,,,1054.8928,,,,,,,,,,,,,1206.14,,,,,,,,54698.3,637,85.86860282574568,,,3910251.4,,,,,,,,,,,,,9185261.2456,,,,,,,,,,,,,,,,
2014-09-15,,,,28.82,,,,,,1053.8798,,,,,,,28.97,,,,,,1204.69,,,,,,,17.06,,,,,,3899878.58,,,,,,,28.57,,,,,,9283141.4684,,,,,,,,,,,,,,,,
2014-09-16,,,,,,,,,,1055.3639,,,,,,,,,,,,,1205.95,,,,,,,,,,,,,3889507.17,,,,,,,,,,,,,9364008.2539,,,,,,,,,,,,,,,,
2014-09-17,,,,,,,,,,1056.3163,,,,,,,,,,,,,1211.26,,,,,,,,,,,,,3881688.16,,,,,,,,,,,,,9381509.5676,,,,,,,,,,,,,,,,
2014-09-18,,,,,,,,,,1056.9344,,,,,,,,,,,,,1221.64,,,,,,,,,,,,,3966256.32,,,,,,,,,,,,,9321409.3173,,,,,,,,,,,,,,,,
2014-09-19,,,,,,,,,,1055.6765,,,,,,,,,,,,,1225.61,,,,,,,,,,,,,4096647.14,,,,,,,,,,,,,9358135.0087,,,,,,,,,,,,,,,,
2014-09-20,,,,,,,,,,1050.3623,,,,,,,,,,,,,1227.49,,,,,,,,,,,,,4190070.73,,,,,,,,,,,,,9334617.5227,,,,,,,,,,,,,,,,
2014-09-21,,,,,174400.68,1985,87.8592846347607,,,1045.3682,,,,,,,,,,,,,1227.61,,,,,,,,82810.01,950,87.16843157894736,,,4172190.01,,,,,,,,,,,,,9320677.7963,,,,,,,,,,,,,,,,
2014-09-22,,,,26.16,,,,,,1042.5565,,,,,,,27.97,,,,,,1226.05,,,,,,,16.99,,,,,,4156394.82,,,,,,,27.48,,,,,,9360668.8556,,,,,,,,,,,,,,,,
2014-09-23,,,,,,,,,,1043.3142,,,,,,,,,,,,,1224.26,,,,,,,,,,,,,4225690.24,,,,,,,,,,,,,9348497.756,,,,,,,,,,,,,,,,
2014-09-24,,,,,,,,,,1039.0462,,,,,,,,,,,,,1235.99,,,,,,,,,,,,,4234953.21,,,,,,,,,,,,,9355039.6418,,,,,,,,,,,,,,,,
2014-09-25,,,,,,,,,,1046.3667,,,,,,,,,,,,,1237.35,,,,,,,,,,,,,4364069.73,,,,,,,,,,,,,9424271.8432,,,,,,,,,,,,,,,,
2014-09-26,,,,,,,,,,1043.9741,,,,,,,,,,,,,1241.32,,,,,,,,,,,,,4372854.9,,,,,,,,,,,,,9556212.9443,,,,,,,,,,,,,,,,
2014-09-27,,,,,,,,,,1046.4639,,,,,,,,,,,,,1249.94,,,,,,,,,,,,,4369224.55,,,,,,,,,,,,,9534121.8545,,,,,,,,,,,,,,,,
2014-09-28,,,,,226343.16,2519,89.85437078205638,,,1063.2732,,,,,,,,,,,,,1248.19,,,,,,,,109514.5,1205,90.88340248962656,,,4531133.97,,,,,,,,,,,,,9573112.5857,,,,,,,,,,,,,,,,
2014-09-29,,,,25.73,,,,,,1061.6216,,,,,,,27.1,,,,,,1237.55,,,,,,,18.48,,,,,,4613785.9,,,,,,,35.04,,,,,,9810123.4999,,,,,,,,,,,,,,,,
2014-09-30,521,,,,,,,153.2,2.01,1061.8261,,168.4298,35.6799,331.2,,,,,,,188.1,2.1,1250.44,,18,198.596,412.7,,,,,,,155,2.51,4603092.61,,18.65,0,474.7,,,,33.07,,,165.6,2.5,1.00894901315E7,147.13,6.9831,87.8702,9.1,,,9.1,4.5,6.96,,,108.4,1.6275,0.4537,2.5937,0.2997
2014-10-01,,,,,,,,,,1112.3932,,,,,,,,,,,,,1258.17,,,,,,,,,,,,,4598921.81,,,,,,,,,,,,,1.00770565609E7,,,,,,,,,,,,,,,,
2014-10-02,,,,,,,,,,1107.101,,,,,,,,,,,,,1258.13,,,,,,,,,,,,,4598852.47,,,,,,,,,,,,,1.00688250947E7,,,,,,,,,,,,,,,,
2014-10-03,,,,,,,,,,1106.7239,,,,,,,,,,,,,1258.26,,,,,,,,,,,,,4598765.44,,,,,,,,,,,,,1.00616545593E7,,,,,,,,,,,,,,,,
2014-10-04,,,,,,,,,,1106.4393,,,,,,,,,,,,,1255.61,,,,,,,,,,,,,4594868.46,,,,,,,,,,,,,,,,,,,,,,,,,,,,,
2014-10-05,,,,,97436.35,1093,89.14579139981701,,,1105.4624,,,,,,,,,,,,,1254.29,,,,,,,,26083.77,309,84.41349514563107,,,4593488.17,,,,,,,,,,,,,1.00471640364E7,,,,,,,,,,,,,,,,
2014-10-06,,,,23.58,,,,,,1104.6401,,,,,,,29.57,,,,,,1255.79,,,,,,,23.98,,,,,,4591718.58,,,,,,,41,,,,,,1.00404174558E7,,,,,,,,,,,,,,,,
2014-10-07,,,,,,,,,,1103.9187,,,,,,,,,,,,,1257.84,,,,,,,,,,,,,4587067.89,,,,,,,,,,,,,1.00320056452E7,,,,,,,,,,,,,,,,
2014-10-08,,,,,,,,,,1104.5649,,,,,,,,,,,,,1256.02,,,,,,,,,,,,,4577954.74,,,,,,,,,,,,,1.00106893403E7,,,,,,,,,,,,,,,,
2014-10-09,,,,,,,,,,1103.6806,,,,,,,,,,,,,1255.64,,,,,,,,,,,,,4531480.03,,,,,,,,,,,,,9982753.9294,,,,,,,,,,,,,,,,
2014-10-10,,,,,,,,,,1102.0922,,,,,,,,,,,,,1261.4,,,,,,,,,,,,,4542975.51,,,,,,,,,,,,,9968535.8435,,,,,,,,,,,,,,,,
2014-10-11,,,,,,,,,,1115.3965,,,,,,,,,,,,,1267.15,,,,,,,,,,,,,4536795.87,,,,,,,,,,,,,9939336.0252,,,,,,,,,,,,,,,,
2014-10-12,,,,,91718.84,1054,87.01977229601518,,,1105.1583,,,,,,,,,,,,,1260.17,,,,,,,,47901.61,566,84.63181978798586,,,4529790.44,,,,,,,,,,,,,9893220.5021,,,,,,,,,,,,,,,,
2014-10-13,,,,37.01,,,,,,1108.164,,,,,,,34.5,,,,,,1258.09,,,,,,,25.94,,,,,,4473486.91,,,,,,,46.15,,,,,,9878400.0255,,,,,,,,,,,,,,,,
2014-10-14,,,,,,,,,,1107.5691,,,,,,,,,,,,,1252.92,,,,,,,,,,,,,4454703.36,,,,,,,,,,,,,9865338.0129,,,,,,,,,,,,,,,,
2014-10-15,,,,,,,,,,1111.84,,,,,,,,,,,,,1250.26,,,,,,,,,,,,,4474270.58,,,,,,,,,,,,,9840824.4738,,,,,,,,,,,,,,,,
2014-10-16,,,,,,,,,,1109.1554,,,,,,,,,,,,,1258.58,,,,,,,,,,,,,4451977.86,,,,,,,,,,,,,9841304.5849,,,,,,,,,,,,,,,,
2014-10-17,,,,,,,,,,1107.5445,,,,,,,,,,,,,1257.45,,,,,,,,,,,,,4292083.28,,,,,,,,,,,,,9915386.9978,,,,,,,,,,,,,,,,
2014-10-18,,,,,,,,,,1099.6138,,,,,,,,,,,,,1264.15,,,,,,,,,,,,,4276690.62,,,,,,,,,,,,,9876818.5109,,,,,,,,,,,,,,,,
2014-10-19,,,,,153458.51,1665,92.16727327327327,,,1100.4309,,,,,,,,,,,,,1259.9,,,,,,,,75268.89,885,85.04959322033898,,,4267300.58,,,,,,,,,,,,,9853101.8302,,,,,,,,,,,,,,,,
2014-10-20,,,,36.04,,,,,,1097.4629,,,,,,,31.47,,,,,,1256.84,,,,,,,25.79,,,,,,4252077.16,,,,,,,42,,,,,,9857051.6675,,,,,,,,,,,,,,,,
2014-10-21,,,,,,,,,,1100.8926,,,,,,,,,,,,,1257.93,,,,,,,,,,,,,4225307.09,,,,,,,,,,,,,9955723.2612,,,,,,,,,,,,,,,,
2014-10-22,,,,,,,,,,1115.9416,,,,,,,,,,,,,1255.07,,,,,,,,,,,,,4196599.44,,,,,,,,,,,,,9815777.0124,,,,,,,,,,,,,,,,
2014-10-23,,,,,,,,,,1118.6824,,,,,,,,,,,,,1264.23,,,,,,,,,,,,,4299976.4,,,,,,,,,,,,,9883451.3112,,,,,,,,,,,,,,,,
2014-10-24,,,,,,,,,,1115.6778,,,,,,,,,,,,,1269.5,,,,,,,,,,,,,4275363.09,,,,,,,,,,,,,9908625.2604,,,,,,,,,,,,,,,,
2014-10-25,,,,,,,,,,1111.5382,,,,,,,,,,,,,1278,,,,,,,,,,,,,4259651.69,,,,,,,,,,,,,9868762.0606,,,,,,,,,,,,,,,,
2014-10-26,,,,,231162.61,2621,88.19634109118657,,,1108.3854,,,,,,,,,,,,,1273.78,,,,,,,,88067.33,1075,81.9230976744186,,,4245013.83,,,,,,,,,,,,,9839520.6781,,,,,,,,,,,,,,,,
2014-10-27,,,,34.57,,,,,,1100.9527,,,,,,,28.52,,,,,,1268.57,,,,,,,24.33,,,,,,4213056.39,,,,,,,34.25,,,,,,9872044.6688,,,,,,,,,,,,,,,,
2014-10-28,,,,,,,,,,1097.0111,,,,,,,,,,,,,1269.39,,,,,,,,,,,,,4238583.25,,,,,,,,,,,,,9855263.7459,,,,,,,,,,,,,,,,
2014-10-29,,,,,,,,,,1101.5933,,,,,,,,,,,,,1275.79,,,,,,,,,,,,,4248057.12,,,,,,,,,,,,,9860091.271,,,,,,,,,,,,,,,,
2014-10-30,,,,,,,,,,1104.5002,,,,,,,,,,,,,1275.88,,,,,,,,,,,,,4197046.97,,,,,,,,,,,,,9814967.8541,,,,,,,,,,,,,,,,
2014-10-31,522,,,,,,,153.1,2,1096.5107,,38.044,105.2204,333.7,,,,,,,191.1,2.11,1273.44,,244.8197,12.8264,419.3,,,,,,,155.1,2.48,4254156.62,,0,18.65,465.5,,,,24.78,,,164.9,2.53,9747718.9603,115.82,181.3614,0,,,,,4.5,,,,107.2,1.6011,0.0314,2.7024,0.3248
2014-11-01,,,,,,,,,,1092.148,,,,,,,,,,,,,1263.24,,,,,,,,,,,,,4236428.17,,,,,,,,,,,,,9721609.7978,,,,,,,,,,,,,,,,
2014-11-02,,,,,325848.59,3837,84.92274954391452,,,1113.788,,,,,,,,,,,,,1260.02,,,,,,,,116836.2,1279,91.34964816262705,,,4212243.52,,,,,,,,,,,,,9703569.4923,,,,,,,,,,,,,,,,
2014-11-03,,,,32.22,,,,,,1114.9878,,,,,,,31.09,,,,,,1258.78,,,,,,,23.48,,,,,,4272771.27,,,,,,,30.57,,,,,,9690616.2881,,,,,,,,,,,,,,,,
2014-11-04,,,,,,,,,,1115.3232,,,,,,,,,,,,,1256.47,,,,,,,,,,,,,4255783.64,,,,,,,,,,,,,9730188.7753,,,,,,,,,,,,,,,,
2014-11-05,,,,,,,,,,1113.6028,,,,,,,,,,,,,1254.59,,,,,,,,,,,,,4280003.11,,,,,,,,,,,,,9757965.9652,,,,,,,,,,,,,,,,
2014-11-06,,,,,,,,,,1120.8527,,,,,,,,,,,,,1259.88,,,,,,,,,,,,,4322558.42,,,,,,,,,,,,,9777704.4205,,,,,,,,,,,,,,,,
2014-11-07,,,,,,,,,,1135.0901,,,,,,,,,,,,,1260.68,,,,,,,,,,,,,4370848.78,,,,,,,,,,,,,9829769.1909,,,,,,,,,,,,,,,,
2014-11-08,,,,,,,,,,1129.1353,,,,,,,,,,,,,1261.83,,,,,,,,,,,,,4355948.77,,,,,,,,,,,,,9798118.1554,,,,,,,,,,,,,,,,
2014-11-09,,,,,222715.17,2583,86.22344947735192,,,1125.4192,,,,,,,,,,,,,1258.3,,,,,,,,117535.52,1368,85.91777777777777,,,4348496.27,,,,,,,,,,,,,9778074.3924,,,,,,,,,,,,,,,,
2014-11-10,,,,34,,,,,,1123.62,,,,,,,24.92,,,,,,1257.39,,,,,,,22.89,,,,,,4411954.01,,,,,,,32.31,,,,,,9785127.1071,,,,,,,,,,,,,,,,
2014-11-11,,,,,,,,,,1121.2422,,,,,,,,,,,,,1256.45,,,,,,,,,,,,,4551737.03,,,,,,,,,,,,,9776486.6531,,,,,,,,,,,,,,,,
2014-11-12,,,,,,,,,,1117.3042,,,,,,,,,,,,,1264.32,,,,,,,,,,,,,4644587.48,,,,,,,,,,,,,9752228.0138,,,,,,,,,,,,,,,,
2014-11-13,,,,,,,,,,1115.1277,,,,,,,,,,,,,1265.28,,,,,,,,,,,,,4751706.73,,,,,,,,,,,,,9700144.8588,,,,,,,,,,,,,,,,
2014-11-14,,,,,,,,,,1108.4336,,,,,,,,,,,,,1267.44,,,,,,,,,,,,,4793767.4,,,,,,,,,,,,,9869194.4583,,,,,,,,,,,,,,,,
2014-11-15,,,,,,,,,,1107.3679,,,,,,,,,,,,,1266.55,,,,,,,,,,,,,4738375.3,,,,,,,,,,,,,9831318.2899,,,,,,,,,,,,,,,,
2014-11-16,,,,,157336.87,1807,87.07076369673491,,,1101.9246,,,,,,,,,,,,,1264.42,,,,,,,,126250.45,1501,84.11089273817456,,,4673410.12,,,,,,,,,,,,,9806637.0823,,,,,,,,,,,,,,,,
2014-11-17,,,,33.17,,,,,,1106.9417,,,,,,,30.7,,,,,,1263.58,,,,,,,23.06,,,,,,4940538.03,,,,,,,33.8,,,,,,9724604.3553,,,,,,,,,,,,,,,,
2014-11-18,,,,,,,,,,1106.6239,,,,,,,,,,,,,1269.72,,,,,,,,,,,,,5006424.44,,,,,,,,,,,,,9998609.3256,,,,,,,,,,,,,,,,
2014-11-19,,,,,,,,,,1105.9823,,,,,,,,,,,,,1265.47,,,,,,,,,,,,,4985559.29,,,,,,,,,,,,,9972427.1125,,,,,,,,,,,,,,,,
2014-11-20,,,,,,,,,,1106.7528,,,,,,,,,,,,,1265.57,,,,,,,,,,,,,4970428.81,,,,,,,,,,,,,1.00693242323E7,,,,,,,,,,,,,,,,
2014-11-21,,,,,,,,,,1103.6136,,,,,,,,,,,,,1273.16,,,,,,,,,,,,,4869530.27,,,,,,,,,,,,,1.020466251E7,,,,,,,,,,,,,,,,
2014-11-22,,,,,,,,,,1081.5176,,,,,,,,,,,,,1277.33,,,,,,,,,,,,,4829494.51,,,,,,,,,,,,,1.01686767662E7,,,,,,,,,,,,,,,,
2014-11-23,,,,,242065.25,2776,87.19929755043228,,,1074.3374,,,,,,,,,,,,,1275.09,,,,,,,,141228.55,1699,83.12451442024721,,,4814785.02,,,,,,,,,,,,,1.01494712856E7,,,,,,,,,,,,,,,,
2014-11-24,,,,34.77,,,,,,1074.4843,,,,,,,30.06,,,,,,1273.19,,,,,,,24.13,,,,,,4781082.77,,,,,,,40.61,,,,,,1.01386904917E7,,,,,,,,,,,,,,,,
2014-11-25,,,,,,,,,,1072.4857,,,,,,,,,,,,,1283.47,,,,,,,,,,,,,4889308.77,,,,,,,,,,,,,1.0169840562E7,,,,,,,,,,,,,,,,
2014-11-26,,,,,,,,,,1068.1993,,,,,,,,,,,,,1285.57,,,,,,,,,,,,,4863739.31,,,,,,,,,,,,,1.02412978037E7,,,,,,,,,,,,,,,,
2014-11-27,,,,,,,,,,1076.5268,,,,,,,,,,,,,1296.19,,,,,,,,,,,,,4782944.75,,,,,,,,,,,,,1.02677644573E7,,,,,,,,,,,,,,,,
2014-11-28,,,,,,,,,,1072.3043,,,,,,,,,,,,,1300.81,,,,,,,,,,,,,4688529.89,,,,,,,,,,,,,1.03187313993E7,,,,,,,,,,,,,,,,
2014-11-29,,,,,,,,,,1084.6087,,,,,,,,,,,,,1295.32,,,,,,,,,,,,,4675808.21,,,,,,,,,,,,,1.02708861394E7,,,,,,,,,,,,,,,,
2014-11-30,530,,,,320036.09,3651,87.65710490276636,154.6,1.99,1083.4731,,33.8174,92.1202,331.4,,,,,,,190.9,2.13,1287.88,,138.4981,159.952,424.3,,,,147894.39,1698,87.09916961130742,156.1,2.46,4644157.83,,0,0,459.9,,,,35.8,,,165.5,2.57,1.02320923097E7,134.71,4.1584,160.9318,,,,,4.25,,,,108.99999999999999,1.4393,-0.2236,2.4213,-0.052
2014-12-01,,,,36.36,,,,,,1071.4654,,,,,,,31.65,,,,,,1286.37,,,,,,,24.7,,,,,,4613997.35,,,,,,,47.6,,,,,,1.01820750755E7,,,,,,,,,,,,,,,,
2014-12-02,,,,,,,,,,1070.48,,,,,,,,,,,,,1297.7,,,,,,,,,,,,,4629516.42,,,,,,,,,,,,,1.01897911265E7,,,,,,,,,,,,,,,,
2014-12-03,,,,,,,,,,1067.5432,,,,,,,,,,,,,1301.95,,,,,,,,,,,,,4684656.83,,,,,,,,,,,,,1.01820750755E7,,,,,,,,,,,,,,,,
2014-12-04,,,,,,,,,,1091.8329,,,,,,,,,,,,,1323.81,,,,,,,,,,,,,4729815.24,,,,,,,,,,,,,1.01963932125E7,,,,,,,,,,,,,,,,
2014-12-05,,,,,,,,,,,,,,,,,,,,,,,1330.21,,,,,,,,,,,,,4765306.26,,,,,,,,,,,,,1.01771903791E7,,,,,,,,,,,,,,,,
2014-12-06,,,,,,,,,,1123.234,,,,,,,,,,,,,1332.35,,,,,,,,,,,,,4702482.19,,,,,,,,,,,,,1.01420705035E7,,,,,,,,,,,,,,,,
2014-12-07,,,,,239509.08,2761,86.74722202100688,,,1137.1916,,,,,,,,,,,,,1327.32,,,,,,,,148700.38,1735,85.70627089337175,,,4678902.47,,,,,,,,,,,,,1.011195818E7,,,,,,,,,,,,,,,,
2014-12-08,,,,36.94,,,,,,,,,,,,,31.08,,,,,,1328.85,,,,,,,26.75,,,,,,4710738.99,,,,,,,34.55,,,,,,1.00465390269E7,,,,,,,,,,,,,,,,
2014-12-09,,,,,,,,,,1142.9153,,,,,,,,,,,,,1326.65,,,,,,,,,,,,,4811657.36,,,,,,,,,,,,,1.01277762564E7,,,,,,,,,,,,,,,,
2014-12-10,,,,,,,,,,1162.2334,,,,,,,,,,,,,1325.58,,,,,,,,,,,,,4842684.17,,,,,,,,,,,,,1.01572202613E7,,,,,,,,,,,,,,,,
2014-12-11,,,,,,,,,,1152.4621,,,,,,,,,,,,,1333.9,,,,,,,,,,,,,4756201.69,,,,,,,,,,,,,1.01977938693E7,,,,,,,,,,,,,,,,
2014-12-12,,,,,,,,,,1146.2055,,,,,,,,,,,,,1330.66,,,,,,,,,,,,,4776952.11,,,,,,,,,,,,,1.0174584215E7,,,,,,,,,,,,,,,,
2014-12-13,,,,,,,,,,1170.706,,,,,,,,,,,,,1326.75,,,,,,,,,,,,,4735777.93,,,,,,,,,,,,,1.01311469132E7,,,,,,,,,,,,,,,,
2014-12-14,,,,,277776.61,3042,91.31380999342538,,,1165.3772,,,,,,,,,,,,,1323.23,,,,,,,,160675.94,1821,88.2350027457441,,,4718865.84,,,,,,,,,,,,,1.00948307305E7,,,,,,,,,,,,,,,,
2014-12-15,,,,35.53,,,,,,1163.1606,,,,,,,30.53,,,,,,1318.85,,,,,,,25.3,,,,,,4671842.76,,,,,,,34.6,,,,,,1.00194753223E7,,,,,,,,,,,,,,,,
2014-12-16,,,,,,,,,,1166.5858,,,,,,,,,,,,,1326.33,,,,,,,,,,,,,4717080.14,,,,,,,,,,,,,9991649.0566,,,,,,,,,,,,,,,,
2014-12-17,,,,,,,,,,1164.3539,,,,,,,,,,,,,1330.06,,,,,,,,,,,,,4677550.35,,,,,,,,,,,,,9993458.619,,,,,,,,,,,,,,,,
2014-12-18,,,,,,,,,,1163.4189,,,,,,,,,,,,,1331.33,,,,,,,,,,,,,4682111.92,,,,,,,,,,,,,9961802.8738,,,,,,,,,,,,,,,,
2014-12-19,,,,,,,,,,1165.8187,,,,,,,,,,,,,1338.85,,,,,,,,,,,,,4761621,,,,,,,,,,,,,1.0093745836E7,,,,,,,,,,,,,,,,
2014-12-20,,,,,,,,,,1139.512,,,,,,,,,,,,,1335.88,,,,,,,,,,,,,4719766.09,,,,,,,,,,,,,1.00268542384E7,,,,,,,,,,,,,,,,
2014-12-21,,,,,274643.851,3141,87.43834797835085,,,1150.9853,,,,,,,,,,,,,1331.73,,,,,,,,158353.38,1865,84.90797855227882,,,4692977.37,,,,,,,,,,,,,9992780.712,,,,,,,,,,,,,,,,
2014-12-22,,,,37.8,,,,,,1147.4073,,,,,,,31.5,,,,,,1329.7,,,,,,,21.81,,,,,,4657464.33,,,,,,,37.23,,,,,,1.00068764547E7,,,,,,,,,,,,,,,,
2014-12-23,,,,,,,,,,1143.9402,,,,,,,,,,,,,1335.81,,,,,,,,,,,,,4633095.9,,,,,,,,,,,,,9941041.774,,,,,,,,,,,,,,,,
2014-12-24,,,,,,,,,,1145.8271,,,,,,,,,,,,,1334.01,,,,,,,,,,,,,4559547.06,,,,,,,,,,,,,1.00133682632E7,,,,,,,,,,,,,,,,
2014-12-25,,,,,,,,,,1154.0958,,,,,,,,,,,,,1337.14,,,,,,,,,,,,,4606367.35,,,,,,,,,,,,,9981382.5027,,,,,,,,,,,,,,,,
2014-12-26,,,,,,,,,,1142.5158,,,,,,,,,,,,,1337.91,,,,,,,,,,,,,4685748.12,,,,,,,,,,,,,1.00671804132E7,,,,,,,,,,,,,,,,
2014-12-27,,,,,,,,,,1130.2499,,,,,,,,,,,,,1342.61,,,,,,,,,,,,,4649971.36,,,,,,,,,,,,,1.00232330272E7,,,,,,,,,,,,,,,,
2014-12-28,,,,,311576.23,3461,90.02491476451893,,,1137.861,,,,,,,,,,,,,1335.84,,,,,,,,171195.82,2037,84.04311242022582,,,4615894.12,,,,,,,,,,,,,9992870.0848,,,,,,,,,,,,,,,,
2014-12-29,,,,35.89,,,,,,1130.7975,,,,,,,29.65,,,,,,1329.17,,,,,,,24.51,,,,,,4576708.63,,,,,,,40.27,,,,,,9982301.2826,,,,,,,,,,,,,,,,
2014-12-30,,,,,,,,,,1123.0749,,,,,,,,,,,,,1329.09,,,,,,,,,,,,,4569358.96,,,,,,,,,,,,,1.00001193275E7,,,,,,,,,,,,,,,,
2014-12-31,526,,,,,,,154.6,2.01,1112.231,,79.3051,9.1332,332.1,,,,,,,191.2,2.12,1327.61,,138.9688,230.6075,429.9,,,,,,,158.3,2.47,4638506.14,,24.4067,0,462.6,,,,44.96,,,166.5,2.58,9936590.8529,108.51,97.7792,4.1584,8.8,9,8.9,8.9,4.25,6.25,,,109.10000000000001,1.5056,0.3468,2.4108,0.095
2015-01-01,,,,,,,,,,,,,,,,,,,,,,,1334.58,,,,,,,,,,,,,4629318.9,,,,,,,,,,,,,9926744.7719,,,,,,,,,,,,,,,,
2015-01-02,,,,,,,,,,1100.5626,,,,,,,,,,,,,1333.15,,,,,,,,,,,,,4623341.21,,,,,,,,,,,,,9916388.6238,,,,,,,,,,,,,,,,
2015-01-03,,,,,,,,,,1097.8342,,,,,,,,,,,,,1331.32,,,,,,,,,,,,,4548137.61,,,,,,,,,,,,,9897093.5527,,,,,,,,,,,,,,,,
2015-01-04,,,,,235135.67,2626,89.54138233054074,,,1091.0616,,,,,,,,,,,,,1329.49,,,,,,,,127337.11,1489,85.51854264607118,,,4498521.66,,,,,,,,,,,,,9903887.8928,,,,,,,,,,,,,,,,
2015-01-05,,100,,31.57,,,,,,1087.724,,,,,100.01,,31.41,,,,,,1327.38,,,,,100.34,,26.25,,,,,,4489802.43,,,,,99.7,,39.51,,,,,,9892545.8826,,,,,,,,,,,,,,,,
2015-01-06,,,,,,,,,,1083.3387,,,,,,,,,,,,,1303.69,,,,,,,,,,,,,4492452.08,,,,,,,,,,,,,9889602.2857,,,,,,,,,,,,,,,,
2015-01-07,,,,,,,,,,1080.4474,,,,,,,,,,,,,1302.38,,,,,,,,,,,,,4392985.83,,,,,,,,,,,,,9880922.576,,,,,,,,,,,,,,,,
2015-01-08,,,,,,,,,,1078.7307,,,,,,,,,,,,,1295.9,,,,,,,,,,,,,4366616.55,,,,,,,,,,,,,9837162.2732,,,,,,,,,,,,,,,,
2015-01-09,,,,,,,,,,1086.2024,,,,,,,,,,,,,1297.14,,,,,,,,,,,,,4443815.9,,,,,,,,,,,,,9777219.0872,,,,,,,,,,,,,,,,
2015-01-10,,,,,,,,,,1081.9226,,,,,,,,,,,,,1294.43,,,,,,,,,,,,,4418511.62,,,,,,,,,,,,,9734871.8539,,,,,,,,,,,,,,,,
2015-01-11,,,,,242953.57,2702,89.91619911176906,,,1077.3824,,,,,,,,,,,,,1291.79,,,,,,,,156965.73,1831,85.72677771709448,,,4388659.91,,,,,,,,,,,,,9710349.5597,,,,,,,,,,,,,,,,
2015-01-12,,99.85,,35.91,,,,,,1075.0681,,,,,100.15,,34.28,,,,,,,,,,,100.74,,29.98,,,,,,4367495.81,,,,,99.92,,40.51,,,,,,9724353.5833,,,,,,,,,,,,,,,,
2015-01-13,,,,,,,,,,1074.1507,,,,,,,,,,,,,1291.89,,,,,,,,,,,,,4341559.84,,,,,,,,,,,,,9798578.1924,,,,,,,,,,,,,,,,
2015-01-14,,,,,,,,,,1074.986,,,,,,,,,,,,,1290.28,,,,,,,,,,,,,4325118.26,,,,,,,,,,,,,9741928.3213,,,,,,,,,,,,,,,,
2015-01-15,,,,,,,,,,1069.5896,,,,,,,,,,,,,1288.9,,,,,,,,,,,,,4306593.99,,,,,,,,,,,,,9654746.7372,,,,,,,,,,,,,,,,
2015-01-16,,,,,,,,,,,,,,,,,,,,,,,1287.08,,,,,,,,,,,,,4271360.07,,,,,,,,,,,,,9671165.3398,,,,,,,,,,,,,,,,
2015-01-17,,,,,,,,,,1087.5467,,,,,,,,,,,,,1291.85,,,,,,,,,,,,,4205603.12,,,,,,,,,,,,,9638614.6019,,,,,,,,,,,,,,,,
2015-01-18,,,,,206898.49,2318,89.257329594478,,,1081.5091,,,,,,,,,,,,,1288.83,,,,,,,,181431.38,2203,82.35650476622787,,,4190759.14,,,,,,,,,,,,,9616524.9326,,,,,,,,,,,,,,,,
2015-01-19,,100.09,,37.54,,,,,,1079.1458,,,,,100.39,,31.35,,,,,,1287.99,,,,,100.93,,31.4,,,,,,4201755.93,,,,,99.87,,43.77,,,,,,9642266.7277,,,,,,,,,,,,,,,,
2015-01-20,,,,,,,,,,1078.3119,,,,,,,,,,,,,1288.74,,,,,,,,,,,,,4126567.1,,,,,,,,,,,,,,,,,,,,,,,,,,,,,
2015-01-21,,,,,,,,,,1075.6559,,,,,,,,,,,,,1294.12,,,,,,,,,,,,,4177663.43,,,,,,,,,,,,,9607994.6513,,,,,,,,,,,,,,,,
2015-01-22,,,,,,,,,,1081.0828,,,,,,,,,,,,,1294.58,,,,,,,,,,,,,4266005.59,,,,,,,,,,,,,9603507.1866,,,,,,,,,,,,,,,,
2015-01-23,,,,,,,,,,,,,,,,,,,,,,,1294.38,,,,,,,,,,,,,4275053.21,,,,,,,,,,,,,9591606.2771,,,,,,,,,,,,,,,,
2015-01-24,,,,,,,,,,1078.4282,,,,,,,,,,,,,1299.8,,,,,,,,,,,,,4252977.29,,,,,,,,,,,,,9550580.2147,,,,,,,,,,,,,,,,
2015-01-25,,,,,220897.49,2419,91.31768912773873,,,1075.5112,,,,,,,,,,,,,1296.05,,,,,,,,184483.71,2199,83.89436562073669,,,4236026.22,,,,,,,,,,,,,9530191.8833,,,,,,,,,,,,,,,,
2015-01-26,,100.04,,31.11,,,,,,1085.2035,,,,,100.55,,33.06,,,,,,1295.42,,,,,101.35,,31.65,,,,,,4218768.62,,,,,99.94,,38.82,,,,,,9530945.437,,,,,,,,,,,,,,,,
2015-01-27,,,,,,,,,,1091.4113,,,,,,,,,,,,,1293.94,,,,,,,,,,,,,4195525.2,,,,,,,,,,,,,9546413.1248,,,,,,,,,,,,,,,,
2015-01-28,,,,,,,,,,1089.4838,,,,,,,,,,,,,1297.27,,,,,,,,,,,,,4164676.11,,,,,,,,,,,,,9561211.935,,,,,,,,,,,,,,,,
2015-01-29,,,,,,,,,,1088.3135,,,,,,,,,,,,,1298.92,,,,,,,,,,,,,4293677.32,,,,,,,,,,,,,9592235.9824,,,,,,,,,,,,,,,,
2015-01-30,,,,,,,,,,1083.5488,,,,,,,,,,,,,1295.86,,,,,,,,,,,,,4279830.65,,,,,,,,,,,,,9707968.9864,,,,,,,,,,,,,,,,
2015-01-31,552,,100,,,,,155,1.92,1073.0206,122049.49,69.6919,143.4524,330.9,,100,,,,,191.5,2.14,1293.89,579286.94,100.268,75.022,437.1,,100,,,,,159.8,2.45,4266528.37,419830.8,0,0,465.7,,100,,42.61,,,166.7,2.56,9670602.6921,54.01,40.5712,80.2927,,,,,4.25,,,,108.99999999999999,0.7638,0.2598,2.6243,0.2442
2015-02-01,,,,,315535.06,3514,89.79369948776323,,,1065.5323,,,,,,,,,,,,,1290.92,,,,,,,,190164.62,2196,86.59591074681238,,,4244203.21,,,,,,,,,,,,,9653020.503,,,,,,,,,,,,,,,,
2015-02-02,,100.18,,30.65,,,,,,1063.9425,,,,,100.68,,30.2,,,,,,1283.38,,,,,101.57,,33.13,,,,,,4219326.11,,,,,100.09,,42.6,,,,,,9617079.5811,,,,,,,,,,,,,,,,
2015-02-03,,,,,,,,,,1067.4154,,,,,,,,,,,,,1286.09,,,,,,,,,,,,,4198281.65,,,,,,,,,,,,,9617211.5468,,,,,,,,,,,,,,,,
2015-02-04,,,,,,,,,,1063.9813,,,,,,,,,,,,,1288.83,,,,,,,,,,,,,4223743.49,,,,,,,,,,,,,9568539.1106,,,,,,,,,,,,,,,,
2015-02-05,,,,,,,,,,1058.1243,,,,,,,,,,,,,1289.22,,,,,,,,,,,,,4227508.67,,,,,,,,,,,,,9626237.4784,,,,,,,,,,,,,,,,
2015-02-06,,,,,,,,,,1058.2476,,,,,,,,,,,,,1290.15,,,,,,,,,,,,,4199581.84,,,,,,,,,,,,,9652156.7063,,,,,,,,,,,,,,,,
2015-02-07,,,,,,,,,,1055.5258,,,,,,,,,,,,,1287.36,,,,,,,,,,,,,4188076.05,,,,,,,,,,,,,9625174.7678,,,,,,,,,,,,,,,,
2015-02-08,,,,,269820.89,2967,90.94064374789349,,,1053.3317,,,,,,,,,,,,,1284.85,,,,,,,,202968.8,2288,88.71013986013986,,,4179540.95,,,,,,,,,,,,,9608005.7692,,,,,,,,,,,,,,,,
2015-02-09,,100.32,,37.25,,,,,,1051.4661,,,,,100.88,,35.04,,,,,,1282.32,,,,,102.15,,33.11,,,,,,4174032.26,,,,,100.17,,46.22,,,,,,9635855.3349,,,,,,,,,,,,,,,,
2015-02-10,,,,,,,,,,1055.4385,,,,,,,,,,,,,1281.11,,,,,,,,,,,,,4129656.46,,,,,,,,,,,,,9616477.1703,,,,,,,,,,,,,,,,
2015-02-11,,,,,,,,,,1055.0693,,,,,,,,,,,,,1285.97,,,,,,,,,,,,,4063128.55,,,,,,,,,,,,,9760967.8219,,,,,,,,,,,,,,,,
2015-02-12,,,,,,,,,,1052.8249,,,,,,,,,,,,,1289.23,,,,,,,,,,,,,4070986.02,,,,,,,,,,,,,9769675.3629,,,,,,,,,,,,,,,,
2015-02-13,,,,,,,,,,1054.3253,,,,,,,,,,,,,1287.69,,,,,,,,,,,,,4045346.94,,,,,,,,,,,,,9887543.5481,,,,,,,,,,,,,,,,
2015-02-14,,,,,,,,,,1051.2919,,,,,,,,,,,,,1296.7,,,,,,,,,,,,,4037074.47,,,,,,,,,,,,,9864909.0107,,,,,,,,,,,,,,,,
2015-02-15,,,,,320172.4,3501,91.45169951442445,,,1050.6486,,,,,,,,,,,,,1295.14,,,,,,,,187982.02,2179,86.269857732905,,,4045257.12,,,,,,,,,,,,,9912696.0019,,,,,,,,,,,,,,,,
2015-02-16,,100.09,,39.71,,,,,,1048.7389,,,,,100.86,,36.25,,,,,,1308.92,,,,,102.18,,33.43,,,,,,3801150.95,,,,,99.12,,57.75,,,,,,9985645.097,,,,,,,,,,,,,,,,
2015-02-17,,,,,,,,,,1048.0188,,,,,,,,,,,,,1308.92,,,,,,,,,,,,,3789729.85,,,,,,,,,,,,,9987551.8612,,,,,,,,,,,,,,,,
2015-02-18,,,,,,,,,,,,,,,,,,,,,,,1309.15,,,,,,,,,,,,,3789729.85,,,,,,,,,,,,,9987192.1713,,,,,,,,,,,,,,,,
2015-02-19,,,,,,,,,,,,,,,,,,,,,,,1309.19,,,,,,,,,,,,,3789729.85,,,,,,,,,,,,,9987192.1713,,,,,,,,,,,,,,,,
2015-02-20,,,,,,,,,,,,,,,,,,,,,,,1309.24,,,,,,,,,,,,,3789729.85,,,,,,,,,,,,,9986724.7419,,,,,,,,,,,,,,,,
2015-02-21,,,,,,,,,,,,,,,,,,,,,,,1309.25,,,,,,,,,,,,,3789341.95,,,,,,,,,,,,,9986613.9819,,,,,,,,,,,,,,,,
2015-02-22,,,,,23461.24,248,94.6017741935484,,,,,,,,,,,,,,,,1309.23,,,,,,,,15753.07,180,87.51705555555556,,,3788973.99,,,,,,,,,,,,,9986143.3551,,,,,,,,,,,,,,,,
2015-02-23,,100.25,,40,,,,,,,,,,,101.08,,48.57,,,,,,1309.03,,,,,101.21,,50,,,,,,3788973.99,,,,,100.15,,50,,,,,,9985239.1786,,,,,,,,,,,,,,,,
2015-02-24,,,,,,,,,,,,,,,,,,,,,,,1308.9,,,,,,,,,,,,,3786308.19,,,,,,,,,,,,,9983603.2305,,,,,,,,,,,,,,,,
2015-02-25,,,,,,,,,,1043.609,,,,,,,,,,,,,1307,,,,,,,,,,,,,3769741.69,,,,,,,,,,,,,9980691.8459,,,,,,,,,,,,,,,,
2015-02-26,,,,,,,,,,1043.2321,,,,,,,,,,,,,1301.42,,,,,,,,,,,,,3731519.75,,,,,,,,,,,,,9940116.0608,,,,,,,,,,,,,,,,
2015-02-27,,,,,,,,,,1036.3819,,,,,,,,,,,,,1300.66,,,,,,,,,,,,,3798497.58,,,,,,,,,,,,,9934780.0162,,,,,,,,,,,,,,,,
2015-02-28,556,,62.25,,,,,156.3,1.92,1034.2667,,0,39.362,332.9,,46.67,,,,,193,2.14,1297.16,592808.94,46.3084,117.7803,443,,38.47,,,,,161.3,2.44,3780297.14,36775.15,0,24.4067,458.5,,28.39,,44.06,,,165.7,2.65,9903374.7388,96.81,0,0,,,,,4.25,,,,112.99999999999999,1.4311,1.1946,1.9893,0.0209
2015-03-01,,,,,174856.31,1981,88.26668854114084,,,1030.6671,,,,,,,,,,,,,1282.25,,,,,,,,39843.03,471,84.5924203821656,,,3773198.98,,,,,,,,,,,,,9891927.8216,,,,,,,,,,,,,,,,
2015-03-02,,100.67,,26.76,,,,,,1033.3437,,,,,101.14,,41.37,,,,,,1280.61,,,,,102.76,,40.86,,,,,,3787481.25,,,,,101.03,,45.45,,,,,,9858751.3475,,,,,,,,,,,,,,,,
2015-03-03,,,,,,,,,,1030.7159,,,,,,,,,,,,,1282.84,,,,,,,,,,,,,3819572.7,,,,,,,,,,,,,9829426.6072,,,,,,,,,,,,,,,,
2015-03-04,,,,,,,,,,1028.1944,,,,,,,,,,,,,1281.63,,,,,,,,,,,,,3819880.44,,,,,,,,,,,,,9818703.7969,,,,,,,,,,,,,,,,
2015-03-05,,,,,,,,,,1027.715,,,,,,,,,,,,,1286.07,,,,,,,,,,,,,3740353.22,,,,,,,,,,,,,9807869.7236,,,,,,,,,,,,,,,,
2015-03-06,,,,,,,,,,,,,,,,,,,,,,,1289.32,,,,,,,,,,,,,3779218.9,,,,,,,,,,,,,9794202.9268,,,,,,,,,,,,,,,,
2015-03-07,,,,,,,,,,,,,,,,,,,,,,,1286.36,,,,,,,,,,,,,3773203.22,,,,,,,,,,,,,9767690.9593,,,,,,,,,,,,,,,,
2015-03-08,,,,,156824.47,1700,92.24968823529412,,,1024.6558,,,,,,,,,,,,,1284.52,,,,,,,,98826.21,1130,87.45682300884955,,,3760599.29,,,,,,,,,,,,,9752115.3211,,,,,,,,,,,,,,,,
2015-03-09,,100.85,,34.8,,,,,,,,,,,101.18,,39.61,,,,,,1279,,,,,103.72,,40.33,,,,,,3725765.79,,,,,100.9,,50.94,,,,,,9763535.1295,,,,,,,,,,,,,,,,
2015-03-10,,,,,,,,,,1038.8184,,,,,,,,,,,,,1277.43,,,,,,,,,,,,,3711377.31,,,,,,,,,,,,,9760255.5226,,,,,,,,,,,,,,,,
2015-03-11,,,,,,,,,,1038.8612,,,,,,,,,,,,,1278.24,,,,,,,,,,,,,3750598.65,,,,,,,,,,,,,9786706.0453,,,,,,,,,,,,,,,,
2015-03-12,,,,,,,,,,1036.7682,,,,,,,,,,,,,1274.78,,,,,,,,,,,,,3728919.6,,,,,,,,,,,,,9787940.8545,,,,,,,,,,,,,,,,
2015-03-13,,,,,,,,,,1034.192,,,,,,,,,,,,,1272.7,,,,,,,,,,,,,3795362.55,,,,,,,,,,,,,9773234.1479,,,,,,,,,,,,,,,,
2015-03-14,,,,,,,,,,1030.227,,,,,,,,,,,,,1268.79,,,,,,,,,,,,,3777431.99,,,,,,,,,,,,,9743618.9861,,,,,,,,,,,,,,,,
2015-03-15,,,,,125317.99,1396,89.76933381088826,,,1026.6255,,,,,,,,,,,,,1262.28,,,,,,,,134865.94,1613,83.61186608803472,,,3765991.49,,,,,,,,,,,,,9721367.885,,,,,,,,,,,,,,,,
2015-03-16,,100.94,,36.93,,,,,,1012.8149,,,,,101.29,,34.1,,,,,,1259.32,,,,,103.68,,37.09,,,,,,3770160.35,,,,,101.55,,42.97,,,,,,9710782.1609,,,,,,,,,,,,,,,,
2015-03-17,,,,,,,,,,1015.2319,,,,,,,,,,,,,1236.69,,,,,,,,,,,,,3754974.66,,,,,,,,,,,,,9684354.6979,,,,,,,,,,,,,,,,
2015-03-18,,,,,,,,,,1032.2683,,,,,,,,,,,,,1234.38,,,,,,,,,,,,,3774063.98,,,,,,,,,,,,,9693215.674,,,,,,,,,,,,,,,,
2015-03-19,,,,,,,,,,1034.967,,,,,,,,,,,,,1227.17,,,,,,,,,,,,,3774937.66,,,,,,,,,,,,,9672566.2373,,,,,,,,,,,,,,,,
2015-03-20,,,,,,,,,,1034.1483,,,,,,,,,,,,,1233.96,,,,,,,,,,,,,3762042.01,,,,,,,,,,,,,9797586.6982,,,,,,,,,,,,,,,,
2015-03-21,,,,,,,,,,1031.5271,,,,,,,,,,,,,1238.71,,,,,,,,,,,,,3753177.97,,,,,,,,,,,,,9767155.402,,,,,,,,,,,,,,,,
2015-03-22,,,,,226730.43,2544,89.1235966981132,,,1030.3551,,,,,,,,,,,,,1235.6,,,,,,,,150053.47,1788,83.92252237136465,,,3744618.97,,,,,,,,,,,,,9751195.5306,,,,,,,,,,,,,,,,
2015-03-23,,100.97,,39.05,,,,,,1032.4451,,,,,101.16,,32.02,,,,,,1235.76,,,,,105.14,,41.63,,,,,,3718606.75,,,,,100.86,,43.01,,,,,,9706714.6079,,,,,,,,,,,,,,,,
2015-03-24,,,,,,,,,,1031.0743,,,,,,,,,,,,,1246.7,,,,,,,,,,,,,3688183.02,,,,,,,,,,,,,9713774.1842,,,,,,,,,,,,,,,,
2015-03-25,,,,,,,,,,1028.794,,,,,,,,,,,,,1243.98,,,,,,,,,,,,,3665729.4,,,,,,,,,,,,,9697571.1453,,,,,,,,,,,,,,,,
2015-03-26,,,,,,,,,,1027.0921,,,,,,,,,,,,,1249.11,,,,,,,,,,,,,3654742.82,,,,,,,,,,,,,9626683.7317,,,,,,,,,,,,,,,,
2015-03-27,,,,,,,,,,1036.8425,,,,,,,,,,,,,1245.8,,,,,,,,,,,,,3638724.56,,,,,,,,,,,,,9708137.2192,,,,,,,,,,,,,,,,
2015-03-28,,,,,,,,,,1047.9064,,,,,,,,,,,,,1241.2,,,,,,,,,,,,,3610269.17,,,,,,,,,,,,,9666414.083,,,,,,,,,,,,,,,,
2015-03-29,,,,,289713.35,3248,89.19745997536945,,,1043.8403,,,,,,,,,,,,,1237.02,,,,,,,,150053.4,1802,83.27047724750277,,,3601620.22,,,,,,,,,,,,,9643925.558,,,,,,,,,,,,,,,,
2015-03-30,,101.27,,34.6,,,,,,1043.8748,,,,,101.27,,33,,,,,,1233.49,,,,,106.27,,50.9,,,,,,3593117.03,,,,,101.47,,39.4,,,,,,9652978.6025,,,,,,,,,,,,,,,,
2015-03-31,556,,87.82,,,,,160.1,1.97,1042.125,,90.022,25.8968,338.5,,70.18,,,,,194.2,2.12,1235.19,596302.98,39.9837,57.4353,460.8,,78.72,,,,,165.2,2.4,3563991.94,163573.76,0,0,452.2,,61.11,,32.15,,,167.9,2.62,9638018.6005,21.12,8.1197,0,8,,,8.4,4,6.01,,,110.30000000000001,1.3758,-0.546,2.2407,0.7741
2015-04-01,,,,,,,,,,1042.51,,,,,,,,,,,,,1236.01,,,,,,,,,,,,,3560112.7,,,,,,,,,,,,,9616136.4358,,,,,,,,,,,,,,,,
2015-04-02,,,,,,,,,,1047.1519,,,,,,,,,,,,,1234.05,,,,,,,,,,,,,3550730.85,,,,,,,,,,,,,9539524.7722,,,,,,,,,,,,,,,,
2015-04-03,,,,,,,,,,1055.7742,,,,,,,,,,,,,1234.65,,,,,,,,,,,,,3539854.7,,,,,,,,,,,,,9595870.0398,,,,,,,,,,,,,,,,
2015-04-04,,,,,,,,,,1053.0393,,,,,,,,,,,,,1240.07,,,,,,,,,,,,,3534127.32,,,,,,,,,,,,,9565650.6752,,,,,,,,,,,,,,,,
2015-04-05,,,,,292682.63,3333,87.8135703570357,,,1051.0861,,,,,,,,,,,,,1243.41,,,,,,,,163965.43,1907,85.9808232826429,,,3492813.58,,,,,,,,,,,,,9558277.4632,,,,,,,,,,,,,,,,
2015-04-06,,101.44,,41.68,,,,,,1049.9813,,,,,101.61,,45.3,,,,,,1241.97,,,,,107.75,,68.47,,,,,,3481096.65,,,,,101.25,,46.42,,,,,,9546009.1108,,,,,,,,,,,,,,,,
2015-04-07,,,,,,,,,,1048.2417,,,,,,,,,,,,,1239.9,,,,,,,,,,,,,3551327.74,,,,,,,,,,,,,9592766.9102,,,,,,,,,,,,,,,,
2015-04-08,,,,,,,,,,1051.3581,,,,,,,,,,,,,1240.72,,,,,,,,,,,,,3523416.87,,,,,,,,,,,,,9572394.3599,,,,,,,,,,,,,,,,
2015-04-09,,,,,,,,,,1050.0559,,,,,,,,,,,,,1241.75,,,,,,,,,,,,,3502979.12,,,,,,,,,,,,,9486001.7596,,,,,,,,,,,,,,,,
2015-04-10,,,,,,,,,,1047.9041,,,,,,,,,,,,,,,,,,,,,,,,,,3463692.17,,,,,,,,,,,,,9509288.1351,,,,,,,,,,,,,,,,
2015-04-11,,,,,,,,,,1050.263,,,,,,,,,,,,,1246.13,,,,,,,,,,,,,3449753.37,,,,,,,,,,,,,9471557.785,,,,,,,,,,,,,,,,
2015-04-12,,,,,239938.28,2728,87.95391495601173,,,1048.5589,,,,,,,,,,,,,1248.85,,,,,,,,108614.37,1266,85.79334123222749,,,3417808.85,,,,,,,,,,,,,9446697.9051,,,,,,,,,,,,,,,,
2015-04-13,,101.39,,40.08,,,,,,1047.7516,,,,,101.4,,44.18,,,,,,1237.93,,,,,107.99,,67.9,,,,,,3446907.86,,,,,101.49,,46.97,,,,,,9416243.3452,,,,,,,,,,,,,,,,
2015-04-14,,,,,,,,,,1048.4064,,,,,,,,,,,,,1242.38,,,,,,,,,,,,,3426123.84,,,,,,,,,,,,,9363944.0049,,,,,,,,,,,,,,,,
2015-04-15,,,,,,,,,,1044.3392,,,,,,,,,,,,,1250.14,,,,,,,,,,,,,3346002.99,,,,,,,,,,,,,9436997.0556,,,,,,,,,,,,,,,,
2015-04-16,,,,,,,,,,1053.0945,,,,,,,,,,,,,1254.22,,,,,,,,,,,,,3472304.46,,,,,,,,,,,,,9443094.773,,,,,,,,,,,,,,,,
2015-04-17,,,,,,,,,,1050.4102,,,,,,,,,,,,,1252.29,,,,,,,,,,,,,3490335.06,,,,,,,,,,,,,,,,,,,,,,,,,,,,,
2015-04-18,,,,,,,,,,1042.0078,,,,,,,,,,,,,1251.22,,,,,,,,,,,,,3480983.07,,,,,,,,,,,,,,,,,,,,,,,,,,,,,
2015-04-19,,,,,321583.1,3612,89.03186600221484,,,1040.321,,,,,,,,,,,,,1246.33,,,,,,,,201609.05,2360,85.42756355932204,,,3472638.09,,,,,,,,,,,,,,,,,,,,,,,,,,,,,
2015-04-20,,101.53,,42.83,,,,,,1040.0822,,,,,101.99,,41.86,,,,,,1246.3,,,,,110.95,,66.67,,,,,,3564565.12,,,,,101.2,,46.9,,,,,,,,,,,,,,,,,,,,,,
2015-04-21,,,,,,,,,,1039.1994,,,,,,,,,,,,,1247.5,,,,,,,,,,,,,3510028.92,,,,,,,,,,,,,,,,,,,,,,,,,,,,,
2015-04-22,,,,,,,,,,1033.5865,,,,,,,,,,,,,1247.87,,,,,,,,,,,,,3629240.37,,,,,,,,,,,,,,,,,,,,,,,,,,,,,
2015-04-23,,,,,,,,,,1032.6196,,,,,,,,,,,,,1251.6,,,,,,,,,,,,,3727498.47,,,,,,,,,,,,,9629406.5916,,,,,,,,,,,,,,,,
2015-04-24,,,,,,,,,,1037.4486,,,,,,,,,,,,,1250.73,,,,,,,,,,,,,3698525.33,,,,,,,,,,,,,9706173.3632,,,,,,,,,,,,,,,,
2015-04-25,,,,,,,,,,1032.1013,,,,,,,,,,,,,1243.72,,,,,,,,,,,,,3666376.23,,,,,,,,,,,,,9665050.8234,,,,,,,,,,,,,,,,
2015-04-26,,,,,402005.55,4522,88.899944714728,,,1024.1316,,,,,,,,,,,,,1232.18,,,,,,,,227413.94,2732,83.24082723279649,,,3658866.03,,,,,,,,,,,,,9638312.4822,,,,,,,,,,,,,,,,
2015-04-27,,101.72,,37.5,,,,,,1021.6178,,,,,102.06,,38.8,,,,,,1238.22,,,,,111.72,,64.93,,,,,,3655366.23,,,,,101.46,,45.83,,,,,,9718559.7203,,,,,,,,,,,,,,,,
2015-04-28,,,,,,,,,,1028.3571,,,,,,,,,,,,,1236.18,,,,,,,,,,,,,3679462.21,,,,,,,,,,,,,9907430.4536,,,,,,,,,,,,,,,,
2015-04-29,,,,,,,,,,1023.0312,,,,,,,,,,,,,1235.77,,,,,,,,,,,,,3840708.98,,,,,,,,,,,,,1.00081474226E7,,,,,,,,,,,,,,,,
2015-04-30,551,,97.42,,,,,161.8,2.01,1023.9424,25780.24,0,49.8702,345.2,,83.77,,,,,197.5,2.11,1244.01,808800.99,98.3997,58.0981,477.9,,93.78,,,,,167.4,2.34,3821063.94,658685.37,0,0,459.4,,80.66,,45.61,,,170.5,2.62,1.00841327951E7,99.31,120.8235,46.7043,,,,,4,,,,110.89999999999999,1.5091,-0.205,2.4492,0.3194
2015-05-01,,,,,,,,,,1011.3099,,,,,,,,,,,,,1255.02,,,,,,,,,,,,,3813661.31,,,,,,,,,,,,,1.00624510264E7,,,,,,,,,,,,,,,,
2015-05-02,,,,,,,,,,996.9552,,,,,,,,,,,,,1254.6,,,,,,,,,,,,,3791619.3,,,,,,,,,,,,,1.00442320092E7,,,,,,,,,,,,,,,,
2015-05-03,,,,,421778.08,4644,90.8221533161068,,,995.5504,,,,,,,,,,,,,1250.6,,,,,,,,207061.34,2448,84.58388071895425,,,3715769.47,,,,,,,,,,,,,1.00297034091E7,,,,,,,,,,,,,,,,
2015-05-04,,101.83,,40.51,,,,,,989.6169,,,,,102.67,,41.56,,,,,,1251.16,,,,,114.52,,68.53,,,,,,3677015.95,,,,,101.58,,46.38,,,,,,1.00140586645E7,,,,,,,,,,,,,,,,
2015-05-05,,,,,,,,,,994.6346,,,,,,,,,,,,,1253.88,,,,,,,,,,,,,3662628.97,,,,,,,,,,,,,9992803.3735,,,,,,,,,,,,,,,,
2015-05-06,,,,,,,,,,998.6547,,,,,,,,,,,,,1257.58,,,,,,,,,,,,,3688495.76,,,,,,,,,,,,,9931096.697,,,,,,,,,,,,,,,,
2015-05-07,,,,,,,,,,999.3747,,,,,,,,,,,,,1260.93,,,,,,,,,,,,,3691213.66,,,,,,,,,,,,,9908913.2174,,,,,,,,,,,,,,,,
2015-05-08,,,,,,,,,,999.2873,,,,,,,,,,,,,1271.58,,,,,,,,,,,,,3725664.08,,,,,,,,,,,,,9898763.6265,,,,,,,,,,,,,,,,
2015-05-09,,,,,,,,,,996.4999,,,,,,,,,,,,,1274.06,,,,,,,,,,,,,3701092.88,,,,,,,,,,,,,9846691.7767,,,,,,,,,,,,,,,,
2015-05-10,,,,,309122.6,3500,88.32074285714286,,,994.0431,,,,,,,,,,,,,1270.84,,,,,,,,229098.65,2740,83.61264598540146,,,3688959.67,,,,,,,,,,,,,9816875.3367,,,,,,,,,,,,,,,,
2015-05-11,,101.93,,40.8,,,,,,1021.8627,,,,,102.89,,40.6,,,,,,1267.43,,,,,116.52,,71.8,,,,,,3651258.45,,,,,101.51,,43.1,,,,,,9843811.9019,,,,,,,,,,,,,,,,
2015-05-12,,,,,,,,,,1021.4088,,,,,,,,,,,,,1264.47,,,,,,,,,,,,,3703653.25,,,,,,,,,,,,,9847981.1653,,,,,,,,,,,,,,,,
2015-05-13,,,,,,,,,,1018.5708,,,,,,,,,,,,,1263.16,,,,,,,,,,,,,3684564.82,,,,,,,,,,,,,9821902.2473,,,,,,,,,,,,,,,,
2015-05-14,,,,,,,,,,1025.7451,,,,,,,,,,,,,1260.99,,,,,,,,,,,,,3839829.48,,,,,,,,,,,,,9810119.41,,,,,,,,,,,,,,,,
2015-05-15,,,,,,,,,,1021.3006,,,,,,,,,,,,,1264.48,,,,,,,,,,,,,3813252.5,,,,,,,,,,,,,9791805.2966,,,,,,,,,,,,,,,,
2015-05-16,,,,,,,,,,1018.4111,,,,,,,,,,,,,1265.13,,,,,,,,,,,,,3779565.44,,,,,,,,,,,,,9746507.9482,,,,,,,,,,,,,,,,
2015-05-17,,,,,367657.32,4124,89.15065955383123,,,1019.5313,,,,,,,,,,,,,1259.7,,,,,,,,272146.7,3261,83.45498313400797,,,3754706.83,,,,,,,,,,,,,9717532.1053,,,,,,,,,,,,,,,,
2015-05-18,,101.97,,43,,,,,,1019.5966,,,,,102.84,,39.8,,,,,,1264.73,,,,,118.71,,74.8,,,,,,3680040.92,,,,,101.16,,48.8,,,,,,9688629.007,,,,,,,,,,,,,,,,
2015-05-19,,,,,,,,,,1017.5561,,,,,,,,,,,,,1270.08,,,,,,,,,,,,,3731767.77,,,,,,,,,,,,,9672362.1651,,,,,,,,,,,,,,,,
2015-05-20,,,,,,,,,,1018.7294,,,,,,,,,,,,,1267.81,,,,,,,,,,,,,3706507.11,,,,,,,,,,,,,9663309.8844,,,,,,,,,,,,,,,,
2015-05-21,,,,,,,,,,1033.1999,,,,,,,,,,,,,1264.77,,,,,,,,,,,,,3686849.22,,,,,,,,,,,,,9689781.7324,,,,,,,,,,,,,,,,
2015-05-22,,,,,,,,,,1030.0969,,,,,,,,,,,,,1267.07,,,,,,,,,,,,,3718525.02,,,,,,,,,,,,,9672184.2098,,,,,,,,,,,,,,,,
2015-05-23,,,,,,,,,,1024.0216,,,,,,,,,,,,,1266.88,,,,,,,,,,,,,3711498.17,,,,,,,,,,,,,,,,,,,,,,,,,,,,,
2015-05-24,,,,,383939.79,4297,89.3506609262276,,,1020.5981,,,,,,,,,,,,,1265.93,,,,,,,,295457.31,3650,80.94720821917808,,,3686432.84,,,,,,,,,,,,,9588500,,,,,,,,,,,,,,,,
2015-05-25,,102.15,,41.8,,,,,,1016.5023,,,,,103.01,,40.2,,,,,,1263.09,,,,,122.09,,72.9,,,,,,3659031.99,,,,,100.99,,50.1,,,,,,9515700,,,,,,,,,,,,,,,,
2015-05-26,,,,,,,,,,1014.4018,,,,,,,,,,,,,1264.84,,,,,,,,,,,,,3643825.15,,,,,,,,,,,,,9542100,,,,,,,,,,,,,,,,
2015-05-27,,,,,,,,,,1021.3052,,,,,,,,,,,,,1263.62,,,,,,,,,,,,,3671360.16,,,,,,,,,,,,,9569063,,,,,,,,,,,,,,,,
2015-05-28,,,,,,,,,,1022.2513,,,,,,,,,,,,,1261.9,,,,,,,,,,,,,3613750.16,,,,,,,,,,,,,9548046,,,,,,,,,,,,,,,,
2015-05-29,,,,,,,,,,1021.2482,,,,,,,,,,,,,1259.23,,,,,,,,,,,,,3743642.09,,,,,,,,,,,,,9659624,,,,,,,,,,,,,,,,
2015-05-30,,,,,,,,,,1040.9678,,,,,,,,,,,,,1255.5,,,,,,,,,,,,,3723283.8,,,,,,,,,,,,,,,,,,,,,,,,,,,,,
2015-05-31,561,,99.72,,418344.43,4657,89.83131415074082,162.8,1.98,1039.913,154013.06,62.1715,14.255,350.1,,92.26,,,,,198.7,2.1,1248.04,1347523.83,99.1242,67.588,506.7,,105.25,,310924.4,3727,83.42484572041857,169.3,2.24,3687051.89,569690.52,0,0,464.2,,71.44,,51.26,,,170.5,2.63,9566195,96.86,170.0254,49.3088,,,,,3.75,,,,113.4,1.2308,-0.1739,2.6123,0.2011
2015-06-01,,102.38,,41.9,,,,,,1038.0674,,,,,103.76,,42.4,,,,,,1250.41,,,,,122.16,,74,,,,,,3757757.54,,,,,100.66,,42.1,,,,,,9533827,,,,,,,,,,,,,,,,
2015-06-02,,,,,,,,,,1028.24,,,,,,,,,,,,,1245.75,,,,,,,,,,,,,3776836.46,,,,,,,,,,,,,9521900,,,,,,,,,,,,,,,,
2015-06-03,,,,,,,,,,1031.1053,,,,,,,,,,,,,1247.84,,,,,,,,,,,,,3926204.32,,,,,,,,,,,,,9518363,,,,,,,,,,,,,,,,
2015-06-04,,,,,,,,,,1034.4961,,,,,,,,,,,,,1250.42,,,,,,,,,,,,,4035869.45,,,,,,,,,,,,,9500640,,,,,,,,,,,,,,,,
2015-06-05,,,,,,,,,,,,,,,,,,,,,,,1260.48,,,,,,,,,,,,,4013185.53,,,,,,,,,,,,,9462844,,,,,,,,,,,,,,,,
2015-06-06,,,,,,,,,,,,,,,,,,,,,,,1263.25,,,,,,,,,,,,,3984254.54,,,,,,,,,,,,,9415131,,,,,,,,,,,,,,,,
2015-06-07,,,,,334389.87,3674,91.01520685900925,,,1034.6006,,,,,,,,,,,,,1255.97,,,,,,,,239598.73,2899,82.6487512935495,,,3878654.3,,,,,,,,,,,,,9384966,,,,,,,,,,,,,,,,
2015-06-08,,102.52,,40.47,,,,,,1040.5809,,,,,104.29,,42.36,,,,,,1253.15,,,,,126.13,,72.16,,,,,,3984103.38,,,,,100.82,,46.78,,,,,,9344754,,,,,,,,,,,,,,,,
2015-06-09,,,,,,,,,,1036.2488,,,,,,,,,,,,,1251.61,,,,,,,,,,,,,3913634.35,,,,,,,,,,,,,9334123,,,,,,,,,,,,,,,,
2015-06-10,,,,,,,,,,1049.05,,,,,,,,,,,,,1256.33,,,,,,,,,,,,,3886081.44,,,,,,,,,,,,,9383707,,,,,,,,,,,,,,,,
2015-06-11,,,,,,,,,,1066.7833,,,,,,,,,,,,,1253.38,,,,,,,,,,,,,3863993.52,,,,,,,,,,,,,9359021,,,,,,,,,,,,,,,,
2015-06-12,,,,,,,,,,1070.8145,,,,,,,,,,,,,1248.51,,,,,,,,,,,,,3822439.97,,,,,,,,,,,,,9345767,,,,,,,,,,,,,,,,
2015-06-13,,,,,,,,,,1066.0012,,,,,,,,,,,,,1252.39,,,,,,,,,,,,,3790170.76,,,,,,,,,,,,,9295011,,,,,,,,,,,,,,,,
2015-06-14,,,,,396293.45,4358,90.93470628728775,,,1079.9825,,,,,,,,,,,,,1258.49,,,,,,,,277884.84,3283,84.64356990557417,,,3667462,,,,,,,,,,,,,9268081,,,,,,,,,,,,,,,,
2015-06-15,,102.61,,41.34,,,,,,1077.5966,,,,,104.5,,43.29,,,,,,1255.63,,,,,129.86,,77.03,,,,,,3671140.42,,,,,100.72,,45.23,,,,,,9236902,,,,,,,,,,,,,,,,
2015-06-16,,,,,,,,,,1073.7988,,,,,,,,,,,,,1251.25,,,,,,,,,,,,,3749182.47,,,,,,,,,,,,,9174905,,,,,,,,,,,,,,,,
2015-06-17,,,,,,,,,,1078.3175,,,,,,,,,,,,,1246.87,,,,,,,,,,,,,3695700.52,,,,,,,,,,,,,9155300,,,,,,,,,,,,,,,,
2015-06-18,,,,,,,,,,1077.3149,,,,,,,,,,,,,1252.45,,,,,,,,,,,,,3766196.33,,,,,,,,,,,,,9189987,,,,,,,,,,,,,,,,
2015-06-19,,,,,,,,,,1076.9953,,,,,,,,,,,,,1246.76,,,,,,,,,,,,,3787050.13,,,,,,,,,,,,,9242608,,,,,,,,,,,,,,,,
2015-06-20,,,,,,,,,,1073.4404,,,,,,,,,,,,,1242.63,,,,,,,,,,,,,3762577.17,,,,,,,,,,,,,9200911,,,,,,,,,,,,,,,,
2015-06-21,,,,,383639.98,4264,89.97185272045029,,,1071.8684,,,,,,,,,,,,,1242.7,,,,,,,,332062.75,4016,82.68494770916335,,,3677079.72,,,,,,,,,,,,,9177674,,,,,,,,,,,,,,,,
2015-06-22,,102.62,,41.29,,,,,,1069.9041,,,,,104.67,,44.93,,,,,,1242.77,,,,,133.63,,75.19,,,,,,3655758.85,,,,,101.37,,40.23,,,,,,9157432,,,,,,,,,,,,,,,,
2015-06-23,,,,,,,,,,1067.8347,,,,,,,,,,,,,1246.72,,,,,,,,,,,,,3718664.44,,,,,,,,,,,,,9158508,,,,,,,,,,,,,,,,
2015-06-24,,,,,,,,,,1063.6056,,,,,,,,,,,,,1245.7,,,,,,,,,,,,,3790749.14,,,,,,,,,,,,,9128440,,,,,,,,,,,,,,,,
2015-06-25,,,,,,,,,,1061.1962,,,,,,,,,,,,,1237.06,,,,,,,,,,,,,3813089.21,,,,,,,,,,,,,9118347,,,,,,,,,,,,,,,,
2015-06-26,,,,,,,,,,1058.4901,,,,,,,,,,,,,1241.06,,,,,,,,,,,,,3789848.09,,,,,,,,,,,,,9108329,,,,,,,,,,,,,,,,
2015-06-27,,,,,,,,,,1054.4214,,,,,,,,,,,,,1239.07,,,,,,,,,,,,,3762781.6,,,,,,,,,,,,,9048453,,,,,,,,,,,,,,,,
2015-06-28,,,,,346589.57,3790,91.44843535620053,,,1080.4477,,,,,,,,,,,,,1233.45,,,,,,,,185635.91,2258,82.21253764393268,,,3703963.77,,,,,,,,,,,,,9008193,,,,,,,,,,,,,,,,
2015-06-29,,102.99,,42.18,,,,,,1075.0351,,,,,105.25,,47.11,,,,,,1227.22,,,,,134.59,,71.85,,,,,,3673145.63,,,,,100.38,,35.38,,,,,,8951748,,,,,,,,,,,,,,,,
2015-06-30,567,,104.94,,,,,163,1.96,1070.9193,557351.83,55.51,28.518,360,,104.51,,,,,201.5,2.07,1213.86,1023552.77,89.3966,140.2896,547.8,,119,,,,,173.8,2.12,3686922.21,908368.2,0,0,464.4,,74.49,,65.79,,,170.6,2.63,8870308,79.1,29.4116,95.9336,7.8,,8.3,8.3,3.5,5.53,,,108,1.3909,0.0251,2.8326,0.2555
2015-07-01,,,,,,,,,,1064.6278,,,,,,,,,,,,,1220.8,,,,,,,,,,,,,3668798.07,,,,,,,,,,,,,8822965,,,,,,,,,,,,,,,,
2015-07-02,,,,,,,,,,1076.6629,,,,,,,,,,,,,1228.49,,,,,,,,,,,,,3740743.25,,,,,,,,,,,,,8870315.9374,,,,,,,,,,,,,,,,
2015-07-03,,,,,,,,,,1073.493,,,,,,,,,,,,,1236.63,,,,,,,,,,,,,3696121.2,,,,,,,,,,,,,,,,,,,,,,,,,,,,,
2015-07-04,,,,,,,,,,1068.7701,,,,,,,,,,,,,1239.78,,,,,,,,,,,,,3678773.54,,,,,,,,,,,,,,,,,,,,,,,,,,,,,
2015-07-05,,,,,420777.82,4591,91.65275974733174,,,1077.9704,,,,,,,,,,,,,,,,,,,,,301438.52,3602,83.68642976124376,,,3663069.65,,,,,,,,,,,,,,,,,,,,,,,,,,,,,
2015-07-06,,103.29,,43.11,,,,,,1078.0965,,,,,105.59,,48.83,,,,,,1229.26,,,,,137.4,,63.58,,,,,,3635787.78,,,,,100.93,,47.52,,,,,,8749862,,,,,,,,,,,,,,,,
2015-07-07,,,,,,,,,,1074.6572,,,,,,,,,,,,,1231.94,,,,,,,,,,,,,3597596.09,,,,,,,,,,,,,8747854,,,,,,,,,,,,,,,,
2015-07-08,,,,,,,,,,1089.6671,,,,,,,,,,,,,1231.97,,,,,,,,,,,,,3585784.01,,,,,,,,,,,,,8758554,,,,,,,,,,,,,,,,
2015-07-09,,,,,,,,,,1084.8727,,,,,,,,,,,,,1227.42,,,,,,,,,,,,,3608418.34,,,,,,,,,,,,,8737992,,,,,,,,,,,,,,,,
2015-07-10,,,,,,,,,,1082.0642,,,,,,,,,,,,,1225.28,,,,,,,,,,,,,3592419.64,,,,,,,,,,,,,8826827.7573,,,,,,,,,,,,,,,,
2015-07-11,,,,,,,,,,1069.9569,,,,,,,,,,,,,1226.76,,,,,,,,,,,,,3577943.69,,,,,,,,,,,,,8794802.8107,,,,,,,,,,,,,,,,
2015-07-12,,,,,411044.1,4530,90.7382119205298,,,1064.6837,,,,,,,,,,,,,1221.43,,,,,,,,304279.65,3632,83.77743667400881,,,3557572.91,,,,,,,,,,,,,8767962,,,,,,,,,,,,,,,,
2015-07-13,,103.28,,45.8,,,,,,1058.6109,,,,,105.96,,48.76,,,,,,1216,,,,,138.49,,44.66,,,,,,3422342.45,,,,,101.24,,41.81,,,,,,8818844,,,,,,,,,,,,,,,,
2015-07-14,,,,,,,,,,1046.4192,,,,,,,,,,,,,1222.79,,,,,,,,,,,,,3398665.62,,,,,,,,,,,,,8788449,,,,,,,,,,,,,,,,
2015-07-15,,,,,,,,,,1045.8322,,,,,,,,,,,,,1221.78,,,,,,,,,,,,,3383104.2,,,,,,,,,,,,,8766114,,,,,,,,,,,,,,,,
2015-07-16,,,,,,,,,,1049.2964,,,,,,,,,,,,,1221.93,,,,,,,,,,,,,3437787.57,,,,,,,,,,,,,8871349,,,,,,,,,,,,,,,,
2015-07-17,,,,,,,,,,1051.1692,,,,,,,,,,,,,1221.26,,,,,,,,,,,,,3427732.32,,,,,,,,,,,,,8879564.7545,,,,,,,,,,,,,,,,
2015-07-18,,,,,,,,,,1080.9709,,,,,,,,,,,,,1221.11,,,,,,,,,,,,,3405509.64,,,,,,,,,,,,,8844067.8365,,,,,,,,,,,,,,,,
2015-07-19,,,,,436917.29,4852,90.0489056059357,,,1077.3618,,,,,,,,,,,,,1218.66,,,,,,,,296810.65,3566,83.23349691531128,,,3375566.18,,,,,,,,,,,,,8824029,,,,,,,,,,,,,,,,
2015-07-20,,103.49,,35.42,,,,,,1075.8995,,,,,105.77,,47.68,,,,,,1215.06,,,,,138.12,,36.55,,,,,,3354090.75,,,,,100.77,,42.44,,,,,,8880573,,,,,,,,,,,,,,,,
2015-07-21,,,,,,,,,,1068.0952,,,,,,,,,,,,,1215.63,,,,,,,,,,,,,3427431.31,,,,,,,,,,,,,8855220,,,,,,,,,,,,,,,,
2015-07-22,,,,,,,,,,1068.3052,,,,,,,,,,,,,1218.77,,,,,,,,,,,,,3484143.41,,,,,,,,,,,,,8853387,,,,,,,,,,,,,,,,
2015-07-23,,,,,,,,,,1070.8533,,,,,,,,,,,,,1219.79,,,,,,,,,,,,,3522770.55,,,,,,,,,,,,,8891694,,,,,,,,,,,,,,,,
2015-07-24,,,,,,,,,,1072.6265,,,,,,,,,,,,,1225.32,,,,,,,,,,,,,3504987.33,,,,,,,,,,,,,8911777.1663,,,,,,,,,,,,,,,,
2015-07-25,,,,,,,,,,1079.1432,,,,,,,,,,,,,1230.34,,,,,,,,,,,,,3453717.69,,,,,,,,,,,,,8874082.5155,,,,,,,,,,,,,,,,
2015-07-26,,,,,453780.34,4999,90.77422284456891,,,1076.0525,,,,,,,,,,,,,1223.88,,,,,,,,300567.11,3554,84.5714997186269,,,3374051.74,,,,,,,,,,,,,8851628,,,,,,,,,,,,,,,,
2015-07-27,,103.68,,48.29,,,,,,1080.2435,,,,,106.03,,50.49,,,,,,1218.91,,,,,136.93,,29.56,,,,,,3415462.16,,,,,101.37,,39.43,,,,,,8858909,,,,,,,,,,,,,,,,
2015-07-28,,,,,,,,,,1081.6046,,,,,,,,,,,,,1217.75,,,,,,,,,,,,,3375360.18,,,,,,,,,,,,,8849264,,,,,,,,,,,,,,,,
2015-07-29,,,,,,,,,,1078.4604,,,,,,,,,,,,,1216.29,,,,,,,,,,,,,3443039.24,,,,,,,,,,,,,8854500,,,,,,,,,,,,,,,,
2015-07-30,,,,,,,,,,1073.7404,,,,,,,,,,,,,1212.55,,,,,,,,,,,,,3495835.9,,,,,,,,,,,,,8842830,,,,,,,,,,,,,,,,
2015-07-31,583,,106.68,,,,,164.9,1.93,1066.9687,414246.61,31.0072,89.1635,366.4,,109.37,,,,,208.5,2.1,,733748.6,11.5848,72.6082,580,,116.5,,,,,179.1,2.07,3511071.31,683134.55,0,0,466.8,,117.1,,69.17,,,173,2.62,8954092.9405,65.14,179.6437,29.4116,,,,,3.5,,,,106.97999999999999,1.6473,0.3069,2.9674,0.256
2015-08-01,,,,,,,,,,1063.3869,,,,,,,,,,,,,1201.38,,,,,,,,,,,,,3494234.55,,,,,,,,,,,,,8918373.5345,,,,,,,,,,,,,,,,
2015-08-02,,,,,467792.87,5101,91.70611056655558,,,1060.6599,,,,,,,,,,,,,1198.12,,,,,,,,279791.66,3329,84.04675878642234,,,3486020.62,,,,,,,,,,,,,8898677,,,,,,,,,,,,,,,,
2015-08-03,,103.91,,40.38,,,,,,1060.4578,,,,,106.76,,50.43,,,,,,1194.45,,,,,137.94,,26.22,,,,,,3487716.44,,,,,101.77,,40.91,,,,,,8910765,,,,,,,,,,,,,,,,
2015-08-04,,,,,,,,,,1059.8453,,,,,,,,,,,,,1189.92,,,,,,,,,,,,,3459019.78,,,,,,,,,,,,,8872904,,,,,,,,,,,,,,,,
2015-08-05,,,,,,,,,,1057.1354,,,,,,,,,,,,,1187.58,,,,,,,,,,,,,3500545.64,,,,,,,,,,,,,8838374,,,,,,,,,,,,,,,,
2015-08-06,,,,,,,,,,1054.1582,,,,,,,,,,,,,1190.62,,,,,,,,,,,,,3540510.91,,,,,,,,,,,,,8792832,,,,,,,,,,,,,,,,
2015-08-07,,,,,,,,,,1055.8302,,,,,,,,,,,,,1193.15,,,,,,,,,,,,,3466922.39,,,,,,,,,,,,,8864465.7566,,,,,,,,,,,,,,,,
2015-08-08,,,,,,,,,,1064.1087,,,,,,,,,,,,,1206.29,,,,,,,,,,,,,3317062.19,,,,,,,,,,,,,8839780,,,,,,,,,,,,,,,,
2015-08-09,,,,,372056.28,4112,90.48061284046693,,,1059.8527,,,,,,,,,,,,,1198.15,,,,,,,,238535.27,2833,84.19882456759619,,,3262885.69,,,,,,,,,,,,,8819639.4123,,,,,,,,,,,,,,,,
2015-08-10,,104.02,,43.18,,,,,,1062.5883,,,,,107,,50.91,,,,,,1192.81,,,,,139.94,,34.19,,,,,,3289258.94,,,,,101.24,,34.2,,,,,,8800492.9305,,,,,,,,,,,,,,,,
2015-08-11,,,,,,,,,,1084.5478,,,,,,,,,,,,,1195.03,,,,,,,,,,,,,3406044.36,,,,,,,,,,,,,8785202.4069,,,,,,,,,,,,,,,,
2015-08-12,,,,,,,,,,1081.4754,,,,,,,,,,,,,,,,,,,,,,,,,,3398915.08,,,,,,,,,,,,,8810307.9993,,,,,,,,,,,,,,,,
2015-08-13,,,,,,,,,,1078.0682,,,,,,,,,,,,,1192.15,,,,,,,,,,,,,3331943,,,,,,,,,,,,,8809008,,,,,,,,,,,,,,,,
2015-08-14,,,,,,,,,,1095.6287,,,,,,,,,,,,,1193.84,,,,,,,,,,,,,3334556.97,,,,,,,,,,,,,8911323,,,,,,,,,,,,,,,,
2015-08-15,,,,,,,,,,1097.8678,,,,,,,,,,,,,1204.39,,,,,,,,,,,,,3301022.19,,,,,,,,,,,,,8874419.1014,,,,,,,,,,,,,,,,
2015-08-16,,,,,433629.26,4667,92.9139190057853,,,1094.2651,,,,,,,,,,,,,1201.68,,,,,,,,242024.41,2916,82.99876886145405,,,3270276,,,,,,,,,,,,,8855456,,,,,,,,,,,,,,,,
2015-08-17,,104.19,,42.61,,,,,,1092.9512,,,,,107.08,,50.96,,,,,,1199.48,,,,,140.54,,31.63,,,,,,3507806.23,,,,,101.8,,41.98,,,,,,8859924,,,,,,,,,,,,,,,,
2015-08-18,,,,,,,,,,1084.7813,,,,,,,,,,,,,1204.72,,,,,,,,,,,,,3474122.31,,,,,,,,,,,,,8809417,,,,,,,,,,,,,,,,
2015-08-19,,,,,,,,,,1082.1049,,,,,,,,,,,,,1199.96,,,,,,,,,,,,,3570229.78,,,,,,,,,,,,,8784819,,,,,,,,,,,,,,,,
2015-08-20,,,,,,,,,,1080.0693,,,,,,,,,,,,,1197.55,,,,,,,,,,,,,3530371.39,,,,,,,,,,,,,8897379,,,,,,,,,,,,,,,,
2015-08-21,,,,,,,,,,1072.4181,,,,,,,,,,,,,1198.6,,,,,,,,,,,,,3505496.35,,,,,,,,,,,,,8963680,,,,,,,,,,,,,,,,
2015-08-22,,,,,,,,,,1069.6714,,,,,,,,,,,,,1196.31,,,,,,,,,,,,,3488391.46,,,,,,,,,,,,,8927523,,,,,,,,,,,,,,,,
2015-08-23,,,,,405054.07,4438,91.26950653447498,,,1066.8023,,,,,,,,,,,,,1191.61,,,,,,,,228490.86,2669,85.60916448107906,,,3494270.21,,,,,,,,,,,,,8906155,,,,,,,,,,,,,,,,
2015-08-24,,104.39,,44.27,,,,,,1065.6524,,,,,107.23,,50.71,,,,,,1182.6,,,,,140.26,,36.18,,,,,,3504790.05,,,,,101.49,,47.08,,,,,,8875583,,,,,,,,,,,,,,,,
2015-08-25,,,,,,,,,,1065.0906,,,,,,,,,,,,,1186.26,,,,,,,,,,,,,3466225.45,,,,,,,,,,,,,8819414,,,,,,,,,,,,,,,,
2015-08-26,,,,,,,,,,1065.3602,,,,,,,,,,,,,1194.14,,,,,,,,,,,,,3440294.98,,,,,,,,,,,,,8814901,,,,,,,,,,,,,,,,
2015-08-27,,,,,,,,,,1059.9582,,,,,,,,,,,,,,,,,,,,,,,,,,3315753.08,,,,,,,,,,,,,8809698,,,,,,,,,,,,,,,,
2015-08-28,,,,,,,,,,1087.325,,,,,,,,,,,,,1194.82,,,,,,,,,,,,,3286331.17,,,,,,,,,,,,,8900758,,,,,,,,,,,,,,,,
2015-08-29,,,,,,,,,,1081.4532,,,,,,,,,,,,,,,,,,,,,,,,,,3236998.4,,,,,,,,,,,,,8858945,,,,,,,,,,,,,,,,
2015-08-30,,,,,417457.58,4567,91.40739654039851,,,1077.9424,,,,,,,,,,,,,,,,,,,,,197297.6,2293,86.04343654600959,,,3219811.69,,,,,,,,,,,,,8832133,,,,,,,,,,,,,,,,
2015-08-31,585,104.85,105.18,48.46,,,,170.5,1.99,1070.2788,257323.5,60.6507,16.6387,370.6,108.1,107.99,52.79,,,,216.3,2.15,1186.68,1551555.14,186.9901,28.4739,606.7,141.66,115.78,34.1,,,,182.4,2.01,3261538.31,404106.43,0,0,475.7,101.44,122.67,40.08,71.22,,,172.5,2.6,8771927,84.71,143.267,128.9444,,,,,3.25,,,,106.8,1.9554,0.4795,3.0041,0.2271
2015-09-01,,,,,,,,,,1070.8919,,,,,,,,,,,,,1185.99,,,,,,,,,,,,,3247115.76,,,,,,,,,,,,,8761335,,,,,,,,,,,,,,,,
2015-09-02,,,,,,,,,,1065.672,,,,,,,,,,,,,1200.66,,,,,,,,,,,,,3235933.36,,,,,,,,,,,,,8814606,,,,,,,,,,,,,,,,
2015-09-03,,,,,,,,,,,,,,,,,,,,,,,1214.78,,,,,,,,,,,,,3230217.07,,,,,,,,,,,,,8791803,,,,,,,,,,,,,,,,
2015-09-04,,,,,,,,,,1063.9535,,,,,,,,,,,,,1212.14,,,,,,,,,,,,,3219978.56,,,,,,,,,,,,,8770009,,,,,,,,,,,,,,,,
2015-09-05,,,,,,,,,,1062.0993,,,,,,,,,,,,,1209.9,,,,,,,,,,,,,3147516.64,,,,,,,,,,,,,8750284,,,,,,,,,,,,,,,,
2015-09-06,,,,,311414.43,3351,92.93179051029543,,,1060.2945,,,,,,,,,,,,,1207.29,,,,,,,,149537.24,1745,85.69469340974211,,,3114801.26,,,,,,,,,,,,,8766876,,,,,,,,,,,,,,,,
2015-09-07,,104.89,,48.57,,,,,,1062.9074,,,,,108.4,,54.3,,,,,,1211.7,,,,,141.39,,42.4,,,,,,3297397.8,,,,,101.73,,43.91,,,,,,8710658,,,,,,,,,,,,,,,,
2015-09-08,,,,,,,,,,1058.8757,,,,,,,,,,,,,1219.66,,,,,,,,,,,,,3302026.24,,,,,,,,,,,,,8768324,,,,,,,,,,,,,,,,
2015-09-09,,,,,,,,,,1060.1625,,,,,,,,,,,,,1217.84,,,,,,,,,,,,,3368144.26,,,,,,,,,,,,,8859317,,,,,,,,,,,,,,,,
2015-09-10,,,,,,,,,,1069.6271,,,,,,,,,,,,,1223.56,,,,,,,,,,,,,3358970.14,,,,,,,,,,,,,8907479,,,,,,,,,,,,,,,,
2015-09-11,,,,,,,,,,1080.4818,,,,,,,,,,,,,1222.83,,,,,,,,,,,,,3346196.16,,,,,,,,,,,,,8881757,,,,,,,,,,,,,,,,
2015-09-12,,,,,,,,,,1076.4062,,,,,,,,,,,,,1227.25,,,,,,,,,,,,,3298721.7,,,,,,,,,,,,,8852695,,,,,,,,,,,,,,,,
2015-09-13,,,,,394948.88,4214,93.7230374940674,,,1073.7677,,,,,,,,,,,,,1217.66,,,,,,,,174204.71,2116,82.32736767485822,,,3330049.23,,,,,,,,,,,,,8832489,,,,,,,,,,,,,,,,
2015-09-14,,105.09,,47.9,,,,,,1073.6514,,,,,108.7,,52.34,,,,,,1211.52,,,,,141.78,,45.45,,,,,,3361837.86,,,,,101.61,,34.93,,,,,,8877388,,,,,,,,,,,,,,,,
2015-09-15,,,,,,,,,,1078.8126,,,,,,,,,,,,,1224.88,,,,,,,,,,,,,3346048.91,,,,,,,,,,,,,8976003,,,,,,,,,,,,,,,,
2015-09-16,,,,,,,,,,1090.7381,,,,,,,,,,,,,1224.95,,,,,,,,,,,,,3273120,,,,,,,,,,,,,8941656,,,,,,,,,,,,,,,,
2015-09-17,,,,,,,,,,1089.607,,,,,,,,,,,,,1238.85,,,,,,,,,,,,,3359676.62,,,,,,,,,,,,,9007499,,,,,,,,,,,,,,,,
2015-09-18,,,,,,,,,,1086.4891,,,,,,,,,,,,,1245.97,,,,,,,,,,,,,3420413.91,,,,,,,,,,,,,9056494,,,,,,,,,,,,,,,,
2015-09-19,,,,,,,,,,1103.3393,,,,,,,,,,,,,1239.64,,,,,,,,,,,,,3360413.47,,,,,,,,,,,,,9019613,,,,,,,,,,,,,,,,
2015-09-20,,,,,403519.6,4396,91.79244767970883,,,1093.7175,,,,,,,,,,,,,1232.81,,,,,,,,203925.3,2350,86.77672340425532,,,3353493.52,,,,,,,,,,,,,8987477,,,,,,,,,,,,,,,,
2015-09-21,,105.14,,45.48,,,,,,1093.387,,,,,108.81,,50.58,,,,,,1227.73,,,,,143.29,,43.1,,,,,,3331374.21,,,,,101.31,,40.31,,,,,,8945824,,,,,,,,,,,,,,,,
2015-09-22,,,,,,,,,,1090.4823,,,,,,,,,,,,,1230.55,,,,,,,,,,,,,3403998.46,,,,,,,,,,,,,9043382,,,,,,,,,,,,,,,,
2015-09-23,,,,,,,,,,1087.0867,,,,,,,,,,,,,1220.8,,,,,,,,,,,,,3531656.16,,,,,,,,,,,,,9019994,,,,,,,,,,,,,,,,
2015-09-24,,,,,,,,,,1085.908,,,,,,,,,,,,,1223.2,,,,,,,,,,,,,3674171.19,,,,,,,,,,,,,9117137,,,,,,,,,,,,,,,,
2015-09-25,,,,,,,,,,1108.2228,,,,,,,,,,,,,1235.73,,,,,,,,,,,,,3680010.26,,,,,,,,,,,,,9280860,,,,,,,,,,,,,,,,
2015-09-26,,,,,,,,,,1102.8863,,,,,,,,,,,,,1238.29,,,,,,,,,,,,,3670779.03,,,,,,,,,,,,,9217228.4868,,,,,,,,,,,,,,,,
2015-09-27,,,,,382469.26,4162,91.89554541086017,,,1099.5829,,,,,,,,,,,,,1238.33,,,,,,,,257891.61,2918,88.37957847840987,,,3668699.67,,,,,,,,,,,,,9197844,,,,,,,,,,,,,,,,
2015-09-28,,105.44,,38.32,,,,,,1096.3388,,,,,109.54,,51.31,,,,,,1236.65,,,,,144.3,,41.74,,,,,,3742822.2,,,,,101.84,,34.81,,,,,,9244595,,,,,,,,,,,,,,,,
2015-09-29,,,,,,,,,,1092.5976,,,,,,,,,,,,,1240.54,,,,,,,,,,,,,3732937.42,,,,,,,,,,,,,9319220,,,,,,,,,,,,,,,,
2015-09-30,610,,113.87,,,,,174.1,1.95,1087.469,233628.54,135.1103,49.811,376.7,,123.27,,,,,219,2.15,1246.63,1746380.06,103.7856,115.0318,613.8,,117.67,,,,,182.8,1.99,3748030.05,673611.37,0,0,482.9,,142.26,,76.45,,,174.1,2.56,9520422.3204,146.93,47.177,169.4967,8.2,,8.5,8.5,3.25,5.02,,,108.5,1.5956,0.0992,2.9277,0.2253
2015-10-01,,,,,,,,,,1087.6196,,,,,,,,,,,,,1238.13,,,,,,,,,,,,,3748030.05,,,,,,,,,,,,,9502830.8499,,,,,,,,,,,,,,,,
2015-10-02,,,,,,,,,,1086.1168,,,,,,,,,,,,,1238.17,,,,,,,,,,,,,3745220.94,,,,,,,,,,,,,9490100,,,,,,,,,,,,,,,,
2015-10-03,,,,,,,,,,1085.6402,,,,,,,,,,,,,1238.23,,,,,,,,,,,,,3741968.63,,,,,,,,,,,,,9479472.8703,,,,,,,,,,,,,,,,
2015-10-04,,,,,275780.58,2988,92.29604417670683,,,1083.2658,,,,,,,,,,,,,1238.49,,,,,,,,168688.83,1919,87.90454924439813,,,3708399.92,,,,,,,,,,,,,,,,,,,,,,,,,,,,,
2015-10-05,,105.79,,45.96,,,,,,1082.3577,,,,,110.15,,45.86,,,,,,1234.56,,,,,145.86,,42.92,,,,,,3678911.34,,,,,101.72,,44.74,,,,,,9466688.8103,,,,,,,,,,,,,,,,
2015-10-06,,,,,,,,,,1080.0017,,,,,,,,,,,,,1232.28,,,,,,,,,,,,,3664992.61,,,,,,,,,,,,,9459146,,,,,,,,,,,,,,,,
2015-10-07,,,,,,,,,,1079.0702,,,,,,,,,,,,,1226.95,,,,,,,,,,,,,3615957.64,,,,,,,,,,,,,9450368,,,,,,,,,,,,,,,,
2015-10-08,,,,,,,,,,1081.543,,,,,,,,,,,,,1223.94,,,,,,,,,,,,,3615999.82,,,,,,,,,,,,,9441253,,,,,,,,,,,,,,,,
2015-10-09,,,,,,,,,,1083.8085,,,,,,,,,,,,,1226.39,,,,,,,,,,,,,3594492.85,,,,,,,,,,,,,9416420,,,,,,,,,,,,,,,,
2015-10-10,,,,,,,,,,1079.6271,,,,,,,,,,,,,1238.35,,,,,,,,,,,,,3564188.33,,,,,,,,,,,,,9375039,,,,,,,,,,,,,,,,
2015-10-11,,,,,187993.25,2065,91.03789346246974,,,1070.1482,,,,,,,,,,,,,1232.78,,,,,,,,55470.49,681,81.45446402349486,,,3544252.84,,,,,,,,,,,,,9323329,,,,,,,,,,,,,,,,
2015-10-12,,105.79,,43.75,,,,,,1073.5381,,,,,110.29,,50.06,,,,,,1236.07,,,,,144.65,,39.68,,,,,,3539761.41,,,,,101.88,,41.71,,,,,,9289059,,,,,,,,,,,,,,,,
2015-10-13,,,,,,,,,,1073.6973,,,,,,,,,,,,,1236.07,,,,,,,,,,,,,3667919.03,,,,,,,,,,,,,9269124,,,,,,,,,,,,,,,,
2015-10-14,,,,,,,,,,1072.8526,,,,,,,,,,,,,1244.79,,,,,,,,,,,,,3735013.77,,,,,,,,,,,,,9245270,,,,,,,,,,,,,,,,
2015-10-15,,,,,,,,,,1071.1914,,,,,,,,,,,,,1253.76,,,,,,,,,,,,,3915498.9,,,,,,,,,,,,,9304474,,,,,,,,,,,,,,,,
2015-10-16,,,,,,,,,,1078.9019,,,,,,,,,,,,,1263.55,,,,,,,,,,,,,3905524.77,,,,,,,,,,,,,9311934,,,,,,,,,,,,,,,,
2015-10-17,,,,,,,,,,1093.3002,,,,,,,,,,,,,1254.14,,,,,,,,,,,,,3877058.66,,,,,,,,,,,,,9268911,,,,,,,,,,,,,,,,
2015-10-18,,,,,342190.72,3665,93.36718144611187,,,1089.1031,,,,,,,,,,,,,1246.52,,,,,,,,144336.78,1697,85.0540836770772,,,3834477.2,,,,,,,,,,,,,9238362,,,,,,,,,,,,,,,,
2015-10-19,,105.88,,41.23,,,,,,1089.6091,,,,,110.57,,46.43,,,,,,1240.96,,,,,144.09,,36.85,,,,,,3803249.9,,,,,101.95,,35.89,,,,,,9230539,,,,,,,,,,,,,,,,
2015-10-20,,,,,,,,,,1085.4583,,,,,,,,,,,,,1240.76,,,,,,,,,,,,,3791060.9,,,,,,,,,,,,,9231894,,,,,,,,,,,,,,,,
2015-10-21,,,,,,,,,,1081.5582,,,,,,,,,,,,,1234.31,,,,,,,,,,,,,3835361.98,,,,,,,,,,,,,9242274,,,,,,,,,,,,,,,,
2015-10-22,,,,,,,,,,1086.2976,,,,,,,,,,,,,1234.35,,,,,,,,,,,,,3836426.04,,,,,,,,,,,,,9291862,,,,,,,,,,,,,,,,
2015-10-23,,,,,,,,,,1090.4972,,,,,,,,,,,,,1230.4,,,,,,,,,,,,,3823478.04,,,,,,,,,,,,,9436149.3065,,,,,,,,,,,,,,,,
2015-10-24,,,,,,,,,,1087.034,,,,,,,,,,,,,1273.97,,,,,,,,,,,,,3803871,,,,,,,,,,,,,9389987.2614,,,,,,,,,,,,,,,,
2015-10-25,,,,,384122.111,4198,91.50121748451643,,,1085.693,,,,,,,,,,,,,1264.33,,,,,,,,169013.82,2108,80.1773339658444,,,3813143.68,,,,,,,,,,,,,9361184.215,,,,,,,,,,,,,,,,
2015-10-26,,106,,43.13,,,,,,1082.8216,,,,,110.85,,48.09,,,,,,1259.4,,,,,144.9,,40.11,,,,,,3835883.84,,,,,102.18,,36.45,,,,,,9354629.8309,,,,,,,,,,,,,,,,
2015-10-27,,,,,,,,,,1080.5399,,,,,,,,,,,,,1260.82,,,,,,,,,,,,,3801336.65,,,,,,,,,,,,,9340254.4088,,,,,,,,,,,,,,,,
2015-10-28,,,,,,,,,,1080.2755,,,,,,,,,,,,,1262.32,,,,,,,,,,,,,3815223.43,,,,,,,,,,,,,9382146.5667,,,,,,,,,,,,,,,,
2015-10-29,,,,,,,,,,1081.9848,,,,,,,,,,,,,1270.48,,,,,,,,,,,,,3802811.43,,,,,,,,,,,,,9354768,,,,,,,,,,,,,,,,
2015-10-30,,,,,,,,,,1071.89,,,,,,,,,,,,,1270.48,,,,,,,,,,,,,3795739.26,,,,,,,,,,,,,9464993,,,,,,,,,,,,,,,,
2015-10-31,608,,111.72,,,,,176,1.98,,115609.11,273.6768,111.173,382.8,,128.23,,,,,221.4,2.14,1266.9,1846953.5,134.3338,89.022,624.2,,113.01,,,,,183.5,1.97,3746290.78,836729.47,0,0,483.8,,148.92,,52.55,,,174.6,2.58,9402600.2033,84.68,160.6587,64.6635,,,,,3.25,,,,106.4,1.2674,-0.2917,2.6936,0.0967
2015-11-01,,,,,407682.44,4461,91.38812822237166,,,1083.5518,,,,,,,,,,,,,1255.83,,,,,,,,178119.59,2247,79.26995549621718,,,3728938.17,,,,,,,,,,,,,9369846,,,,,,,,,,,,,,,,
2015-11-02,,106.36,,42.91,,,,,,1078.1542,,,,,111.89,,50.85,,,,,,1251.5,,,,,145.37,,40.62,,,,,,3748307.76,,,,,101.62,,34.04,,,,,,9389080,,,,,,,,,,,,,,,,
2015-11-03,,,,,,,,,,1085.5784,,,,,,,,,,,,,1264.31,,,,,,,,,,,,,3731066.8,,,,,,,,,,,,,9255452,,,,,,,,,,,,,,,,
2015-11-04,,,,,,,,,,1083.5198,,,,,,,,,,,,,1265.92,,,,,,,,,,,,,3718936.47,,,,,,,,,,,,,9261770,,,,,,,,,,,,,,,,
2015-11-05,,,,,,,,,,1084.978,,,,,,,,,,,,,1261.72,,,,,,,,,,,,,3860264.75,,,,,,,,,,,,,9219412,,,,,,,,,,,,,,,,
2015-11-06,,,,,,,,,,,,,,,,,,,,,,,1262.43,,,,,,,,,,,,,3821282.55,,,,,,,,,,,,,9217347.7862,,,,,,,,,,,,,,,,
2015-11-07,,,,,,,,,,,,,,,,,,,,,,,1258.53,,,,,,,,,,,,,3795251.1,,,,,,,,,,,,,9166809.4436,,,,,,,,,,,,,,,,
2015-11-08,,,,,258381.26,2804,92.14738231098431,,,1097.5833,,,,,,,,,,,,,1254.86,,,,,,,,183511.18,2245,81.7421737193764,,,3785289.93,,,,,,,,,,,,,9134442,,,,,,,,,,,,,,,,
2015-11-09,,106.49,,39.81,,,,,,1103.684,,,,,112.36,,47.33,,,,,,1244.63,,,,,145.7,,41.31,,,,,,3719159.86,,,,,102.02,,42.24,,,,,,9276721,,,,,,,,,,,,,,,,
2015-11-10,,,,,,,,,,1091.6216,,,,,,,,,,,,,1237.38,,,,,,,,,,,,,3723128.01,,,,,,,,,,,,,9198501,,,,,,,,,,,,,,,,
2015-11-11,,,,,,,,,,1089.44,,,,,,,,,,,,,1231.67,,,,,,,,,,,,,3692415.12,,,,,,,,,,,,,9185643,,,,,,,,,,,,,,,,
2015-11-12,,,,,,,,,,1086.8297,,,,,,,,,,,,,1228.9,,,,,,,,,,,,,3641236.73,,,,,,,,,,,,,9174643,,,,,,,,,,,,,,,,
2015-11-13,,,,,,,,,,1099.35,,,,,,,,,,,,,1235.56,,,,,,,,,,,,,3677706.66,,,,,,,,,,,,,9245394.8439,,,,,,,,,,,,,,,,
2015-11-14,,,,,,,,,,1092.1303,,,,,,,,,,,,,1226.37,,,,,,,,,,,,,3648450.15,,,,,,,,,,,,,9196609.4523,,,,,,,,,,,,,,,,
2015-11-15,,,,,388474.98,4257,91.25557434813248,,,1087.0729,,,,,,,,,,,,,1219.98,,,,,,,,188247.35,2264,83.14812279151944,,,3609890.21,,,,,,,,,,,,,8976009.9844,,,,,,,,,,,,,,,,
2015-11-16,,106.64,,46.38,,,,,,1095.8597,,,,,112.73,,53.64,,,,,,1216.69,,,,,147.94,,41.31,,,,,,3620106.28,,,,,102.2,,31.56,,,,,,9175564.2872,,,,,,,,,,,,,,,,
2015-11-17,,,,,,,,,,1093.5171,,,,,,,,,,,,,1216.91,,,,,,,,,,,,,3667249.88,,,,,,,,,,,,,9231624.1703,,,,,,,,,,,,,,,,
2015-11-18,,,,,,,,,,1092.7367,,,,,,,,,,,,,1211.09,,,,,,,,,,,,,3627159.97,,,,,,,,,,,,,9155168.2543,,,,,,,,,,,,,,,,
2015-11-19,,,,,,,,,,1091.1956,,,,,,,,,,,,,1208.1,,,,,,,,,,,,,3632125.92,,,,,,,,,,,,,9141367.5569,,,,,,,,,,,,,,,,
2015-11-20,,,,,,,,,,1100.8458,,,,,,,,,,,,,1208.52,,,,,,,,,,,,,3821425.25,,,,,,,,,,,,,9119028.62,,,,,,,,,,,,,,,,
2015-11-21,,,,,,,,,,1098.4333,,,,,,,,,,,,,1205.58,,,,,,,,,,,,,3805862.43,,,,,,,,,,,,,9080362.4804,,,,,,,,,,,,,,,,
2015-11-22,,,,,385261.48,4202,91.68526415992385,,,1096.7379,,,,,,,,,,,,,1197.95,,,,,,,,178413,2214,80.5840108401084,,,3792075.49,,,,,,,,,,,,,9052413.5271,,,,,,,,,,,,,,,,
2015-11-23,,106.6,,48.44,,,,,,1095.2481,,,,,112.75,,57.36,,,,,,1192.76,,,,,147.03,,41.29,,,,,,3820234.44,,,,,101.85,,35.8,,,,,,9034573.838,,,,,,,,,,,,,,,,
2015-11-24,,,,,,,,,,1093.9379,,,,,,,,,,,,,1189.13,,,,,,,,,,,,,4037902.08,,,,,,,,,,,,,9041593.3997,,,,,,,,,,,,,,,,
2015-11-25,,,,,,,,,,1089.3196,,,,,,,,,,,,,1191.03,,,,,,,,,,,,,3957549.77,,,,,,,,,,,,,9007907.7318,,,,,,,,,,,,,,,,
2015-11-26,,,,,,,,,,1086.4572,,,,,,,,,,,,,1186.17,,,,,,,,,,,,,4003134.26,,,,,,,,,,,,,8979261.0898,,,,,,,,,,,,,,,,
2015-11-27,,,,,,,,,,1127.754,,,,,,,,,,,,,1170.36,,,,,,,,,,,,,4186480.05,,,,,,,,,,,,,,,,,,,,,,,,,,,,,
2015-11-28,,,,,,,,,,1120.2649,,,,,,,,,,,,,1165.16,,,,,,,,,,,,,4150305.3,,,,,,,,,,,,,,,,,,,,,,,,,,,,,
2015-11-29,,,,,400136.26,4394,91.0642375967228,,,1115.2883,,,,,,,,,,,,,1155.73,,,,,,,,192649.16,2371,81.25228173766344,,,4129122.85,,,,,,,,,,,,,8893892.9373,,,,,,,,,,,,,,,,
2015-11-30,615,107.2,112.65,41.05,,,,180.7,2.01,1112.7818,538003.1,38.4394,280.5498,392.3,114.59,131.73,56.86,,,,225.9,2.13,1151.16,820843.75,250.2986,141.0523,647.7,147.88,115.28,43.58,,,,182,1.88,4109887.48,841107.58,25.8056,0,490,102.07,142.8,36.64,68.5,,,173,2.55,8842691.527,92.53,44.3898,99.4194,,,,,3.25,,,,106.6,1.4856,-0.0087,2.7582,0.0109
2015-12-01,,,,,,,,,,1112.0371,,,,,,,,,,,,,1154.45,,,,,,,,,,,,,4127480.52,,,,,,,,,,,,,8925336.4494,,,,,,,,,,,,,,,,
2015-12-02,,,,,,,,,,1101.2291,,,,,,,,,,,,,1155.28,,,,,,,,,,,,,4120726.83,,,,,,,,,,,,,8946144.1731,,,,,,,,,,,,,,,,
2015-12-03,,,,,,,,,,1094.8818,,,,,,,,,,,,,1152.58,,,,,,,,,,,,,3972731.98,,,,,,,,,,,,,8937395.1239,,,,,,,,,,,,,,,,
2015-12-04,,,,,,,,,,1096.8824,,,,,,,,,,,,,1154.05,,,,,,,,,,,,,4089184.99,,,,,,,,,,,,,8946527.8648,,,,,,,,,,,,,,,,
2015-12-05,,,,,,,,,,1093.8402,,,,,,,,,,,,,1151.9,,,,,,,,,,,,,4028234.29,,,,,,,,,,,,,8902408.3962,,,,,,,,,,,,,,,,
2015-12-06,,,,,400554.92,4438,90.2557278053177,,,1091.2529,,,,,,,,,,,,,1145.64,,,,,,,,201684.12,2468,81.71965964343597,,,4017513.38,,,,,,,,,,,,,8874241.9052,,,,,,,,,,,,,,,,
2015-12-07,,107.41,,43.49,,,,,,1098.3321,,,,,115.27,,56.47,,,,,,1120.43,,,,,151,,44.55,,,,,,3993784.21,,,,,102.12,,36.96,,,,,,8920928.6628,,,,,,,,,,,,,,,,
2015-12-08,,,,,,,,,,1098.7954,,,,,,,,,,,,,1116.76,,,,,,,,,,,,,4031760.37,,,,,,,,,,,,,8870720.8397,,,,,,,,,,,,,,,,
2015-12-09,,,,,,,,,,1106.8989,,,,,,,,,,,,,1128.05,,,,,,,,,,,,,3980030.17,,,,,,,,,,,,,8845864.6755,,,,,,,,,,,,,,,,
2015-12-10,,,,,,,,,,1110.3211,,,,,,,,,,,,,1128.68,,,,,,,,,,,,,4146789.31,,,,,,,,,,,,,8829911.8707,,,,,,,,,,,,,,,,
2015-12-11,,,,,,,,,,1105.7834,,,,,,,,,,,,,1133.45,,,,,,,,,,,,,4107709.59,,,,,,,,,,,,,8848036.3437,,,,,,,,,,,,,,,,
2015-12-12,,,,,,,,,,1091.835,,,,,,,,,,,,,1139.67,,,,,,,,,,,,,4081485.87,,,,,,,,,,,,,8803045.2923,,,,,,,,,,,,,,,,
2015-12-13,,,,,412973.56,4422,93.39067390321122,,,1084.1646,,,,,,,,,,,,,1130.02,,,,,,,,201179.62,2506,80.27917797286513,,,3936135.84,,,,,,,,,,,,,8771363.9356,,,,,,,,,,,,,,,,
2015-12-14,,107.58,,52.6,,,,,,1082.7783,,,,,115.36,,57.59,,,,,,1123.31,,,,,151.58,,48.52,,,,,,4160028.49,,,,,101.61,,38.57,,,,,,8841662.2075,,,,,,,,,,,,,,,,
2015-12-15,,,,,,,,,,1075.0936,,,,,,,,,,,,,1123.18,,,,,,,,,,,,,4166894.75,,,,,,,,,,,,,9225548.1188,,,,,,,,,,,,,,,,
2015-12-16,,,,,,,,,,1065.6113,,,,,,,,,,,,,1119.94,,,,,,,,,,,,,4209235.8,,,,,,,,,,,,,9231217.774,,,,,,,,,,,,,,,,
2015-12-17,,,,,,,,,,,,,,,,,,,,,,,1122.17,,,,,,,,,,,,,4093335.84,,,,,,,,,,,,,9246865.1042,,,,,,,,,,,,,,,,
2015-12-18,,,,,,,,,,1058.9102,,,,,,,,,,,,,1122.65,,,,,,,,,,,,,4267602.82,,,,,,,,,,,,,,,,,,,,,,,,,,,,,
2015-12-19,,,,,,,,,,1045.0231,,,,,,,,,,,,,1124.24,,,,,,,,,,,,,4238924.04,,,,,,,,,,,,,9275951.083,,,,,,,,,,,,,,,,
2015-12-20,,,,,457747.3,4975,92.00950753768844,,,1033.1155,,,,,,,,,,,,,1115.83,,,,,,,,215351.1,2702,79.70062916358253,,,4211342.55,,,,,,,,,,,,,9230746.5698,,,,,,,,,,,,,,,,
2015-12-21,,107.64,,53.42,,,,,,1034.487,,,,,115.56,,62.5,,,,,,1108.69,,,,,153.82,,48.75,,,,,,4296328.7,,,,,101.91,,44.44,,,,,,9232787.2003,,,,,,,,,,,,,,,,
2015-12-22,,,,,,,,,,1028.5356,,,,,,,,,,,,,1105.96,,,,,,,,,,,,,4222405.65,,,,,,,,,,,,,9234863.7388,,,,,,,,,,,,,,,,
2015-12-23,,,,,,,,,,,,,,,,,,,,,,,1097.79,,,,,,,,,,,,,4183480.64,,,,,,,,,,,,,9208635.4972,,,,,,,,,,,,,,,,
2015-12-24,,,,,,,,,,1016.4783,,,,,,,,,,,,,1099.04,,,,,,,,,,,,,4256783.58,,,,,,,,,,,,,9199657.629,,,,,,,,,,,,,,,,
2015-12-25,,,,,,,,,,1031.5247,,,,,,,,,,,,,1096.32,,,,,,,,,,,,,,,,,,,,,,,,,,9227665.9148,,,,,,,,,,,,,,,,
2015-12-26,,,,,,,,,,1023.724,,,,,,,,,,,,,1095.61,,,,,,,,,,,,,4196832.66,,,,,,,,,,,,,,,,,,,,,,,,,,,,,
2015-12-27,,,,,496331.31,5455,90.9864912923923,,,1019.9766,,,,,,,,,,,,,1088.6,,,,,,,,235940.47,2925,80.66340854700854,,,4188021.99,,,,,,,,,,,,,9137416.649,,,,,,,,,,,,,,,,
2015-12-28,,108.38,,52.49,,,,,,1021.4648,,,,,116.52,,62.36,,,,,,1081.32,,,,,156.93,,53.33,,,,,,4207154.36,,,,,101.97,,38.83,,,,,,9039298.0653,,,,,,,,,,,,,,,,
2015-12-29,,,,,,,,,,1009.17,,,,,,,,,,,,,1080.21,,,,,,,,,,,,,4146789.55,,,,,,,,,,,,,9063441.5089,,,,,,,,,,,,,,,,
2015-12-30,,,,,,,,,,1010.1469,,,,,,,,,,,,,1074.71,,,,,,,,,,,,,4101910.75,,,,,,,,,,,,,9037809.3164,,,,,,,,,,,,,,,,
2015-12-31,624,,111.62,,,,,177.5,1.94,1000.8411,63116.37,97.99,153.4937,402,,129.67,,,,,228.8,2.1,1075.35,1448019.72,73.5959,274.1405,683.9,,118.77,,,,,182.1,1.78,4104559.77,996257.82,0,25.8056,494.4,,152.53,,77.35,,,173,2.48,9132546.0058,119.03,62.6373,44.3898,8.4,9,8.8,8.9,3.25,4.7,,,105.79999999999998,1.6,0.49653,2.6357,-0.0243
2016-01-01,,,,,,,,,,985.9538,,,,,,,,,,,,,1070.55,,,,,,,,,,,,,4099505.39,,,,,,,,,,,,,9104045.8024,,,,,,,,,,,,,,,,
2016-01-02,,,,,,,,,,983.5911,,,,,,,,,,,,,1069,,,,,,,,,,,,,4095187.84,,,,,,,,,,,,,9084195.4098,,,,,,,,,,,,,,,,
2016-01-03,,,,,472513.97,5253,89.95126023224825,,,982.7714,,,,,,,,,,,,,1071.23,,,,,,,,209461.84,2592,80.81089506172839,,,4013219.06,,,,,,,,,,,,,9068838.8153,,,,,,,,,,,,,,,,
2016-01-04,,108.76,,59.72,,,,,,999.2141,,,,,117.27,,62.79,,,,,,1068.58,,,,,156.07,,57.1,,,,,,4025897.51,,,,,101.82,,40.2,,,,,,9029612.9336,,,,,,,,,,,,,,,,
2016-01-05,,,,,,,,,,996.2456,,,,,,,,,,,,,1067.12,,,,,,,,,,,,,3992942.86,,,,,,,,,,,,,9025615.7972,,,,,,,,,,,,,,,,
2016-01-06,,,,,,,,,,998.998,,,,,,,,,,,,,1066.68,,,,,,,,,,,,,4045834.65,,,,,,,,,,,,,9009221.663,,,,,,,,,,,,,,,,
2016-01-07,,,,,,,,,,993.0081,,,,,,,,,,,,,1063.15,,,,,,,,,,,,,4003541.6,,,,,,,,,,,,,8987527.7598,,,,,,,,,,,,,,,,
2016-01-08,,,,,,,,,,989.201,,,,,,,,,,,,,1068.1,,,,,,,,,,,,,3989341.31,,,,,,,,,,,,,8973041.0337,,,,,,,,,,,,,,,,
2016-01-09,,,,,,,,,,989.6038,,,,,,,,,,,,,1063.99,,,,,,,,,,,,,3959602.06,,,,,,,,,,,,,8944434.6981,,,,,,,,,,,,,,,,
2016-01-10,,,,,477953.82,5254,90.9695127521888,,,986.1708,,,,,,,,,,,,,1058.38,,,,,,,,222381.44,2884,77.10868238557559,,,3928948.54,,,,,,,,,,,,,8907219.2848,,,,,,,,,,,,,,,,
2016-01-11,,109.05,,56.06,,,,,,987.8763,,,,,117.79,,67.87,,,,,,1052.78,,,,,159.11,,61.54,,,,,,3965186.84,,,,,102.34,,47.14,,,,,,8907251.0487,,,,,,,,,,,,,,,,
2016-01-12,,,,,,,,,,986.7631,,,,,,,,,,,,,1059.41,,,,,,,,,,,,,3814849.45,,,,,,,,,,,,,8878111.4277,,,,,,,,,,,,,,,,
2016-01-13,,,,,,,,,,984.2406,,,,,,,,,,,,,1056.65,,,,,,,,,,,,,3834541.1,,,,,,,,,,,,,8918955.0371,,,,,,,,,,,,,,,,
2016-01-14,,,,,,,,,,978.0725,,,,,,,,,,,,,1054.4,,,,,,,,,,,,,3803427.22,,,,,,,,,,,,,9018930.9151,,,,,,,,,,,,,,,,
2016-01-15,,,,,,,,,,976.9271,,,,,,,,,,,,,1053.62,,,,,,,,,,,,,3775448.66,,,,,,,,,,,,,9196804.4554,,,,,,,,,,,,,,,,
2016-01-16,,,,,,,,,,970.5032,,,,,,,,,,,,,1051.4,,,,,,,,,,,,,3737922.21,,,,,,,,,,,,,9155836.1726,,,,,,,,,,,,,,,,
2016-01-17,,,,,542048.24,6028,89.92173855341738,,,966.2536,,,,,,,,,,,,,1044.95,,,,,,,,308683.07,3712,83.1581546336207,,,3707879.45,,,,,,,,,,,,,9133401.2055,,,,,,,,,,,,,,,,
2016-01-18,,109.21,,61.58,,,,,,962.9974,,,,,117.99,,73.25,,,,,,1040.34,,,,,158.77,,63.57,,,,,,3850148.16,,,,,102.42,,35.9,,,,,,9062157.2794,,,,,,,,,,,,,,,,
2016-01-19,,,,,,,,,,960.6999,,,,,,,,,,,,,1038.14,,,,,,,,,,,,,4000892.45,,,,,,,,,,,,,9052578.6967,,,,,,,,,,,,,,,,
2016-01-20,,,,,,,,,,987.3089,,,,,,,,,,,,,1034.5,,,,,,,,,,,,,4098444.37,,,,,,,,,,,,,9058625.9923,,,,,,,,,,,,,,,,
2016-01-21,,,,,,,,,,984.7147,,,,,,,,,,,,,1032.24,,,,,,,,,,,,,4117317.84,,,,,,,,,,,,,9050465.4267,,,,,,,,,,,,,,,,
2016-01-22,,,,,,,,,,,,,,,,,,,,,,,1029.35,,,,,,,,,,,,,4074716.25,,,,,,,,,,,,,9016999.0346,,,,,,,,,,,,,,,,
2016-01-23,,,,,,,,,,975.1379,,,,,,,,,,,,,1025.65,,,,,,,,,,,,,4028729.4,,,,,,,,,,,,,,,,,,,,,,,,,,,,,
2016-01-24,,,,,442618.54,4902,90.2934598123215,,,973.0846,,,,,,,,,,,,,1020.38,,,,,,,,340763.63,4165,81.81599759903962,,,4023957.04,,,,,,,,,,,,,8954610.2291,,,,,,,,,,,,,,,,
2016-01-25,,109.31,,57.23,,,,,,969.558,,,,,118.23,,73.67,,,,,,1016.08,,,,,156.22,,61.85,,,,,,4044483.87,,,,,102.5,,33.33,,,,,,8937718.7588,,,,,,,,,,,,,,,,
2016-01-26,,,,,,,,,,967.3567,,,,,,,,,,,,,1014.26,,,,,,,,,,,,,4110815.08,,,,,,,,,,,,,8976592.1954,,,,,,,,,,,,,,,,
2016-01-27,,,,,,,,,,967.9045,,,,,,,,,,,,,1016.2,,,,,,,,,,,,,4154492.76,,,,,,,,,,,,,,,,,,,,,,,,,,,,,
2016-01-28,,,,,,,,,,965.786,,,,,,,,,,,,,1017.54,,,,,,,,,,,,,4129989.27,,,,,,,,,,,,,,,,,,,,,,,,,,,,,
2016-01-29,,,,,,,,,,962.5713,,,,,,,,,,,,,1013.18,,,,,,,,,,,,,4175612.24,,,,,,,,,,,,,8994876.5811,,,,,,,,,,,,,,,,
2016-01-30,,,,,,,,,,958.5316,,,,,,,,,,,,,1007.87,,,,,,,,,,,,,4162378.7,,,,,,,,,,,,,8950907.3836,,,,,,,,,,,,,,,,
2016-01-31,646,,105.3,,619010.92,6861,90.2216761405043,179.3,1.9,955.7929,313856.26,50.7772,0,426.7,,122.02,,,,,233.5,2.02,1004.47,716806.13,10.2381,56.4562,729.7,,106.43,,347185.85,4398,78.94175761709869,181.1,1.66,4160902.54,690886.53,0,0,497.9,,145.12,,75.72,,,172,2.47,8927300.1677,68.17,56.9971,62.6373,,,,,3.25,,,,106.6,1.8,0.5,2.6,-0.1
2016-02-01,,110.25,,64.66,,,,,,953.8025,,,,,119.62,,74.49,,,,,,999.19,,,,,155.19,,57.19,,,,,,4172011.58,,,,,101.92,,39.71,,,,,,8916944.0348,,,,,,,,,,,,,,,,
2016-02-02,,,,,,,,,,,,,,,,,,,,,,,1000.64,,,,,,,,,,,,,4157556.5,,,,,,,,,,,,,8912047.491,,,,,,,,,,,,,,,,
2016-02-03,,,,,,,,,,943.8564,,,,,,,,,,,,,999.51,,,,,,,,,,,,,4160080.37,,,,,,,,,,,,,8902184.0511,,,,,,,,,,,,,,,,
2016-02-04,,,,,,,,,,938.0348,,,,,,,,,,,,,996.83,,,,,,,,,,,,,,,,,,,,,,,,,,8905200.9967,,,,,,,,,,,,,,,,
2016-02-05,,,,,,,,,,936.2493,,,,,,,,,,,,,996.07,,,,,,,,,,,,,4185679.89,,,,,,,,,,,,,8909249.548,,,,,,,,,,,,,,,,
2016-02-06,,,,,,,,,,941.2109,,,,,,,,,,,,,993.75,,,,,,,,,,,,,4181840.56,,,,,,,,,,,,,8997071.7702,,,,,,,,,,,,,,,,
2016-02-07,,,,,302979.04,3263,92.85290836653387,,,,,,,,,,,,,,,,993.44,,,,,,,,201435.27,2510,80.25309561752988,,,,,,,,,,,,,,,,8996920.0025,,,,,,,,,,,,,,,,
2016-02-08,,110.36,,57.63,,,,,,,,,,,119.26,,76.85,,,,,,993.53,,,,,151.66,,54.31,,,,,,4156145.92,,,,,100.72,,60.87,,,,,,8996920.0028,,,,,,,,,,,,,,,,
2016-02-09,,,,,,,,,,,,,,,,,,,,,,,993.53,,,,,,,,,,,,,4135302.45,,,,,,,,,,,,,8996832.3247,,,,,,,,,,,,,,,,
2016-02-10,,,,,,,,,,,,,,,,,,,,,,,993.61,,,,,,,,,,,,,4110989.41,,,,,,,,,,,,,8996832.3247,,,,,,,,,,,,,,,,
2016-02-11,,,,,,,,,,,,,,,,,,,,,,,994.23,,,,,,,,,,,,,4091885.14,,,,,,,,,,,,,,,,,,,,,,,,,,,,,
2016-02-12,,,,,,,,,,,,,,,,,,,,,,,994.39,,,,,,,,,,,,,4091885.14,,,,,,,,,,,,,8995442.714,,,,,,,,,,,,,,,,
2016-02-13,,,,,,,,,,,,,,,,,,,,,,,993.27,,,,,,,,,,,,,4060066.22,,,,,,,,,,,,,8994887.394,,,,,,,,,,,,,,,,
2016-02-14,,,,,26418.87,287,92.0518118466899,,,927.8083,,,,,,,,,,,,,993.11,,,,,,,,4481.29,55,81.478,,,4075414.39,,,,,,,,,,,,,8992720.428,,,,,,,,,,,,,,,,
2016-02-15,,110.61,,,,,,,,931.2123,,,,,119.91,,86.05,,,,,,994.06,,,,,165.19,,71.43,,,,,,4349510.18,,,,,102.76,,66.67,,,,,,8985796.3667,,,,,,,,,,,,,,,,
2016-02-16,,,,,,,,,,932.7327,,,,,,,,,,,,,993.04,,,,,,,,,,,,,4330045.86,,,,,,,,,,,,,8973850.7795,,,,,,,,,,,,,,,,
2016-02-17,,,,,,,,,,926.7057,,,,,,,,,,,,,988.86,,,,,,,,,,,,,4301003.79,,,,,,,,,,,,,8966334.9616,,,,,,,,,,,,,,,,
2016-02-18,,,,,,,,,,924.2471,,,,,,,,,,,,,991.76,,,,,,,,,,,,,4280711.93,,,,,,,,,,,,,,,,,,,,,,,,,,,,,
2016-02-19,,,,,,,,,,922.8145,,,,,,,,,,,,,988.08,,,,,,,,,,,,,4209589.62,,,,,,,,,,,,,8944612.381,,,,,,,,,,,,,,,,
2016-02-20,,,,,,,,,,919.7819,,,,,,,,,,,,,986.08,,,,,,,,,,,,,4186941.21,,,,,,,,,,,,,8918890.7041,,,,,,,,,,,,,,,,
2016-02-21,,,,,523600.67,5876,89.10835091899251,,,,,,,,,,,,,,,,981.81,,,,,,,,146433.1,1857,78.85465805061928,,,4159565.06,,,,,,,,,,,,,8903144.42,,,,,,,,,,,,,,,,
2016-02-22,,110.73,,62.61,,,,,,920.4545,,,,,120.58,,78.64,,,,,,978.65,,,,,172.92,,59.35,,,,,,4145694.95,,,,,102.68,,45.22,,,,,,8887157.5923,,,,,,,,,,,,,,,,
2016-02-23,,,,,,,,,,922.8209,,,,,,,,,,,,,976.26,,,,,,,,,,,,,4087344.73,,,,,,,,,,,,,8856708.6594,,,,,,,,,,,,,,,,
2016-02-24,,,,,,,,,,928.1563,,,,,,,,,,,,,972.59,,,,,,,,,,,,,3959913.07,,,,,,,,,,,,,8841497.9084,,,,,,,,,,,,,,,,
2016-02-25,,,,,,,,,,927.1705,,,,,,,,,,,,,968.26,,,,,,,,,,,,,3983634.88,,,,,,,,,,,,,8813864.0459,,,,,,,,,,,,,,,,
2016-02-26,,,,,,,,,,920.5246,,,,,,,,,,,,,963.2,,,,,,,,,,,,,4040458.2,,,,,,,,,,,,,8873996,,,,,,,,,,,,,,,,
2016-02-27,,,,,,,,,,912.0049,,,,,,,,,,,,,958.29,,,,,,,,,,,,,4010951.27,,,,,,,,,,,,,8833205,,,,,,,,,,,,,,,,
2016-02-28,,,,,409179.96,4443,92.09542201215395,,,907.8104,,,,,,,,,,,,,949.08,,,,,,,,256756.24,3229,79.51571384329513,,,3985253.33,,,,,,,,,,,,,8804710.1275,,,,,,,,,,,,,,,,
2016-02-29,647,113.18,101.23,72.79,,,,179.1,1.89,909.685,82477.64,0,50.7772,460.7,126.02,129.82,85.11,,,,240,1.92,949.08,258736.42,21.2016,15.3669,745.7,173.35,86.81,55.64,,,,184.8,1.66,3944688.44,296928.39,0,0,498.6,103.6,139.06,48.48,61.39,,,174.2,2.5,8778610,33.4,0,34.5703,,,,,3.25,,,,106.89999999999999,2.3,1.6,2.6,0.3
2016-03-01,,,,,,,,,,914.1198,,,,,,,,,,,,,937.44,,,,,,,,,,,,,3923592.49,,,,,,,,,,,,,8765906,,,,,,,,,,,,,,,,
2016-03-02,,,,,,,,,,912.4211,,,,,,,,,,,,,936.09,,,,,,,,,,,,,3890169.4,,,,,,,,,,,,,8770879,,,,,,,,,,,,,,,,
2016-03-03,,,,,,,,,,911.6311,,,,,,,,,,,,,928.89,,,,,,,,,,,,,3869234,,,,,,,,,,,,,8751083,,,,,,,,,,,,,,,,
2016-03-04,,,,,,,,,,,,,,,,,,,,,,,918.52,,,,,,,,,,,,,3851917.43,,,,,,,,,,,,,8712759,,,,,,,,,,,,,,,,
2016-03-05,,,,,,,,,,905.5515,,,,,,,,,,,,,906.72,,,,,,,,,,,,,3841727.44,,,,,,,,,,,,,8671462,,,,,,,,,,,,,,,,
2016-03-06,,,,,432177.01,4719,91.58232888323798,,,892.5249,,,,,,,,,,,,,906.34,,,,,,,,285637.46,3543,80.62022579734688,,,3838932.51,,,,,,,,,,,,,8640008,,,,,,,,,,,,,,,,
2016-03-07,,113.92,,81.31,,,,,,903.9882,,,,,127.6,,85.22,,,,,,901.7,,,,,175.85,,53.73,,,,,,3817638.3,,,,,104.02,,52.71,,,,,,8621682,,,,,,,,,,,,,,,,
2016-03-08,,,,,,,,,,903.5605,,,,,,,,,,,,,896.26,,,,,,,,,,,,,3776311.3,,,,,,,,,,,,,8606787,,,,,,,,,,,,,,,,
2016-03-09,,,,,,,,,,895.0674,,,,,,,,,,,,,892.59,,,,,,,,,,,,,3721349.57,,,,,,,,,,,,,8632531,,,,,,,,,,,,,,,,
2016-03-10,,,,,,,,,,889.8363,,,,,,,,,,,,,888.37,,,,,,,,,,,,,3731945.05,,,,,,,,,,,,,8600819,,,,,,,,,,,,,,,,
2016-03-11,,,,,,,,,,886.2531,,,,,,,,,,,,,882.93,,,,,,,,,,,,,,,,,,,,,,,,,,8581685,,,,,,,,,,,,,,,,
2016-03-12,,,,,,,,,,881.1743,,,,,,,,,,,,,877.48,,,,,,,,,,,,,3735071.83,,,,,,,,,,,,,8523530,,,,,,,,,,,,,,,,
2016-03-13,,,,,539626.96,5936,90.90750673854447,,,879.1079,,,,,,,,,,,,,870.49,,,,,,,,250237.93,2820,88.73685460992908,,,3722810.08,,,,,,,,,,,,,8490667,,,,,,,,,,,,,,,,
2016-03-14,,114.64,,81.18,,,,,,880.0486,,,,,129.45,,78.89,,,,,,866.39,,,,,173.27,,48.64,,,,,,3699763.98,,,,,104.47,,52.48,,,,,,8475391,,,,,,,,,,,,,,,,
2016-03-15,,,,,,,,,,889.6901,,,,,,,,,,,,,861.87,,,,,,,,,,,,,3691104.91,,,,,,,,,,,,,8439027,,,,,,,,,,,,,,,,
2016-03-16,,,,,,,,,,891.8689,,,,,,,,,,,,,871.47,,,,,,,,,,,,,3659290.99,,,,,,,,,,,,,8466171,,,,,,,,,,,,,,,,
2016-03-17,,,,,,,,,,889.3493,,,,,,,,,,,,,863.42,,,,,,,,,,,,,3647512.14,,,,,,,,,,,,,8478733,,,,,,,,,,,,,,,,
2016-03-18,,,,,,,,,,903.2432,,,,,,,,,,,,,863.1,,,,,,,,,,,,,3638743.03,,,,,,,,,,,,,8566892,,,,,,,,,,,,,,,,
2016-03-19,,,,,,,,,,899.0071,,,,,,,,,,,,,856.46,,,,,,,,,,,,,3594606.39,,,,,,,,,,,,,8518181,,,,,,,,,,,,,,,,
2016-03-20,,,,,694546.89,7721,89.95556145576998,,,890.7939,,,,,,,,,,,,,851.28,,,,,,,,328623.44,3841,85.55674043217913,,,3577246.58,,,,,,,,,,,,,8485976,,,,,,,,,,,,,,,,
2016-03-21,,114.98,,73.26,,,,,,890.9402,,,,,130.68,,68.62,,,,,,847.12,,,,,168.07,,41.79,,,,,,3729316.56,,,,,105.24,,61.11,,,,,,8464374,,,,,,,,,,,,,,,,
2016-03-22,,,,,,,,,,893.0614,,,,,,,,,,,,,843.16,,,,,,,,,,,,,3668556.93,,,,,,,,,,,,,8506670,,,,,,,,,,,,,,,,
2016-03-23,,,,,,,,,,889.3716,,,,,,,,,,,,,846.57,,,,,,,,,,,,,3634066.99,,,,,,,,,,,,,8583650,,,,,,,,,,,,,,,,
2016-03-24,,,,,,,,,,886.3373,,,,,,,,,,,,,834.73,,,,,,,,,,,,,3671720.12,,,,,,,,,,,,,8607059,,,,,,,,,,,,,,,,
2016-03-25,,,,,,,,,,888.6881,,,,,,,,,,,,,815.81,,,,,,,,,,,,,3626378.22,,,,,,,,,,,,,8641652,,,,,,,,,,,,,,,,
2016-03-26,,,,,,,,,,881.7266,,,,,,,,,,,,,820.64,,,,,,,,,,,,,3623247.06,,,,,,,,,,,,,8573611,,,,,,,,,,,,,,,,
2016-03-27,,,,,733919.52,8075,90.88786625386997,,,878.2488,,,,,,,,,,,,,817.16,,,,,,,,383948.14,4397,87.32047759836252,,,3593772.5,,,,,,,,,,,,,8529269,,,,,,,,,,,,,,,,
2016-03-28,,117.67,,69.34,,,,,,878.8419,,,,,134.72,,56.81,,,,,,813.05,,,,,166.93,,50.15,,,,,,3624435.59,,,,,105.28,,59.64,,,,,,8497963,,,,,,,,,,,,,,,,
2016-03-29,,,,,,,,,,876.6372,,,,,,,,,,,,,824.64,,,,,,,,,,,,,3634058.06,,,,,,,,,,,,,8448299,,,,,,,,,,,,,,,,
2016-03-30,,,,,,,,,,875.1287,,,,,,,,,,,,,831.74,,,,,,,,,,,,,3741660.72,,,,,,,,,,,,,8436349,,,,,,,,,,,,,,,,
2016-03-31,665,,132.71,,,,,183.5,1.89,872.9521,20494.37,34.6159,0,497.8,,154.96,,,,,248.3,1.84,834.32,977481.67,26.2343,21.2016,796,,127.29,,,,,191.8,1.61,3730008.25,342614.51,0,0,513.2,,204.69,,62.49,,,176.7,2.46,8471322,50.18,53.308,22.4268,8.75,,8.7,7.91,3.25,4.63,,,103.39999999999999,2.301391,-0.430538,2.7,0.9
2016-04-01,,,,,,,,,,865.9796,,,,,,,,,,,,,841.97,,,,,,,,,,,,,3697451.11,,,,,,,,,,,,,8499217,,,,,,,,,,,,,,,,
2016-04-02,,,,,,,,,,862.9989,,,,,,,,,,,,,850.5,,,,,,,,,,,,,3633585.35,,,,,,,,,,,,,8456383,,,,,,,,,,,,,,,,
2016-04-03,,,,,762675.47,8188,93.14551416707377,,,861.3577,,,,,,,,,,,,,849.76,,,,,,,,408838.94,4799,85.19252760991873,,,3601685.66,,,,,,,,,,,,,8436601,,,,,,,,,,,,,,,,
2016-04-04,,118.85,,62.15,,,,,,860.5488,,,,,136.55,,43.07,,,,,,848.88,,,,,164.68,,44.52,,,,,,3530103.71,,,,,105.43,,57.18,,,,,,8431320,,,,,,,,,,,,,,,,
2016-04-05,,,,,,,,,,866.9622,,,,,,,,,,,,,847.97,,,,,,,,,,,,,3551213.8,,,,,,,,,,,,,8416929,,,,,,,,,,,,,,,,
2016-04-06,,,,,,,,,,864.6943,,,,,,,,,,,,,848.47,,,,,,,,,,,,,3589248.96,,,,,,,,,,,,,8398888,,,,,,,,,,,,,,,,
2016-04-07,,,,,,,,,,,,,,,,,,,,,,,852.19,,,,,,,,,,,,,3678822.62,,,,,,,,,,,,,8474966,,,,,,,,,,,,,,,,
2016-04-08,,,,,,,,,,872.1361,,,,,,,,,,,,,851.88,,,,,,,,,,,,,3700267.48,,,,,,,,,,,,,8512193,,,,,,,,,,,,,,,,
2016-04-09,,,,,,,,,,868.1854,,,,,,,,,,,,,848.12,,,,,,,,,,,,,3691796.03,,,,,,,,,,,,,8465075,,,,,,,,,,,,,,,,
2016-04-10,,,,,356982.95,3885,91.88750321750322,,,866.3026,,,,,,,,,,,,,848.58,,,,,,,,155991.84,1848,84.41116883116884,,,3669885.46,,,,,,,,,,,,,8434800,,,,,,,,,,,,,,,,
2016-04-11,,119.25,,58.27,,,,,,872.6889,,,,,136.36,,37.52,,,,,,846.3,,,,,157.39,,33.3,,,,,,3725189.84,,,,,104.5,,56.84,,,,,,8419106,,,,,,,,,,,,,,,,
2016-04-12,,,,,,,,,,873.5282,,,,,,,,,,,,,853.75,,,,,,,,,,,,,3658012.68,,,,,,,,,,,,,8405111,,,,,,,,,,,,,,,,
2016-04-13,,,,,,,,,,875.6213,,,,,,,,,,,,,861.77,,,,,,,,,,,,,3688061.29,,,,,,,,,,,,,8353395,,,,,,,,,,,,,,,,
2016-04-14,,,,,,,,,,886.7563,,,,,,,,,,,,,875.81,,,,,,,,,,,,,3865261.31,,,,,,,,,,,,,8386947,,,,,,,,,,,,,,,,
2016-04-15,,,,,,,,,,887.9502,,,,,,,,,,,,,880.39,,,,,,,,,,,,,3831742.95,,,,,,,,,,,,,8417665,,,,,,,,,,,,,,,,
2016-04-16,,,,,,,,,,882.5968,,,,,,,,,,,,,894.17,,,,,,,,,,,,,3806207.9,,,,,,,,,,,,,8363381,,,,,,,,,,,,,,,,
2016-04-17,,,,,622891.13,6712,92.80261174016687,,,880.7071,,,,,,,,,,,,,890.98,,,,,,,,186725.64,2202,84.79820163487739,,,3771807.24,,,,,,,,,,,,,8333527,,,,,,,,,,,,,,,,
2016-04-18,,119.86,,45.77,,,,,,880.8073,,,,,137.9,,34.18,,,,,,,,,,,157.01,,25.91,,,,,,3883032.42,,,,,106.52,,45.39,,,,,,8600282,,,,,,,,,,,,,,,,
2016-04-19,,,,,,,,,,880.219,,,,,,,,,,,,,887.75,,,,,,,,,,,,,3812156.34,,,,,,,,,,,,,8631540,,,,,,,,,,,,,,,,
2016-04-20,,,,,,,,,,890.3496,,,,,,,,,,,,,895.06,,,,,,,,,,,,,3772064.89,,,,,,,,,,,,,8645624,,,,,,,,,,,,,,,,
2016-04-21,,,,,,,,,,888.0929,,,,,,,,,,,,,897.12,,,,,,,,,,,,,3777392.8,,,,,,,,,,,,,8672120,,,,,,,,,,,,,,,,
2016-04-22,,,,,,,,,,888.3641,,,,,,,,,,,,,896.3,,,,,,,,,,,,,3882203.46,,,,,,,,,,,,,8679644,,,,,,,,,,,,,,,,
2016-04-23,,,,,,,,,,884.5479,,,,,,,,,,,,,902.42,,,,,,,,,,,,,3876473.41,,,,,,,,,,,,,8620709,,,,,,,,,,,,,,,,
2016-04-24,,,,,593326.65,6404,92.64938319800125,,,881.8739,,,,,,,,,,,,,898.55,,,,,,,,167733.66,2027,82.7497089294524,,,3852263.01,,,,,,,,,,,,,8576607,,,,,,,,,,,,,,,,
2016-04-25,,121.69,,46.22,,,,,,886.1727,,,,,138.7,,34.78,,,,,,896.17,,,,,158.15,,32.62,,,,,,3967601.46,,,,,106.8,,52.77,,,,,,8608026,,,,,,,,,,,,,,,,
2016-04-26,,,,,,,,,,875.4508,,,,,,,,,,,,,905.85,,,,,,,,,,,,,3940456.33,,,,,,,,,,,,,8730799,,,,,,,,,,,,,,,,
2016-04-27,,,,,,,,,,882.02,,,,,,,,,,,,,899.73,,,,,,,,,,,,,3944663.87,,,,,,,,,,,,,8770538,,,,,,,,,,,,,,,,
2016-04-28,,,,,,,,,,884.1303,,,,,,,,,,,,,915.67,,,,,,,,,,,,,4014083.91,,,,,,,,,,,,,8684103,,,,,,,,,,,,,,,,
2016-04-29,,,,,,,,,,885.6485,,,,,,,,,,,,,918.22,,,,,,,,,,,,,4135275.89,,,,,,,,,,,,,8953153,,,,,,,,,,,,,,,,
2016-04-30,682,,140,,,,,187.7,1.88,880.9662,296869.56,19.6086,0,507.1,,154.86,,,,,249.1,1.81,918.38,1554003.9,74.0461,3.6681,777,,128.67,,,,,191.5,1.65,4132662.67,688418.73,14.6,0,523.5,,199.5,,85.4,,,178,2.43,8871671,96.78,19.5735,0,,,,,3.25,,,,104.7,2.327865,-0.179414,2.7,0.2
2016-05-01,,,,,640665.87,6803,94.17402175510804,,,868.9253,,,,,,,,,,,,,914.5,,,,,,,,150075.32,1723,87.10117237376669,,,4098024.18,,,,,,,,,,,,,8840200,,,,,,,,,,,,,,,,
2016-05-02,,122.87,,50.37,,,,,,867.9892,,,,,140.34,,31.08,,,,,,914.5,,,,,160.05,,32.51,,,,,,4096428.59,,,,,106.53,,52.31,,,,,,8814711,,,,,,,,,,,,,,,,
2016-05-03,,,,,,,,,,873.7277,,,,,,,,,,,,,912.44,,,,,,,,,,,,,4079277.55,,,,,,,,,,,,,8814920,,,,,,,,,,,,,,,,
2016-05-04,,,,,,,,,,873.6473,,,,,,,,,,,,,911.66,,,,,,,,,,,,,4081584.99,,,,,,,,,,,,,8796474,,,,,,,,,,,,,,,,
2016-05-05,,,,,,,,,,867.0164,,,,,,,,,,,,,926.92,,,,,,,,,,,,,4047333.23,,,,,,,,,,,,,8809833,,,,,,,,,,,,,,,,
2016-05-06,,,,,,,,,,867.4935,,,,,,,,,,,,,927.62,,,,,,,,,,,,,4020385.93,,,,,,,,,,,,,8778691,,,,,,,,,,,,,,,,
2016-05-07,,,,,,,,,,859.7912,,,,,,,,,,,,,928.08,,,,,,,,,,,,,3980709.46,,,,,,,,,,,,,8702842,,,,,,,,,,,,,,,,
2016-05-08,,,,,366531.55,3857,95.03021778584392,,,853.8331,,,,,,,,,,,,,925.59,,,,,,,,58930.09,701,84.06574893009986,,,3959580.33,,,,,,,,,,,,,8657649,,,,,,,,,,,,,,,,
2016-05-09,,122.97,,45.79,,,,,,878.2758,,,,,139.92,,35.64,,,,,,921.6,,,,,158.03,,32.72,,,,,,4123128.77,,,,,106.78,,51.25,,,,,,8612781,,,,,,,,,,,,,,,,
2016-05-10,,,,,,,,,,884.3537,,,,,,,,,,,,,923,,,,,,,,,,,,,4106456.67,,,,,,,,,,,,,8600192,,,,,,,,,,,,,,,,
2016-05-11,,,,,,,,,,889.862,,,,,,,,,,,,,922.72,,,,,,,,,,,,,4112371.6,,,,,,,,,,,,,8578328,,,,,,,,,,,,,,,,
2016-05-12,,,,,,,,,,888.0237,,,,,,,,,,,,,930.88,,,,,,,,,,,,,4112771.4,,,,,,,,,,,,,8541794,,,,,,,,,,,,,,,,
2016-05-13,,,,,,,,,,886.3627,,,,,,,,,,,,,946.95,,,,,,,,,,,,,3951054.06,,,,,,,,,,,,,8800835,,,,,,,,,,,,,,,,
2016-05-14,,,,,,,,,,880.8337,,,,,,,,,,,,,943.56,,,,,,,,,,,,,3925999.94,,,,,,,,,,,,,8764607,,,,,,,,,,,,,,,,
2016-05-15,,,,,500705.4,5292,94.61553287981859,,,878.1629,,,,,,,,,,,,,941.12,,,,,,,,93229.45,1105,84.37054298642533,,,3909242.5,,,,,,,,,,,,,8725679,,,,,,,,,,,,,,,,
2016-05-16,,123.45,,46.92,,,,,,874.6587,,,,,139.79,,35.07,,,,,,940.13,,,,,155.91,,31.06,,,,,,4066801.55,,,,,107.04,,55.36,,,,,,8761125,,,,,,,,,,,,,,,,
2016-05-17,,,,,,,,,,873.105,,,,,,,,,,,,,937.22,,,,,,,,,,,,,4061936.81,,,,,,,,,,,,,8772152,,,,,,,,,,,,,,,,
2016-05-18,,,,,,,,,,870.227,,,,,,,,,,,,,937.78,,,,,,,,,,,,,4125454.29,,,,,,,,,,,,,8732996,,,,,,,,,,,,,,,,
2016-05-19,,,,,,,,,,869.4088,,,,,,,,,,,,,945.9,,,,,,,,,,,,,4188259.59,,,,,,,,,,,,,8722684,,,,,,,,,,,,,,,,
2016-05-20,,,,,,,,,,864.8942,,,,,,,,,,,,,944.23,,,,,,,,,,,,,4133133.22,,,,,,,,,,,,,8694704,,,,,,,,,,,,,,,,
2016-05-21,,,,,,,,,,861.512,,,,,,,,,,,,,941.48,,,,,,,,,,,,,4112814.51,,,,,,,,,,,,,8638962,,,,,,,,,,,,,,,,
2016-05-22,,,,,500081.43,5259,95.09059326868226,,,856.9924,,,,,,,,,,,,,938.2,,,,,,,,50731.87,605,83.8543305785124,,,4105799.53,,,,,,,,,,,,,8597839,,,,,,,,,,,,,,,,
2016-05-23,,124.75,,46.45,,,,,,857.5959,,,,,140.79,,41.38,,,,,,935.65,,,,,160.67,,30.08,,,,,,4089389.54,,,,,107.7,,49.8,,,,,,8598098,,,,,,,,,,,,,,,,
2016-05-24,,,,,,,,,,855.5642,,,,,,,,,,,,,939.89,,,,,,,,,,,,,4105218.08,,,,,,,,,,,,,8584703,,,,,,,,,,,,,,,,
2016-05-25,,,,,,,,,,861.653,,,,,,,,,,,,,946.22,,,,,,,,,,,,,4128013.31,,,,,,,,,,,,,8534792,,,,,,,,,,,,,,,,
2016-05-26,,,,,,,,,,863.6522,,,,,,,,,,,,,952.35,,,,,,,,,,,,,4238835.59,,,,,,,,,,,,,8532393,,,,,,,,,,,,,,,,
2016-05-27,,,,,,,,,,863.8129,,,,,,,,,,,,,952.34,,,,,,,,,,,,,4220491.85,,,,,,,,,,,,,8558090,,,,,,,,,,,,,,,,
2016-05-28,,,,,,,,,,856.5297,,,,,,,,,,,,,953.74,,,,,,,,,,,,,4182186.09,,,,,,,,,,,,,8491183,,,,,,,,,,,,,,,,
2016-05-29,,,,,560172.71,5914,94.71976834629692,,,,,,,,,,,,,,,,952.69,,,,,,,,65695.51,748,87.82822192513369,,,4177651.73,,,,,,,,,,,,,8448894,,,,,,,,,,,,,,,,
2016-05-30,,126.78,,58.33,,,,,,848.1585,,,,,142.88,,38.81,,,,,,949.18,,,,,171.88,,31.64,,,,,,4283236.79,,,,,107.98,,52.24,,,,,,8430075,,,,,,,,,,,,,,,,
2016-05-31,698,,147.29,,,,,186.8,1.83,852.3257,172593.42,0,34.6159,513.9,,154.76,,,,,247.9,1.78,947.26,1444331.42,87.4163,76.4896,784.5,,130.04,,,,,187.9,1.6,4269797.92,454699.43,50.9,0,531.4,,194.31,,101.76,,,176.9,2.38,8460378,102.18,0.0192,72.8815,,,,,3.25,,,,102.8,2.038999,-0.455855,2.8,0.1
2016-06-01,,,,,,,,,,849.0011,,,,,,,,,,,,,948.14,,,,,,,,,,,,,4273434.28,,,,,,,,,,,,,8475517,,,,,,,,,,,,,,,,
2016-06-02,,,,,,,,,,856.339,,,,,,,,,,,,,945.36,,,,,,,,,,,,,4295620.38,,,,,,,,,,,,,8539268,,,,,,,,,,,,,,,,
2016-06-03,,,,,,,,,,859.3806,,,,,,,,,,,,,942.11,,,,,,,,,,,,,,,,,,,,,,,,,,8579179,,,,,,,,,,,,,,,,
2016-06-04,,,,,,,,,,854.8396,,,,,,,,,,,,,938.56,,,,,,,,,,,,,,,,,,,,,,,,,,8534882,,,,,,,,,,,,,,,,
2016-06-05,,,,,459454.3,4865,94.4407605344296,,,853.0976,,,,,,,,,,,,,932.26,,,,,,,,87221.79,997,87.48424272818455,,,4299516.39,,,,,,,,,,,,,8505202,,,,,,,,,,,,,,,,
2016-06-06,,127.25,,40.16,,,,,,861.704,,,,,143.84,,40.66,,,,,,929.88,,,,,176.61,,32.72,,,,,,4396128.59,,,,,108.28,,47.98,,,,,,8509591,,,,,,,,,,,,,,,,
2016-06-07,,,,,,,,,,861.3235,,,,,,,,,,,,,926.53,,,,,,,,,,,,,4463624.09,,,,,,,,,,,,,8616367,,,,,,,,,,,,,,,,
2016-06-08,,,,,,,,,,871.5796,,,,,,,,,,,,,924.55,,,,,,,,,,,,,4452896.33,,,,,,,,,,,,,8738869,,,,,,,,,,,,,,,,
2016-06-09,,,,,,,,,,870.1755,,,,,,,,,,,,,925.82,,,,,,,,,,,,,4448114.92,,,,,,,,,,,,,8707546,,,,,,,,,,,,,,,,
2016-06-10,,,,,,,,,,869.3294,,,,,,,,,,,,,919.74,,,,,,,,,,,,,4443759,,,,,,,,,,,,,8678108,,,,,,,,,,,,,,,,
2016-06-11,,,,,,,,,,868.6844,,,,,,,,,,,,,917.56,,,,,,,,,,,,,4436910.86,,,,,,,,,,,,,8657848,,,,,,,,,,,,,,,,
2016-06-12,,,,,154473.94,1807,85.48640841173216,,,873.3304,,,,,,,,,,,,,914.85,,,,,,,,77029.06,873,88.23489117983964,,,4424104.89,,,,,,,,,,,,,,,,,,,,,,,,,,,,,
2016-06-13,,127.28,,44.55,,,,,,875.2832,,,,,144.12,,45.36,,,,,,920.26,,,,,176.98,,37.72,,,,,,4415488.16,,,,,108.43,,46.25,,,,,,8650201,,,,,,,,,,,,,,,,
2016-06-14,,,,,,,,,,875.2217,,,,,,,,,,,,,926.52,,,,,,,,,,,,,4316399.96,,,,,,,,,,,,,8639568,,,,,,,,,,,,,,,,
2016-06-15,,,,,,,,,,876.6776,,,,,,,,,,,,,924.88,,,,,,,,,,,,,4374327.04,,,,,,,,,,,,,8587266,,,,,,,,,,,,,,,,
2016-06-16,,,,,,,,,,880.4905,,,,,,,,,,,,,927.6,,,,,,,,,,,,,4351349.33,,,,,,,,,,,,,8609916,,,,,,,,,,,,,,,,
2016-06-17,,,,,,,,,,892.0289,,,,,,,,,,,,,927.19,,,,,,,,,,,,,4312801.9,,,,,,,,,,,,,8734667,,,,,,,,,,,,,,,,
2016-06-18,,,,,,,,,,888.0908,,,,,,,,,,,,,925.28,,,,,,,,,,,,,4306610.92,,,,,,,,,,,,,8680372,,,,,,,,,,,,,,,,
2016-06-19,,,,,211369.83,2267,93.23768416409352,,,880.8454,,,,,,,,,,,,,921.02,,,,,,,,88130.19,1062,82.98511299435029,,,4300295.1,,,,,,,,,,,,,8646200,,,,,,,,,,,,,,,,
2016-06-20,,127.87,,43.2,,,,,,888.6475,,,,,144.26,,46.25,,,,,,918.47,,,,,177.82,,37.48,,,,,,4289837.66,,,,,108.75,,50,,,,,,8630361,,,,,,,,,,,,,,,,
2016-06-21,,,,,,,,,,885.3578,,,,,,,,,,,,,917.09,,,,,,,,,,,,,4269633.25,,,,,,,,,,,,,8643222,,,,,,,,,,,,,,,,
2016-06-22,,,,,,,,,,889.5198,,,,,,,,,,,,,914.91,,,,,,,,,,,,,4257090.99,,,,,,,,,,,,,8579472,,,,,,,,,,,,,,,,
2016-06-23,,,,,,,,,,885.4466,,,,,,,,,,,,,909.45,,,,,,,,,,,,,4285822.06,,,,,,,,,,,,,8617856,,,,,,,,,,,,,,,,
2016-06-24,,,,,,,,,,877.1748,,,,,,,,,,,,,915.8,,,,,,,,,,,,,4284477.64,,,,,,,,,,,,,8608928,,,,,,,,,,,,,,,,
2016-06-25,,,,,,,,,,866.0422,,,,,,,,,,,,,916.57,,,,,,,,,,,,,4278327.32,,,,,,,,,,,,,8544392,,,,,,,,,,,,,,,,
2016-06-26,,,,,379574.1,4087,92.87352581355518,,,858.0344,,,,,,,,,,,,,916.98,,,,,,,,97272.06,1152,84.43755208333333,,,4206667.04,,,,,,,,,,,,,8502874,,,,,,,,,,,,,,,,
2016-06-27,,128.8,,42.29,,,,,,865.1855,,,,,145.41,,45.91,,,,,,913.45,,,,,175.09,,39.19,,,,,,4191927.18,,,,,109.43,,58.14,,,,,,8498368,,,,,,,,,,,,,,,,
2016-06-28,,,,,,,,,,867.2164,,,,,,,,,,,,,907.23,,,,,,,,,,,,,4159855.26,,,,,,,,,,,,,8547154,,,,,,,,,,,,,,,,
2016-06-29,,,,,,,,,,862.9897,,,,,,,,,,,,,912.18,,,,,,,,,,,,,4143188.05,,,,,,,,,,,,,8516396,,,,,,,,,,,,,,,,
2016-06-30,708,,111.91,,,,,187,1.83,854.1751,411651.73,0,19.6086,520.3,,113.21,,,,,250.2,1.78,905.64,815401.81,114.1622,75.1018,792.3,,79.54,,,,,188,1.59,4200539.91,278158.82,0,65.5,544.4,,179.89,,104.23,,,178.4,2.33,8448560,91.67,0,0.0192,8.9,,8.8,8.7,3.25,4.55,,,105.5,1.879503,-0.131235,2.8,0.3
2016-07-01,,,,,,,,,,844.8945,,,,,,,,,,,,,900.8,,,,,,,,,,,,,4256359.83,,,,,,,,,,,,,8518255,,,,,,,,,,,,,,,,
2016-07-02,,,,,,,,,,835.1653,,,,,,,,,,,,,896.49,,,,,,,,,,,,,4173258.67,,,,,,,,,,,,,8475436,,,,,,,,,,,,,,,,
2016-07-03,,,,,463434.28,5097,90.92295075534628,,,831.1412,,,,,,,,,,,,,892.43,,,,,,,,89530.5,1088,82.2890625,,,4167657.84,,,,,,,,,,,,,8452859,,,,,,,,,,,,,,,,
2016-07-04,,129.29,,43.5,,,,,,829.3223,,,,,145.62,,48.71,,,,,,890.38,,,,,174.9,,41.19,,,,,,4155179.37,,,,,110.44,,,,,,,,8468774,,,,,,,,,,,,,,,,
2016-07-05,,,,,,,,,,,,,,,,,,,,,,,886.21,,,,,,,,,,,,,4138797.28,,,,,,,,,,,,,8489205,,,,,,,,,,,,,,,,
2016-07-06,,,,,,,,,,858.2783,,,,,,,,,,,,,,,,,,,,,,,,,,4220403.52,,,,,,,,,,,,,8509875,,,,,,,,,,,,,,,,
2016-07-07,,,,,,,,,,851.1835,,,,,,,,,,,,,883.6,,,,,,,,,,,,,4203541.57,,,,,,,,,,,,,8490621,,,,,,,,,,,,,,,,
2016-07-08,,,,,,,,,,846.5155,,,,,,,,,,,,,888.87,,,,,,,,,,,,,4194430.84,,,,,,,,,,,,,8542919,,,,,,,,,,,,,,,,
2016-07-09,,,,,,,,,,843.5023,,,,,,,,,,,,,891.23,,,,,,,,,,,,,4188727.01,,,,,,,,,,,,,8498831,,,,,,,,,,,,,,,,
2016-07-10,,,,,353307.18,3819,92.5130086410055,,,838.7828,,,,,,,,,,,,,893.47,,,,,,,,97533.19,1164,83.79140034364261,,,4163098.87,,,,,,,,,,,,,8466231,,,,,,,,,,,,,,,,
2016-07-11,,129.55,,43.32,,,,,,852.8294,,,,,145.9,,47.86,,,,,,890.75,,,,,175.42,,36.84,,,,,,4213390.12,,,,,110.72,,55.13,,,,,,8401800,,,,,,,,,,,,,,,,
2016-07-12,,,,,,,,,,850.9865,,,,,,,,,,,,,887.31,,,,,,,,,,,,,4194576.24,,,,,,,,,,,,,8380537,,,,,,,,,,,,,,,,
2016-07-13,,,,,,,,,,849.4352,,,,,,,,,,,,,888.94,,,,,,,,,,,,,4176857.9,,,,,,,,,,,,,8318940,,,,,,,,,,,,,,,,
2016-07-14,,,,,,,,,,847.4344,,,,,,,,,,,,,885.75,,,,,,,,,,,,,4131689.38,,,,,,,,,,,,,8311903,,,,,,,,,,,,,,,,
2016-07-15,,,,,,,,,,853.8699,,,,,,,,,,,,,884.62,,,,,,,,,,,,,4118356.64,,,,,,,,,,,,,8290442,,,,,,,,,,,,,,,,
2016-07-16,,,,,,,,,,848.3942,,,,,,,,,,,,,882.09,,,,,,,,,,,,,4112880.27,,,,,,,,,,,,,8290442,,,,,,,,,,,,,,,,
2016-07-17,,,,,496455.8,5348,92.83017950635751,,,844.5135,,,,,,,,,,,,,878.85,,,,,,,,112505.37,1382,81.4076483357453,,,4107149.12,,,,,,,,,,,,,8220005,,,,,,,,,,,,,,,,
2016-07-18,,129.96,,51.83,,,,,,861.5784,,,,,146.3,,49.85,,,,,,876.37,,,,,173.02,,38.01,,,,,,4108214.22,,,,,111.24,,56.03,,,,,,8211656,,,,,,,,,,,,,,,,
2016-07-19,,,,,,,,,,858.3458,,,,,,,,,,,,,885.45,,,,,,,,,,,,,4094628.28,,,,,,,,,,,,,8254880,,,,,,,,,,,,,,,,
2016-07-20,,,,,,,,,,857.1335,,,,,,,,,,,,,873.67,,,,,,,,,,,,,4068729.25,,,,,,,,,,,,,8237649,,,,,,,,,,,,,,,,
2016-07-21,,,,,,,,,,858.6991,,,,,,,,,,,,,873.36,,,,,,,,,,,,,4045804.58,,,,,,,,,,,,,8239095,,,,,,,,,,,,,,,,
2016-07-22,,,,,,,,,,855.1402,,,,,,,,,,,,,871.75,,,,,,,,,,,,,3959344.22,,,,,,,,,,,,,8262537,,,,,,,,,,,,,,,,
2016-07-23,,,,,,,,,,848.3218,,,,,,,,,,,,,864.34,,,,,,,,,,,,,3939664.28,,,,,,,,,,,,,8212628,,,,,,,,,,,,,,,,
2016-07-24,,,,,514598.95,5589,92.07352835927715,,,842.7511,,,,,,,,,,,,,858.7,,,,,,,,127293.64,1510,84.3004238410596,,,3927503.11,,,,,,,,,,,,,8177542,,,,,,,,,,,,,,,,
2016-07-25,,130.91,,45.13,,,,,,843.73,,,,,147.83,,51.57,,,,,,855.44,,,,,169.18,,36.4,,,,,,3969132.78,,,,,111.85,,46.41,,,,,,8229837,,,,,,,,,,,,,,,,
2016-07-26,,,,,,,,,,836.5067,,,,,,,,,,,,,860.18,,,,,,,,,,,,,4090160.93,,,,,,,,,,,,,8256112,,,,,,,,,,,,,,,,
2016-07-27,,,,,,,,,,834.6364,,,,,,,,,,,,,856.82,,,,,,,,,,,,,4058872.49,,,,,,,,,,,,,8232119,,,,,,,,,,,,,,,,
2016-07-28,,,,,,,,,,832.4179,,,,,,,,,,,,,856.17,,,,,,,,,,,,,4050111.72,,,,,,,,,,,,,8254785,,,,,,,,,,,,,,,,
2016-07-29,,,,,,,,,,830.7052,,,,,,,,,,,,,853.34,,,,,,,,,,,,,4039448.85,,,,,,,,,,,,,8331745,,,,,,,,,,,,,,,,
2016-07-30,,,,,,,,,,826.3858,,,,,,,,,,,,,843.66,,,,,,,,,,,,,4036864.44,,,,,,,,,,,,,8264059,,,,,,,,,,,,,,,,
2016-07-31,727,,112.85,,534184.17,5979,89.34339688911189,185.8,1.75,823.8902,363838.58,0,0,540,,131.34,,,,,248.1,1.7,842.04,426340.68,53.2927,70.7066,811.5,,91.9,,133173.86,1563,85.20400511836212,186.5,1.6,4033249.3,265483.92,0,0,558.2,,159.9,,110.62,,,181.3,2.32,8222383,65.94,26.8648,0,,,,,3.25,,,,109.79999999999998,1.765113,0.194549,2.8,0.4
2016-08-01,,133.53,,55.07,,,,,,819.5806,,,,,152,,53.98,,,,,,838.52,,,,,170.64,,39.14,,,,,,4013170.98,,,,,111.4,,46.67,,,,,,8223230,,,,,,,,,,,,,,,,
2016-08-02,,,,,,,,,,815.9235,,,,,,,,,,,,,840.08,,,,,,,,,,,,,4000882.61,,,,,,,,,,,,,8278854,,,,,,,,,,,,,,,,
2016-08-03,,,,,,,,,,825.5577,,,,,,,,,,,,,837.09,,,,,,,,,,,,,3984595.43,,,,,,,,,,,,,8288942,,,,,,,,,,,,,,,,
2016-08-04,,,,,,,,,,825.7461,,,,,,,,,,,,,834.71,,,,,,,,,,,,,4028701.17,,,,,,,,,,,,,8301883,,,,,,,,,,,,,,,,
2016-08-05,,,,,,,,,,822.5765,,,,,,,,,,,,,836.23,,,,,,,,,,,,,3961539.37,,,,,,,,,,,,,8394816,,,,,,,,,,,,,,,,
2016-08-06,,,,,,,,,,814.898,,,,,,,,,,,,,830.41,,,,,,,,,,,,,3956864.08,,,,,,,,,,,,,8353641,,,,,,,,,,,,,,,,
2016-08-07,,,,,407727.3,4397,92.72851944507619,,,808.6189,,,,,,,,,,,,,827.27,,,,,,,,107934.89,1309,82.45598930481283,,,3951057.15,,,,,,,,,,,,,8326756,,,,,,,,,,,,,,,,
2016-08-08,,133.3,,54.33,,,,,,809.9738,,,,,151.38,,56.15,,,,,,824.63,,,,,171.58,,35.71,,,,,,4020346.41,,,,,113.53,,53.78,,,,,,8322496,,,,,,,,,,,,,,,,
2016-08-09,,,,,,,,,,,,,,,,,,,,,,,820.95,,,,,,,,,,,,,4025675.38,,,,,,,,,,,,,8304765,,,,,,,,,,,,,,,,
2016-08-10,,,,,,,,,,808.231,,,,,,,,,,,,,819.97,,,,,,,,,,,,,4043328.31,,,,,,,,,,,,,8289507,,,,,,,,,,,,,,,,
2016-08-11,,,,,,,,,,811.327,,,,,,,,,,,,,820.85,,,,,,,,,,,,,4031025.65,,,,,,,,,,,,,8303571,,,,,,,,,,,,,,,,
2016-08-12,,,,,,,,,,797.8979,,,,,,,,,,,,,821.16,,,,,,,,,,,,,4019757.68,,,,,,,,,,,,,8390353,,,,,,,,,,,,,,,,
2016-08-13,,,,,,,,,,790.5332,,,,,,,,,,,,,819.91,,,,,,,,,,,,,4012026.49,,,,,,,,,,,,,8335509,,,,,,,,,,,,,,,,
2016-08-14,,,,,466233.64,5140,90.70693385214008,,,788.0189,,,,,,,,,,,,,816.25,,,,,,,,131162.11,1616,81.16467202970297,,,3989524.89,,,,,,,,,,,,,8306252,,,,,,,,,,,,,,,,
2016-08-15,,133.57,,61.73,,,,,,798.3502,,,,,152,,,,,,,,815.78,,,,,171.8,,38.93,,,,,,3970766.22,,,,,113.86,,45.27,,,,,,8303133,,,,,,,,,,,,,,,,
2016-08-16,,,,,,,,,,797.7077,,,,,,,,,,,,,815.11,,,,,,,,,,,,,3971431.34,,,,,,,,,,,,,8321887,,,,,,,,,,,,,,,,
2016-08-17,,,,,,,,,,803.0571,,,,,,,,,,,,,811.83,,,,,,,,,,,,,3961382.38,,,,,,,,,,,,,8342140,,,,,,,,,,,,,,,,
2016-08-18,,,,,,,,,,805.7891,,,,,,,,,,,,,814.93,,,,,,,,,,,,,4011995.17,,,,,,,,,,,,,8345675,,,,,,,,,,,,,,,,
2016-08-19,,,,,,,,,,806.2251,,,,,,,,,,,,,814.71,,,,,,,,,,,,,4030763.9,,,,,,,,,,,,,8350739,,,,,,,,,,,,,,,,
2016-08-20,,,,,,,,,,800.1859,,,,,,,,,,,,,808.71,,,,,,,,,,,,,4026495.08,,,,,,,,,,,,,8303642,,,,,,,,,,,,,,,,
2016-08-21,,,,,511959.77,5710,89.66020490367775,,,796.5952,,,,,,,,,,,,,806.4,,,,,,,,139977.12,1688,82.92483412322275,,,4022506.57,,,,,,,,,,,,,8274954,,,,,,,,,,,,,,,,
2016-08-22,,134.03,,67.11,,,,,,795.7934,,,,,153.37,,,,,,,,805.27,,,,,176.73,,38.67,,,,,,4068118.57,,,,,114.59,,60.12,,,,,,8272825,,,,,,,,,,,,,,,,
2016-08-23,,,,,,,,,,800.5713,,,,,,,,,,,,,801.5,,,,,,,,,,,,,4105425.54,,,,,,,,,,,,,8302855,,,,,,,,,,,,,,,,
2016-08-24,,,,,,,,,,812.5911,,,,,,,,,,,,,797.89,,,,,,,,,,,,,4097333.13,,,,,,,,,,,,,8265403,,,,,,,,,,,,,,,,
2016-08-25,,,,,,,,,,818.1535,,,,,,,,,,,,,789.91,,,,,,,,,,,,,4109760.44,,,,,,,,,,,,,8300279,,,,,,,,,,,,,,,,
2016-08-26,,,,,,,,,,823.1084,,,,,,,,,,,,,779.08,,,,,,,,,,,,,4110252.57,,,,,,,,,,,,,8378892,,,,,,,,,,,,,,,,
2016-08-27,,,,,,,,,,820.218,,,,,,,,,,,,,770.87,,,,,,,,,,,,,4109604.89,,,,,,,,,,,,,8315085,,,,,,,,,,,,,,,,
2016-08-28,,,,,544651.49,5952,91.5073067876344,,,817.555,,,,,,,,,,,,,760.79,,,,,,,,137240.11,1632,84.09320465686274,,,4104900.38,,,,,,,,,,,,,8279123,,,,,,,,,,,,,,,,
2016-08-29,,136.79,,72.69,,,,,,814.856,,,,,156,,60.1,,,,,,741.26,,,,,175.29,,40.3,,,,,,4097122.76,,,,,114.92,,51.09,,,,,,8231334,,,,,,,,,,,,,,,,
2016-08-30,,,,,,,,,,812.9193,,,,,,,,,,,,,729.88,,,,,,,,,,,,,4088143.88,,,,,,,,,,,,,8194792,,,,,,,,,,,,,,,,
2016-08-31,750,,101.46,,,,,191.4,1.74,,249791.58,10.1325,0,556.1,,124.05,,,,,248.6,1.65,722.62,1168759.43,34.3575,80.0871,834.7,,84.15,,,,,192.4,1.56,4080647.71,418296.92,0,0,570.7,,145.46,,116.87,,,184,2.31,8177857,96.07,6.2447,22.4394,,,,,3.25,,,,108.30000000000001,1.339773,0.060004,2.7,0.4
2016-09-01,,,,,,,,,,812.286,,,,,,,,,,,,,718.66,,,,,,,,,,,,,4182462.94,,,,,,,,,,,,,8172484,,,,,,,,,,,,,,,,
2016-09-02,,,,,,,,,,,,,,,,,,,,,,,715.49,,,,,,,,,,,,,4253244.54,,,,,,,,,,,,,8190523,,,,,,,,,,,,,,,,
2016-09-03,,,,,,,,,,811.8144,,,,,,,,,,,,,716.68,,,,,,,,,,,,,4231089.73,,,,,,,,,,,,,8127941,,,,,,,,,,,,,,,,
2016-09-04,,,,,590611.13,6604,89.43233343428226,,,810.0471,,,,,,,,,,,,,714.31,,,,,,,,149055.69,1785,83.50458823529412,,,4226650.83,,,,,,,,,,,,,8092367,,,,,,,,,,,,,,,,
2016-09-05,,137.89,,78.41,,,,,,845.6,,,,,156.94,,60.05,,,,,,711.52,,,,,165.31,,39.44,,,,,,4216660.18,,,,,114.63,,58.33,,,,,,8074213,,,,,,,,,,,,,,,,
2016-09-06,,,,,,,,,,845.444,,,,,,,,,,,,,712.91,,,,,,,,,,,,,4208923.54,,,,,,,,,,,,,8054634,,,,,,,,,,,,,,,,
2016-09-07,,,,,,,,,,846.5389,,,,,,,,,,,,,715.64,,,,,,,,,,,,,4227262.7,,,,,,,,,,,,,8026389,,,,,,,,,,,,,,,,
2016-09-08,,,,,,,,,,846.6623,,,,,,,,,,,,,718.81,,,,,,,,,,,,,4242866.96,,,,,,,,,,,,,7985067,,,,,,,,,,,,,,,,
2016-09-09,,,,,,,,,,842.7994,,,,,,,,,,,,,721.5,,,,,,,,,,,,,4230138.31,,,,,,,,,,,,,8011544,,,,,,,,,,,,,,,,
2016-09-10,,,,,,,,,,839.3606,,,,,,,,,,,,,717.17,,,,,,,,,,,,,4225522.57,,,,,,,,,,,,,7934403,,,,,,,,,,,,,,,,
2016-09-11,,,,,579077.39,6298,91.94623531279771,,,836.4965,,,,,,,,,,,,,714.27,,,,,,,,136123.53,1674,81.31632616487455,,,4218837.63,,,,,,,,,,,,,7890319,,,,,,,,,,,,,,,,
2016-09-12,,138.69,,79.31,,,,,,849.7657,,,,,157.93,,60.49,,,,,,709.4,,,,,172.43,,40.48,,,,,,4249435.69,,,,,116.48,,60.71,,,,,,7849372,,,,,,,,,,,,,,,,
2016-09-13,,,,,,,,,,847.2277,,,,,,,,,,,,,706.11,,,,,,,,,,,,,4205071.36,,,,,,,,,,,,,7867285,,,,,,,,,,,,,,,,
2016-09-14,,,,,,,,,,844.2521,,,,,,,,,,,,,701.29,,,,,,,,,,,,,4233871.01,,,,,,,,,,,,,7890878,,,,,,,,,,,,,,,,
2016-09-15,,,,,,,,,,842.7829,,,,,,,,,,,,,706.13,,,,,,,,,,,,,4228993.83,,,,,,,,,,,,,7862922,,,,,,,,,,,,,,,,
2016-09-16,,,,,,,,,,837.0489,,,,,,,,,,,,,704.83,,,,,,,,,,,,,4211658.61,,,,,,,,,,,,,7828698,,,,,,,,,,,,,,,,
2016-09-17,,,,,,,,,,835.5987,,,,,,,,,,,,,703.21,,,,,,,,,,,,,4205376.42,,,,,,,,,,,,,7803191,,,,,,,,,,,,,,,,
2016-09-18,,,,,509129.87,5619,90.60862609005162,,,835.6399,,,,,,,,,,,,,700.43,,,,,,,,126011.25,1548,81.40261627906976,,,4196208.84,,,,,,,,,,,,,7773474,,,,,,,,,,,,,,,,
2016-09-19,,138.84,,83.4,,,,,,828.4096,,,,,158.59,,59.44,,,,,,704.74,,,,,175.79,,40.13,,,,,,4186462.65,,,,,117.45,,59.57,,,,,,7737866,,,,,,,,,,,,,,,,
2016-09-20,,,,,,,,,,835.2629,,,,,,,,,,,,,701.7,,,,,,,,,,,,,4119442.26,,,,,,,,,,,,,7826580,,,,,,,,,,,,,,,,
2016-09-21,,,,,,,,,,833.2715,,,,,,,,,,,,,702.12,,,,,,,,,,,,,4321247.86,,,,,,,,,,,,,7872572,,,,,,,,,,,,,,,,
2016-09-22,,,,,,,,,,834.4425,,,,,,,,,,,,,701.49,,,,,,,,,,,,,4490216.76,,,,,,,,,,,,,7942701,,,,,,,,,,,,,,,,
2016-09-23,,,,,,,,,,829.7262,,,,,,,,,,,,,698.29,,,,,,,,,,,,,4543114.95,,,,,,,,,,,,,8158482,,,,,,,,,,,,,,,,
2016-09-24,,,,,,,,,,826.8993,,,,,,,,,,,,,704.08,,,,,,,,,,,,,4536337.84,,,,,,,,,,,,,8099426,,,,,,,,,,,,,,,,
2016-09-25,,,,,663823.39,7179,92.46738960858058,,,822.5926,,,,,,,,,,,,,700.62,,,,,,,,151715.58,1841,82.40933188484519,,,4528104.35,,,,,,,,,,,,,8050911,,,,,,,,,,,,,,,,
2016-09-26,,142.06,,85.69,,,,,,837.117,,,,,160.62,,59.63,,,,,,698.15,,,,,177.96,,39.44,,,,,,4518156.44,,,,,118.86,,60.66,,,,,,8258354,,,,,,,,,,,,,,,,
2016-09-27,,,,,,,,,,832.898,,,,,,,,,,,,,697.82,,,,,,,,,,,,,4495836.75,,,,,,,,,,,,,8268166,,,,,,,,,,,,,,,,
2016-09-28,,,,,,,,,,830.2017,,,,,,,,,,,,,697.82,,,,,,,,,,,,,4531988.11,,,,,,,,,,,,,8203983,,,,,,,,,,,,,,,,
2016-09-29,,,,,,,,,,826.7107,,,,,,,,,,,,,691.77,,,,,,,,,,,,,4508403.96,,,,,,,,,,,,,8219629,,,,,,,,,,,,,,,,
2016-09-30,808,,97.48,,,,,194.1,1.64,819.912,577955.11,71.1379,0,573.8,,110.19,,,,,251.6,1.62,693.54,949053.6,74.4655,50.2139,871,,79.92,,,,,192.4,1.61,4485041.32,772752.98,0,0,596.9,,163.86,,109.88,,,182.6,2.19,8401867,97.84,78.0576,0,8.8,,8.8,8.4,3.25,4.52,,,107.6,1.920226,0.672647,2.7,0.4
2016-10-01,,,,,,,,,,815.1983,,,,,,,,,,,,,707.35,,,,,,,,,,,,,4470156.19,,,,,,,,,,,,,8249135,,,,,,,,,,,,,,,,
2016-10-02,,,,,855364.23,9378,91.20966410748561,,,805.7388,,,,,,,,,,,,,707.39,,,,,,,,148818.03,1802,82.58492230854606,,,4456045.66,,,,,,,,,,,,,8186074,,,,,,,,,,,,,,,,
2016-10-03,,145.14,,84.74,,,,,,805.3966,,,,,162.44,,58.23,,,,,,707.42,,,,,170.26,,39.82,,,,,,4439714.89,,,,,118.97,,65.22,,,,,,8147297,,,,,,,,,,,,,,,,
2016-10-04,,,,,,,,,,805.2024,,,,,,,,,,,,,705.16,,,,,,,,,,,,,4398391.52,,,,,,,,,,,,,8109001,,,,,,,,,,,,,,,,
2016-10-05,,,,,,,,,,804.9528,,,,,,,,,,,,,701.52,,,,,,,,,,,,,4387760.5,,,,,,,,,,,,,8070974,,,,,,,,,,,,,,,,
2016-10-06,,,,,,,,,,804.8204,,,,,,,,,,,,,698.99,,,,,,,,,,,,,4379083.64,,,,,,,,,,,,,8048833,,,,,,,,,,,,,,,,
2016-10-07,,,,,,,,,,804.6178,,,,,,,,,,,,,695.81,,,,,,,,,,,,,4305125.63,,,,,,,,,,,,,8014058,,,,,,,,,,,,,,,,
2016-10-08,,,,,,,,,,804.0126,,,,,,,,,,,,,691.84,,,,,,,,,,,,,4282390.76,,,,,,,,,,,,,7958420,,,,,,,,,,,,,,,,
2016-10-09,,,,,165812.89,1807,91.76142224681793,,,799.9989,,,,,,,,,,,,,690.69,,,,,,,,47609.04,570,83.52463157894736,,,4266873.61,,,,,,,,,,,,,7886428,,,,,,,,,,,,,,,,
2016-10-10,,145.44,,74.02,,,,,,801.7417,,,,,162.29,,57.14,,,,,,694.48,,,,,165.88,,29.67,,,,,,4245119.62,,,,,119.44,,69.88,,,,,,7821410,,,,,,,,,,,,,,,,
2016-10-11,,,,,,,,,,,,,,,,,,,,,,,704.76,,,,,,,,,,,,,4197924.62,,,,,,,,,,,,,7773576,,,,,,,,,,,,,,,,
2016-10-12,,,,,,,,,,799.928,,,,,,,,,,,,,701.33,,,,,,,,,,,,,4198028.1,,,,,,,,,,,,,7751801,,,,,,,,,,,,,,,,
2016-10-13,,,,,,,,,,797.3501,,,,,,,,,,,,,698.05,,,,,,,,,,,,,4287987.22,,,,,,,,,,,,,7687271,,,,,,,,,,,,,,,,
2016-10-14,,,,,,,,,,794.0923,,,,,,,,,,,,,696.77,,,,,,,,,,,,,4271846.96,,,,,,,,,,,,,7597939,,,,,,,,,,,,,,,,
2016-10-15,,,,,,,,,,791.2563,,,,,,,,,,,,,689.18,,,,,,,,,,,,,4264648.8,,,,,,,,,,,,,7517416,,,,,,,,,,,,,,,,
2016-10-16,,,,,526455.23,5623,93.6253298950738,,,788.2663,,,,,,,,,,,,,684.93,,,,,,,,131353.16,1621,81.0321776681061,,,4255275.83,,,,,,,,,,,,,7473237,,,,,,,,,,,,,,,,
2016-10-17,,147.32,,58.89,,,,,,800.1582,,,,,166.18,,53.78,,,,,,682.24,,,,,168.86,,21.37,,,,,,4213423.42,,,,,121.57,,54.26,,,,,,7430478,,,,,,,,,,,,,,,,
2016-10-18,,,,,,,,,,796.8927,,,,,,,,,,,,,672.98,,,,,,,,,,,,,4185678.32,,,,,,,,,,,,,7452887,,,,,,,,,,,,,,,,
2016-10-19,,,,,,,,,,796.7667,,,,,,,,,,,,,667.26,,,,,,,,,,,,,4183987.48,,,,,,,,,,,,,7431637,,,,,,,,,,,,,,,,
2016-10-20,,,,,,,,,,805.9448,,,,,,,,,,,,,663.98,,,,,,,,,,,,,4008325.31,,,,,,,,,,,,,7426853,,,,,,,,,,,,,,,,
2016-10-21,,,,,,,,,,802.8378,,,,,,,,,,,,,663.72,,,,,,,,,,,,,3983548.18,,,,,,,,,,,,,7514774,,,,,,,,,,,,,,,,
2016-10-22,,,,,,,,,,798.6602,,,,,,,,,,,,,659.76,,,,,,,,,,,,,3975219.74,,,,,,,,,,,,,7483694,,,,,,,,,,,,,,,,
2016-10-23,,,,,560866.84,6079,92.26301036354664,,,795.5217,,,,,,,,,,,,,657.37,,,,,,,,131454.86,1624,80.94511083743842,,,3968962.3,,,,,,,,,,,,,7458092,,,,,,,,,,,,,,,,
2016-10-24,,148.87,,57.18,,,,,,796.4055,,,,,167.22,,51.99,,,,,,654.01,,,,,173.3,,21.71,,,,,,3951827.32,,,,,122.14,,52.15,,,,,,7449330,,,,,,,,,,,,,,,,
2016-10-25,,,,,,,,,,791.7244,,,,,,,,,,,,,655.46,,,,,,,,,,,,,3927380.09,,,,,,,,,,,,,7518560,,,,,,,,,,,,,,,,
2016-10-26,,,,,,,,,,791.1736,,,,,,,,,,,,,653.99,,,,,,,,,,,,,,,,,,,,,,,,,,7502131,,,,,,,,,,,,,,,,
2016-10-27,,,,,,,,,,795.6632,,,,,,,,,,,,,652.4,,,,,,,,,,,,,3905836.5,,,,,,,,,,,,,7528666,,,,,,,,,,,,,,,,
2016-10-28,,,,,,,,,,792.2472,,,,,,,,,,,,,647.66,,,,,,,,,,,,,3880284.98,,,,,,,,,,,,,7620459,,,,,,,,,,,,,,,,
2016-10-29,,,,,,,,,,783.3512,,,,,,,,,,,,,643.89,,,,,,,,,,,,,3870945.3,,,,,,,,,,,,,7569403,,,,,,,,,,,,,,,,
2016-10-30,,,,,541656.15,5871,92.25960654062341,,,776.0164,,,,,,,,,,,,,640.03,,,,,,,,160965.2,1876,85.80234541577825,,,3846708.87,,,,,,,,,,,,,7464411,,,,,,,,,,,,,,,,
2016-10-31,824,156.53,90.29,62.15,,,,192.8,1.6,777.9771,161193.72,0,10.1325,581.4,172.4,101.17,52.52,,,,250.6,1.7,635.26,380766,43.4303,31.1191,834.7,172.53,67.58,28.06,,,,186.7,1.52,3811391.13,,0,0,616.5,123.54,166.27,58.08,97.98,,,181.5,2.11,7531468,81.38,320.8448,15.7772,,,,,3.25,,,,110.20000000000002,2.095947,-0.120073,2.8,0.1
2016-11-01,,,,,,,,,,783.7237,,,,,,,,,,,,,634.27,,,,,,,,,,,,,3816238.64,,,,,,,,,,,,,7501705,,,,,,,,,,,,,,,,
2016-11-02,,,,,,,,,,782.3928,,,,,,,,,,,,,632.85,,,,,,,,,,,,,3820006,,,,,,,,,,,,,7483556,,,,,,,,,,,,,,,,
2016-11-03,,,,,,,,,,788.8199,,,,,,,,,,,,,632.92,,,,,,,,,,,,,3819207.85,,,,,,,,,,,,,7536228,,,,,,,,,,,,,,,,
2016-11-04,,,,,,,,,,791.13,,,,,,,,,,,,,631.74,,,,,,,,,,,,,3831136.71,,,,,,,,,,,,,7527588,,,,,,,,,,,,,,,,
2016-11-05,,,,,,,,,,787.7724,,,,,,,,,,,,,629.73,,,,,,,,,,,,,,,,,,,,,,,,,,7471201,,,,,,,,,,,,,,,,
2016-11-06,,,,,466818.41,4870,95.8559363449692,,,785.5695,,,,,,,,,,,,,627.09,,,,,,,,167185.81,1948,85.82433778234086,,,3789044,,,,,,,,,,,,,7421770,,,,,,,,,,,,,,,,
2016-11-07,,157.49,,49.11,,,,,,784.2446,,,,,171.45,,50.11,,,,,,626.64,,,,,172.7,,30.67,,,,,,,,,,,123.52,,56.42,,,,,,7393077,,,,,,,,,,,,,,,,
2016-11-08,,,,,,,,,,786.0192,,,,,,,,,,,,,626.75,,,,,,,,,,,,,,,,,,,,,,,,,,7359642,,,,,,,,,,,,,,,,
2016-11-09,,,,,,,,,,790.5916,,,,,,,,,,,,,624.41,,,,,,,,,,,,,3704082.98,,,,,,,,,,,,,7338229,,,,,,,,,,,,,,,,
2016-11-10,,,,,,,,,,789.5009,,,,,,,,,,,,,626.38,,,,,,,,,,,,,,,,,,,,,,,,,,7292090,,,,,,,,,,,,,,,,
2016-11-11,,,,,,,,,,788.3595,,,,,,,,,,,,,626.45,,,,,,,,,,,,,3695160.33,,,,,,,,,,,,,7434182,,,,,,,,,,,,,,,,
2016-11-12,,,,,,,,,,783.8604,,,,,,,,,,,,,624.58,,,,,,,,,,,,,3689211.56,,,,,,,,,,,,,7393392,,,,,,,,,,,,,,,,
2016-11-13,,,,,433426.76,4532,95.63697263901147,,,782.0557,,,,,,,,,,,,,625.01,,,,,,,,43260.29,500,86.52058,,,3682389.87,,,,,,,,,,,,,7366104,,,,,,,,,,,,,,,,
2016-11-14,,158.27,,51.98,,,,,,777.9525,,,,,171.51,,51.47,,,,,,625.29,,,,,171.61,,26.4,,,,,,3662678.99,,,,,123.21,,48.86,,,,,,7379649,,,,,,,,,,,,,,,,
2016-11-15,,,,,,,,,,777.3363,,,,,,,,,,,,,623.73,,,,,,,,,,,,,3688939.44,,,,,,,,,,,,,7361902,,,,,,,,,,,,,,,,
2016-11-16,,,,,,,,,,771.3383,,,,,,,,,,,,,621.3,,,,,,,,,,,,,3674715.35,,,,,,,,,,,,,7312198,,,,,,,,,,,,,,,,
2016-11-17,,,,,,,,,,773.8273,,,,,,,,,,,,,620.28,,,,,,,,,,,,,3664123.45,,,,,,,,,,,,,7380046,,,,,,,,,,,,,,,,
2016-11-18,,,,,,,,,,770.9494,,,,,,,,,,,,,620.44,,,,,,,,,,,,,3693929.65,,,,,,,,,,,,,7461336,,,,,,,,,,,,,,,,
2016-11-19,,,,,,,,,,767.2532,,,,,,,,,,,,,621.22,,,,,,,,,,,,,3688111.04,,,,,,,,,,,,,7419050,,,,,,,,,,,,,,,,
2016-11-20,,,,,413265.66,4376,94.43913619744059,,,766.0297,,,,,,,,,,,,,619.57,,,,,,,,95238.62,1105,86.1887963800905,,,3683550.64,,,,,,,,,,,,,7384299,,,,,,,,,,,,,,,,
2016-11-21,,158.87,,50,,,,,,780.7259,,,,,172.27,,48.14,,,,,,617.67,,,,,171.32,,28.02,,,,,,3687378.63,,,,,124.66,,53.55,,,,,,7365728,,,,,,,,,,,,,,,,
2016-11-22,,,,,,,,,,778.8655,,,,,,,,,,,,,615.16,,,,,,,,,,,,,3682714.03,,,,,,,,,,,,,7459127,,,,,,,,,,,,,,,,
2016-11-23,,,,,,,,,,780.7172,,,,,,,,,,,,,618.23,,,,,,,,,,,,,3666545.4,,,,,,,,,,,,,7574232,,,,,,,,,,,,,,,,
2016-11-24,,,,,,,,,,775.7425,,,,,,,,,,,,,616.53,,,,,,,,,,,,,3850099.4,,,,,,,,,,,,,7557805,,,,,,,,,,,,,,,,
2016-11-25,,,,,,,,,,778.5786,,,,,,,,,,,,,618.58,,,,,,,,,,,,,3873514.47,,,,,,,,,,,,,7741968,,,,,,,,,,,,,,,,
2016-11-26,,,,,,,,,,777.149,,,,,,,,,,,,,635.15,,,,,,,,,,,,,3868761.01,,,,,,,,,,,,,7677929,,,,,,,,,,,,,,,,
2016-11-27,,,,,400051.75,4050,98.77820987654322,,,767.7577,,,,,,,,,,,,,632.98,,,,,,,,87572.06,1026,85.35288499025341,,,3827575.73,,,,,,,,,,,,,7624801,,,,,,,,,,,,,,,,
2016-11-28,,163.56,,47.84,,,,,,770.4765,,,,,174.97,,49.11,,,,,,632.24,,,,,175.14,,34.21,,,,,,3832011.03,,,,,125.65,,54.63,,,,,,7580504,,,,,,,,,,,,,,,,
2016-11-29,,,,,,,,,,768.2472,,,,,,,,,,,,,631.59,,,,,,,,,,,,,3858779.63,,,,,,,,,,,,,7618750,,,,,,,,,,,,,,,,
2016-11-30,838,,59.72,,,,,190.2,1.55,771.5133,286528.51,33.659,27.4385,589.9,,103.91,,,,,241.2,1.62,633.75,600889.32,124.0035,73.3695,803.6,,62.88,,,,,181.5,1.53,3843770.44,332672.36,34.2001,0,618.3,,171.37,,119.56,,,177.2,2.11,7692238,120.85,116.6052,300.0254,,,,,3.25,,,,111.5,2.252258,0.144379,2.9,0.1
2016-12-01,,,,,,,,,,798.5044,,,,,,,,,,,,,633.12,,,,,,,,,,,,,3771384.87,,,,,,,,,,,,,7678677,,,,,,,,,,,,,,,,
2016-12-02,,,,,,,,,,793.351,,,,,,,,,,,,,628.56,,,,,,,,,,,,,3776227.65,,,,,,,,,,,,,7676863,,,,,,,,,,,,,,,,
2016-12-03,,,,,,,,,,,,,,,,,,,,,,,632.2,,,,,,,,,,,,,3797726.5,,,,,,,,,,,,,7620519,,,,,,,,,,,,,,,,
2016-12-04,,,,,410837.57,4282,95.94525221858945,,,782.1752,,,,,,,,,,,,,631.16,,,,,,,,76836.11,885,86.82046327683616,,,3796335.54,,,,,,,,,,,,,7585200,,,,,,,,,,,,,,,,
2016-12-05,,165.61,,48.55,,,,,,779.2539,,,,,175.6,,42.22,,,,,,630.27,,,,,173,,29.5,,,,,,3795466.2,,,,,126.79,,59.2,,,,,,7545088,,,,,,,,,,,,,,,,
2016-12-06,,,,,,,,,,774.2628,,,,,,,,,,,,,636.22,,,,,,,,,,,,,3787514.19,,,,,,,,,,,,,7518201,,,,,,,,,,,,,,,,
2016-12-07,,,,,,,,,,790.0231,,,,,,,,,,,,,638.2,,,,,,,,,,,,,3780504.59,,,,,,,,,,,,,7507578,,,,,,,,,,,,,,,,
2016-12-08,,,,,,,,,,789.0601,,,,,,,,,,,,,636.91,,,,,,,,,,,,,3762952.41,,,,,,,,,,,,,7491006,,,,,,,,,,,,,,,,
2016-12-09,,,,,,,,,,786.2613,,,,,,,,,,,,,637.8,,,,,,,,,,,,,3755455.93,,,,,,,,,,,,,7461605,,,,,,,,,,,,,,,,
2016-12-10,,,,,,,,,,782.0266,,,,,,,,,,,,,638.49,,,,,,,,,,,,,3750372.52,,,,,,,,,,,,,7403825,,,,,,,,,,,,,,,,
2016-12-11,,,,,346485.7,3656,94.77179978118161,,,775.5074,,,,,,,,,,,,,636.25,,,,,,,,84980.06,852,99.74185446009389,,,3708629.87,,,,,,,,,,,,,7366378,,,,,,,,,,,,,,,,
2016-12-12,,165.13,,53.14,,,,,,772.7969,,,,,175.4,,43.21,,,,,,629.58,,,,,162.28,,32.51,,,,,,3704502.23,,,,,127.88,,60.37,,,,,,7341341,,,,,,,,,,,,,,,,
2016-12-13,,,,,,,,,,765.0449,,,,,,,,,,,,,635.24,,,,,,,,,,,,,,,,,,,,,,,,,,7317578,,,,,,,,,,,,,,,,
2016-12-14,,,,,,,,,,760.263,,,,,,,,,,,,,645.35,,,,,,,,,,,,,3687546.82,,,,,,,,,,,,,7279277,,,,,,,,,,,,,,,,
2016-12-15,,,,,,,,,,764.5639,,,,,,,,,,,,,643.81,,,,,,,,,,,,,3679535.91,,,,,,,,,,,,,7262979,,,,,,,,,,,,,,,,
2016-12-16,,,,,,,,,,765.0017,,,,,,,,,,,,,,,,,,,,,,,,,,3656195.95,,,,,,,,,,,,,7419552,,,,,,,,,,,,,,,,
2016-12-17,,,,,,,,,,761.5983,,,,,,,,,,,,,645.28,,,,,,,,,,,,,3650996.72,,,,,,,,,,,,,7372035,,,,,,,,,,,,,,,,
2016-12-18,,,,,407335.19,4257,95.68597369039229,,,758.4505,,,,,,,,,,,,,644.44,,,,,,,,61298.15,694,88.32586455331412,,,3647301.1,,,,,,,,,,,,,7340769,,,,,,,,,,,,,,,,
2016-12-19,,165.94,,53.57,,,,,,753.3621,,,,,175.51,,40.43,,,,,,645.96,,,,,168.31,,32.63,,,,,,3675375.91,,,,,129.42,,57.34,,,,,,7325541,,,,,,,,,,,,,,,,
2016-12-20,,,,,,,,,,750.8251,,,,,,,,,,,,,648.9,,,,,,,,,,,,,3709718.58,,,,,,,,,,,,,7319725,,,,,,,,,,,,,,,,
2016-12-21,,,,,,,,,,747.7162,,,,,,,,,,,,,653.24,,,,,,,,,,,,,3698814.74,,,,,,,,,,,,,7314028,,,,,,,,,,,,,,,,
2016-12-22,,,,,,,,,,,,,,,,,,,,,,,653.28,,,,,,,,,,,,,3649723.35,,,,,,,,,,,,,7419622,,,,,,,,,,,,,,,,
2016-12-23,,,,,,,,,,731.1243,,,,,,,,,,,,,652.63,,,,,,,,,,,,,3681715.11,,,,,,,,,,,,,7472959,,,,,,,,,,,,,,,,
2016-12-24,,,,,,,,,,725.8108,,,,,,,,,,,,,651.04,,,,,,,,,,,,,3679077.79,,,,,,,,,,,,,7423470,,,,,,,,,,,,,,,,
2016-12-25,,,,,295996.94,3432,86.24619463869463,,,723.312,,,,,,,,,,,,,649.88,,,,,,,,79425.16,869,91.39834292289989,,,3675241.57,,,,,,,,,,,,,7390280,,,,,,,,,,,,,,,,
2016-12-26,,167.27,,52.51,,,,,,726.3898,,,,,176.39,,43.62,,,,,,648.01,,,,,166.14,,29.6,,,,,,3666077.93,,,,,130.04,,59.09,,,,,,7445662,,,,,,,,,,,,,,,,
2016-12-27,,,,,,,,,,731.6012,,,,,,,,,,,,,650.51,,,,,,,,,,,,,3633611.81,,,,,,,,,,,,,7418894,,,,,,,,,,,,,,,,
2016-12-28,,,,,,,,,,727.8474,,,,,,,,,,,,,652.65,,,,,,,,,,,,,3626819.57,,,,,,,,,,,,,7430419,,,,,,,,,,,,,,,,
2016-12-29,,,,,,,,,,721.9161,,,,,,,,,,,,,649.24,,,,,,,,,,,,,3626169.74,,,,,,,,,,,,,7401958,,,,,,,,,,,,,,,,
2016-12-30,,,,,,,,,,721.0307,,,,,,,,,,,,,655.97,,,,,,,,,,,,,3810780.5,,,,,,,,,,,,,7388098,,,,,,,,,,,,,,,,
2016-12-31,851,,64.13,,,,,189.9,1.52,716.6847,269540.76,43.4393,77.3584,598.5,,89.84,,,,,240.5,1.59,661.09,2201126.81,151.1609,114.6649,792.8,,59.32,,,,,176.2,1.51,3806512,339723.38,0,22.4211,633.4,,158.02,,107.41,,,175.5,2.04,7335333,87.81,0,0,8.9,9.1,8.4,8.4,3.25,4.52,109.6,108.3,111.5,2.076545,0.224006,2.9,0
2017-01-01,,,,,466302.92,5310,87.81599246704332,,,681.5838,,,,,,,,,,,,,662.66,,,,,,,,77438.4,897,86.33043478260869,,,3805147.07,,,,,,,,,,,,,7316412,,,,,,,,,,,,,,,,
2017-01-02,,166.77,,52.51,,,,,,676.5391,,,,,177.47,,44.98,,,,,,661.89,,,,,165.78,,31.41,,,,,,3790292.21,,,,,129.66,,54.62,,,,,,7304005,,,,,,,,,,,,,,,,
2017-01-03,,,,,,,,,,676.9203,,,,,,,,,,,,,661.77,,,,,,,,,,,,,3774654.81,,,,,,,,,,,,,7304730,,,,,,,,,,,,,,,,
2017-01-04,,,,,,,,,,681.9571,,,,,,,,,,,,,659.67,,,,,,,,,,,,,,,,,,,,,,,,,,7196758,,,,,,,,,,,,,,,,
2017-01-05,,,,,,,,,,681.1396,,,,,,,,,,,,,659.04,,,,,,,,,,,,,3751928.26,,,,,,,,,,,,,7164041,,,,,,,,,,,,,,,,
2017-01-06,,,,,,,,,,676.2377,,,,,,,,,,,,,659.26,,,,,,,,,,,,,3729006.43,,,,,,,,,,,,,7226852,,,,,,,,,,,,,,,,
2017-01-07,,,,,,,,,,669.9109,,,,,,,,,,,,,657.83,,,,,,,,,,,,,3711084.09,,,,,,,,,,,,,7193336,,,,,,,,,,,,,,,,
2017-01-08,,,,,265723.14,2903,91.53397864278332,,,666.9637,,,,,,,,,,,,,656.65,,,,,,,,45474.24,513,88.64374269005847,,,3708977.05,,,,,,,,,,,,,7164233,,,,,,,,,,,,,,,,
2017-01-09,,168.05,,52.31,,,,,,668.1064,,,,,176.77,,40.95,,,,,,654.97,,,,,169.76,,35.16,,,,,,3767490.92,,,,,130.37,,62.1,,,,,,7182761,,,,,,,,,,,,,,,,
2017-01-10,,,,,,,,,,665.1943,,,,,,,,,,,,,655.97,,,,,,,,,,,,,3759580.12,,,,,,,,,,,,,7141939,,,,,,,,,,,,,,,,
2017-01-11,,,,,,,,,,655.7968,,,,,,,,,,,,,654.83,,,,,,,,,,,,,3765448.04,,,,,,,,,,,,,7135316,,,,,,,,,,,,,,,,
2017-01-12,,,,,,,,,,666.6979,,,,,,,,,,,,,654.35,,,,,,,,,,,,,3754262.7,,,,,,,,,,,,,7190824,,,,,,,,,,,,,,,,
2017-01-13,,,,,,,,,,669.2743,,,,,,,,,,,,,652.94,,,,,,,,,,,,,3747999.08,,,,,,,,,,,,,7177004,,,,,,,,,,,,,,,,
2017-01-14,,,,,,,,,,667.6282,,,,,,,,,,,,,663.33,,,,,,,,,,,,,3742949.67,,,,,,,,,,,,,7132998,,,,,,,,,,,,,,,,
2017-01-15,,,,,294170.98,3137,93.77461906279885,,,665.9696,,,,,,,,,,,,,661.58,,,,,,,,92558.03,965,95.91505699481866,,,3742382.97,,,,,,,,,,,,,7098347,,,,,,,,,,,,,,,,
2017-01-16,,168.1,,52.38,,,,,,663.0193,,,,,175.65,,46.19,,,,,,660.45,,,,,171.69,,31.36,,,,,,3740442.53,,,,,131.21,,51.44,,,,,,7090205,,,,,,,,,,,,,,,,
2017-01-17,,,,,,,,,,683.4486,,,,,,,,,,,,,665.82,,,,,,,,,,,,,3796137.71,,,,,,,,,,,,,7086661,,,,,,,,,,,,,,,,
2017-01-18,,,,,,,,,,681.2,,,,,,,,,,,,,664.56,,,,,,,,,,,,,3787444.48,,,,,,,,,,,,,7056757,,,,,,,,,,,,,,,,
2017-01-19,,,,,,,,,,683.0173,,,,,,,,,,,,,665.95,,,,,,,,,,,,,3783295.24,,,,,,,,,,,,,7054629,,,,,,,,,,,,,,,,
2017-01-20,,,,,,,,,,,,,,,,,,,,,,,663.15,,,,,,,,,,,,,3723389.88,,,,,,,,,,,,,7078255,,,,,,,,,,,,,,,,
2017-01-21,,,,,,,,,,,,,,,,,,,,,,,660.64,,,,,,,,,,,,,3708426.33,,,,,,,,,,,,,7048396,,,,,,,,,,,,,,,,
2017-01-22,,,,,281960.07,3080,91.54547727272727,,,,,,,,,,,,,,,,659.61,,,,,,,,76247.21,911,83.69616904500549,,,3704409.81,,,,,,,,,,,,,7048790,,,,,,,,,,,,,,,,
2017-01-23,,169.29,,65.29,,,,,,682.1759,,,,,175.17,,47.37,,,,,,658.19,,,,,167.27,,33.69,,,,,,3704409.81,,,,,131.01,,68.39,,,,,,7033632,,,,,,,,,,,,,,,,
2017-01-24,,,,,,,,,,680.9809,,,,,,,,,,,,,661.65,,,,,,,,,,,,,3703825.92,,,,,,,,,,,,,7016727,,,,,,,,,,,,,,,,
2017-01-25,,,,,,,,,,680.9834,,,,,,,,,,,,,664.06,,,,,,,,,,,,,3703825.92,,,,,,,,,,,,,7013192,,,,,,,,,,,,,,,,
2017-01-26,,,,,,,,,,680.7627,,,,,,,,,,,,,668.15,,,,,,,,,,,,,3703825.92,,,,,,,,,,,,,7003851.9759,,,,,,,,,,,,,,,,
2017-01-27,,,,,,,,,,,,,,,,,,,,,,,668.07,,,,,,,,,,,,,3703825.92,,,,,,,,,,,,,7002580,,,,,,,,,,,,,,,,
2017-01-28,,,,,,,,,,,,,,,,,,,,,,,667.97,,,,,,,,,,,,,3703213.62,,,,,,,,,,,,,,,,,,,,,,,,,,,,,
2017-01-29,,,,,149385.06,1603,93.19092950717405,,,,,,,,,,,,,,,,668.92,,,,,,,,20407.28,231,88.34320346320347,,,3703213.62,,,,,,,,,,,,,7002290,,,,,,,,,,,,,,,,
2017-01-30,,173.82,,60,,,,,,,,,,,178.34,,46.88,,,,,,669,,,,,168.17,,59.3,,,,,,3703213.62,,,,,130.95,,29.73,,,,,,7002088.3959,,,,,,,,,,,,,,,,
2017-01-31,865,,65.35,,,,,189.9,1.5,,285320.96,23.4871,43.4393,602,,65.79,,,,,236.7,1.55,668.99,448438.66,45.2016,50.8045,795.6,,36.99,,,,,179,1.53,3703213.62,124934.11,0,0,651.2,,123.92,,137.34,,,173.9,1.97,7001449,50.89,0,42.0195,,,,,3.25,,109.2,110.4,112.4,2.549055,0.9984,3,0
2017-02-01,,,,,,,,,,,,,,,,,,,,,,,669.25,,,,,,,,,,,,,3696770.1,,,,,,,,,,,,,7001159,,,,,,,,,,,,,,,,
2017-02-02,,,,,,,,,,,,,,,,,,,,,,,669.59,,,,,,,,,,,,,,,,,,,,,,,,,,6999855,,,,,,,,,,,,,,,,
2017-02-03,,,,,,,,,,669.707,,,,,,,,,,,,,669.78,,,,,,,,,,,,,,,,,,,,,,,,,,6997159,,,,,,,,,,,,,,,,
2017-02-04,,,,,,,,,,669.4829,,,,,,,,,,,,,669.53,,,,,,,,,,,,,3688553.57,,,,,,,,,,,,,6988787,,,,,,,,,,,,,,,,
2017-02-05,,,,,62993.02,679,92.77322533136966,,,668.5131,,,,,,,,,,,,,668.83,,,,,,,,3509.1,42,83.55,,,3688471.84,,,,,,,,,,,,,6974706,,,,,,,,,,,,,,,,
2017-02-06,,173.77,,64,,,,,,676.3763,,,,,179.77,,52.21,,,,,,667.65,,,,,172.76,,62.26,,,,,,3688094.07,,,,,131.5,,67.65,,,,,,6958328,,,,,,,,,,,,,,,,
2017-02-07,,,,,,,,,,674.534,,,,,,,,,,,,,665.93,,,,,,,,,,,,,3682106.5,,,,,,,,,,,,,6940685,,,,,,,,,,,,,,,,
2017-02-08,,,,,,,,,,670.612,,,,,,,,,,,,,664.24,,,,,,,,,,,,,3674917.06,,,,,,,,,,,,,6918835,,,,,,,,,,,,,,,,
2017-02-09,,,,,,,,,,669.5069,,,,,,,,,,,,,662.73,,,,,,,,,,,,,3669490.85,,,,,,,,,,,,,6887526,,,,,,,,,,,,,,,,
2017-02-10,,,,,,,,,,668.8717,,,,,,,,,,,,,661.52,,,,,,,,,,,,,3664729.55,,,,,,,,,,,,,6823450,,,,,,,,,,,,,,,,
2017-02-11,,,,,,,,,,663.4236,,,,,,,,,,,,,664.64,,,,,,,,,,,,,3662812.12,,,,,,,,,,,,,6800551,,,,,,,,,,,,,,,,
2017-02-12,,,,,339339.14,3842,88.32356585111921,,,,,,,,,,,,,,,,663.01,,,,,,,,33302.15,398,83.67374371859296,,,3617344.66,,,,,,,,,,,,,6783079,,,,,,,,,,,,,,,,
2017-02-13,,174.24,,67.52,,,,,,662.5075,,,,,179.98,,55.7,,,,,,662.01,,,,,181.18,,34.18,,,,,,3610814.71,,,,,133.89,,68.84,,,,,,6769071,,,,,,,,,,,,,,,,
2017-02-14,,,,,,,,,,659.6439,,,,,,,,,,,,,661.91,,,,,,,,,,,,,3617317.53,,,,,,,,,,,,,6743021,,,,,,,,,,,,,,,,
2017-02-15,,,,,,,,,,662.0712,,,,,,,,,,,,,662.53,,,,,,,,,,,,,3610584.92,,,,,,,,,,,,,6730672,,,,,,,,,,,,,,,,
2017-02-16,,,,,,,,,,661.3808,,,,,,,,,,,,,662.4,,,,,,,,,,,,,3584267,,,,,,,,,,,,,6740983,,,,,,,,,,,,,,,,
2017-02-17,,,,,,,,,,659.5299,,,,,,,,,,,,,661.51,,,,,,,,,,,,,3603524,,,,,,,,,,,,,6730489.6827,,,,,,,,,,,,,,,,
2017-02-18,,,,,,,,,,658.4408,,,,,,,,,,,,,656.37,,,,,,,,,,,,,3597670.47,,,,,,,,,,,,,6705735.1841,,,,,,,,,,,,,,,,
2017-02-19,,,,,257038.67,2813,91.37528261642375,,,656.034,,,,,,,,,,,,,654.74,,,,,,,,59773.95,704,84.90617897727273,,,3594682.96,,,,,,,,,,,,,6680201.7306,,,,,,,,,,,,,,,,
2017-02-20,,175.14,,64.17,,,,,,658.9064,,,,,179.82,,47.57,,,,,,653.3,,,,,183.69,,36.29,,,,,,3632973.15,,,,,136.31,,68.44,,,,,,6663944.7276,,,,,,,,,,,,,,,,
2017-02-21,,,,,,,,,,658.3196,,,,,,,,,,,,,652.29,,,,,,,,,,,,,3629081.86,,,,,,,,,,,,,6638151.132,,,,,,,,,,,,,,,,
2017-02-22,,,,,,,,,,656.449,,,,,,,,,,,,,653.04,,,,,,,,,,,,,3626704.6,,,,,,,,,,,,,6611993,,,,,,,,,,,,,,,,
2017-02-23,,,,,,,,,,656.5121,,,,,,,,,,,,,651.53,,,,,,,,,,,,,3591600.3,,,,,,,,,,,,,6587894,,,,,,,,,,,,,,,,
2017-02-24,,,,,,,,,,653.8181,,,,,,,,,,,,,659.15,,,,,,,,,,,,,3586816.48,,,,,,,,,,,,,6601038,,,,,,,,,,,,,,,,
2017-02-25,,,,,,,,,,649.2122,,,,,,,,,,,,,655.05,,,,,,,,,,,,,3586112.33,,,,,,,,,,,,,6554596,,,,,,,,,,,,,,,,
2017-02-26,,,,,285357.05,3080,92.64839285714285,,,647.1322,,,,,,,,,,,,,653.41,,,,,,,,65257.48,774,84.31198966408269,,,3585573.8,,,,,,,,,,,,,6505975,,,,,,,,,,,,,,,,
2017-02-27,,182.1,,73.72,,,,,,650.822,,,,,180.96,,43.6,,,,,,651.19,,,,,177.61,,37.17,,,,,,3582772.11,,,,,137.7,,66.28,,,,,,6526142,,,,,,,,,,,,,,,,
2017-02-28,884,,83.42,,,,,192.2,1.49,645.534,106193.78,23.721,23.4871,602.1,,95.77,,,,,242,1.59,647.97,418760,0,97.7317,801.5,,59.94,,,,,181,1.53,3569394.37,,0,0,671.5,,177.17,,72.61,,,174.9,1.92,6595045,7.46,125.0046,0,,,,,3.25,,112.9,113.4,116.19999999999999,0.8,-0.1679,3.3,0.6
2017-03-01,,,,,,,,,,643.2917,,,,,,,,,,,,,647.16,,,,,,,,,,,,,3557210.73,,,,,,,,,,,,,6602368,,,,,,,,,,,,,,,,
2017-03-02,,,,,,,,,,647.7339,,,,,,,,,,,,,649.8,,,,,,,,,,,,,3554268.77,,,,,,,,,,,,,6612794,,,,,,,,,,,,,,,,
2017-03-03,,,,,,,,,,649.3751,,,,,,,,,,,,,653.46,,,,,,,,,,,,,3530868.72,,,,,,,,,,,,,6605252,,,,,,,,,,,,,,,,
2017-03-04,,,,,,,,,,648.4779,,,,,,,,,,,,,654.24,,,,,,,,,,,,,3528082.86,,,,,,,,,,,,,6555529,,,,,,,,,,,,,,,,
2017-03-05,,,,,350596.64,3896,89.9888706365503,,,645.0184,,,,,,,,,,,,,653.82,,,,,,,,69587.06,794,87.64113350125945,,,3525660.66,,,,,,,,,,,,,6526555,,,,,,,,,,,,,,,,
2017-03-06,,182.53,,77.42,,,,,,643.2828,,,,,180.83,,39.51,,,,,,655.14,,,,,175.62,,41.32,,,,,,3525914.92,,,,,139.02,,63.46,,,,,,6475205,,,,,,,,,,,,,,,,
2017-03-07,,,,,,,,,,642.4468,,,,,,,,,,,,,655.36,,,,,,,,,,,,,3521451.01,,,,,,,,,,,,,6414138,,,,,,,,,,,,,,,,
2017-03-08,,,,,,,,,,636.2388,,,,,,,,,,,,,657.96,,,,,,,,,,,,,3519364.71,,,,,,,,,,,,,6394114,,,,,,,,,,,,,,,,
2017-03-09,,,,,,,,,,632.8565,,,,,,,,,,,,,653.69,,,,,,,,,,,,,3514579.03,,,,,,,,,,,,,6374941,,,,,,,,,,,,,,,,
2017-03-10,,,,,,,,,,636.1626,,,,,,,,,,,,,650.87,,,,,,,,,,,,,3537648.09,,,,,,,,,,,,,6335387,,,,,,,,,,,,,,,,
2017-03-11,,,,,,,,,,634.774,,,,,,,,,,,,,647.71,,,,,,,,,,,,,3534418.21,,,,,,,,,,,,,6279856,,,,,,,,,,,,,,,,
2017-03-12,,,,,366929.6,4255,86.23492361927144,,,632.5095,,,,,,,,,,,,,645.51,,,,,,,,76850.71,881,87.23122587968219,,,3532195.06,,,,,,,,,,,,,6242220,,,,,,,,,,,,,,,,
2017-03-13,,183.48,,77.64,,,,,,632.4647,,,,,180.78,,43.55,,,,,,645.06,,,,,173.58,,38.65,,,,,,3588336.77,,,,,141.56,,73.88,,,,,,6190949,,,,,,,,,,,,,,,,
2017-03-14,,,,,,,,,,630.7132,,,,,,,,,,,,,650.78,,,,,,,,,,,,,3585231.31,,,,,,,,,,,,,6213605,,,,,,,,,,,,,,,,
2017-03-15,,,,,,,,,,629.4475,,,,,,,,,,,,,650.61,,,,,,,,,,,,,3580603.19,,,,,,,,,,,,,6109674,,,,,,,,,,,,,,,,
2017-03-16,,,,,,,,,,643.773,,,,,,,,,,,,,651.73,,,,,,,,,,,,,3576285,,,,,,,,,,,,,6086108,,,,,,,,,,,,,,,,
2017-03-17,,,,,,,,,,644.9228,,,,,,,,,,,,,650.27,,,,,,,,,,,,,3569442.01,,,,,,,,,,,,,6138472,,,,,,,,,,,,,,,,
2017-03-18,,,,,,,,,,642.9697,,,,,,,,,,,,,647.83,,,,,,,,,,,,,3565974.76,,,,,,,,,,,,,6135569,,,,,,,,,,,,,,,,
2017-03-19,,,,,570941.53,6676,85.52149940083882,,,639.9588,,,,,,,,,,,,,645.51,,,,,,,,89510.18,1030,86.90308737864078,,,3564292.26,,,,,,,,,,,,,6085887,,,,,,,,,,,,,,,,
2017-03-20,,184.97,,87.89,,,,,,651.3185,,,,,180.88,,45.01,,,,,,643.33,,,,,172.77,,42.52,,,,,,3561076.73,,,,,142.95,,81.26,,,,,,6053305,,,,,,,,,,,,,,,,
2017-03-21,,,,,,,,,,644.531,,,,,,,,,,,,,641,,,,,,,,,,,,,3571204.5,,,,,,,,,,,,,6034612,,,,,,,,,,,,,,,,
2017-03-22,,,,,,,,,,646.6917,,,,,,,,,,,,,639,,,,,,,,,,,,,3569938.33,,,,,,,,,,,,,6015443,,,,,,,,,,,,,,,,
2017-03-23,,,,,,,,,,643.1016,,,,,,,,,,,,,643.16,,,,,,,,,,,,,3564396.53,,,,,,,,,,,,,6050308,,,,,,,,,,,,,,,,
2017-03-24,,,,,,,,,,647.4192,,,,,,,,,,,,,641,,,,,,,,,,,,,3570186.28,,,,,,,,,,,,,6152365,,,,,,,,,,,,,,,,
2017-03-25,,,,,,,,,,646.1646,,,,,,,,,,,,,638.18,,,,,,,,,,,,,3631561.34,,,,,,,,,,,,,6080552,,,,,,,,,,,,,,,,
2017-03-26,,,,,448784.98,5148,87.17656954156955,,,641.0153,,,,,,,,,,,,,635.88,,,,,,,,96903.14,1180,82.12130508474576,,,3630310.24,,,,,,,,,,,,,6015386,,,,,,,,,,,,,,,,
2017-03-27,,190.43,,74.32,,,,,,652.1428,,,,,181.9,,44.44,,,,,,632.26,,,,,173.83,,41.54,,,,,,3626035.81,,,,,145.06,,69.08,,,,,,6074873,,,,,,,,,,,,,,,,
2017-03-28,,,,,,,,,,652.2923,,,,,,,,,,,,,633.21,,,,,,,,,,,,,3702107.69,,,,,,,,,,,,,6120774,,,,,,,,,,,,,,,,
2017-03-29,,,,,,,,,,652.5432,,,,,,,,,,,,,630.88,,,,,,,,,,,,,3726176.59,,,,,,,,,,,,,6078660,,,,,,,,,,,,,,,,
2017-03-30,,,,,,,,,,653.3901,,,,,,,,,,,,,626.35,,,,,,,,,,,,,3719102.13,,,,,,,,,,,,,6033105,,,,,,,,,,,,,,,,
2017-03-31,934,,102.33,,,,,195.3,1.43,652.0627,169826.86,143.7485,23.721,611.5,,131.84,,,,,240.8,1.56,622.66,477548.28,14.0428,25.0485,810.1,,110.83,,,,,182.7,1.53,3693324.58,153109.81,0,0,715.9,,261.63,,109.33,,,175.1,1.8,6019067,73.35,37.9521,126.2056,8.4,,9,8,3.25,4.55,111.8,110.8,114.20000000000002,0.9,-0.3168,2.8,0.4
2017-04-01,,,,,,,,,,654.2636,,,,,,,,,,,,,621.32,,,,,,,,,,,,,3648789.72,,,,,,,,,,,,,6056409,,,,,,,,,,,,,,,,
2017-04-02,,,,,761474.26,8769,86.83706922111985,,,649.4069,,,,,,,,,,,,,625.32,,,,,,,,124804.841,1524,81.89294028871392,,,3620275.05,,,,,,,,,,,,,6025164,,,,,,,,,,,,,,,,
2017-04-03,,192.27,,62.73,,,,,,649.0682,,,,,181.95,,42.63,,,,,,624.87,,,,,172.8,,41.81,,,,,,3614527.94,,,,,146.48,,66.03,,,,,,6010803,,,,,,,,,,,,,,,,
2017-04-04,,,,,,,,,,647.9251,,,,,,,,,,,,,625.91,,,,,,,,,,,,,3609112.14,,,,,,,,,,,,,6004682,,,,,,,,,,,,,,,,
2017-04-05,,,,,,,,,,,,,,,,,,,,,,,622.59,,,,,,,,,,,,,3623438.74,,,,,,,,,,,,,6012447,,,,,,,,,,,,,,,,
2017-04-06,,,,,,,,,,654.0418,,,,,,,,,,,,,627.62,,,,,,,,,,,,,3634559.84,,,,,,,,,,,,,6114913,,,,,,,,,,,,,,,,
2017-04-07,,,,,,,,,,656.6357,,,,,,,,,,,,,635.59,,,,,,,,,,,,,3627086.89,,,,,,,,,,,,,6127783,,,,,,,,,,,,,,,,
2017-04-08,,,,,,,,,,649.9836,,,,,,,,,,,,,633.88,,,,,,,,,,,,,3623454.21,,,,,,,,,,,,,6087395,,,,,,,,,,,,,,,,
2017-04-09,,,,,236470.37,2609,90.63640091989268,,,647.1888,,,,,,,,,,,,,633.6,,,,,,,,60877.58,748,81.38713903743316,,,3619661.27,,,,,,,,,,,,,6062256,,,,,,,,,,,,,,,,
2017-04-10,,192.95,,53.82,,,,,,649.5846,,,,,182.16,,37.39,,,,,,630.75,,,,,172.57,,44.61,,,,,,3614434.19,,,,,147.37,,72.33,,,,,,6046907.6612,,,,,,,,,,,,,,,,
2017-04-11,,,,,,,,,,647.9678,,,,,,,,,,,,,631.63,,,,,,,,,,,,,3610676.43,,,,,,,,,,,,,6069115.7842,,,,,,,,,,,,,,,,
2017-04-12,,,,,,,,,,646.6096,,,,,,,,,,,,,629.95,,,,,,,,,,,,,3673788.82,,,,,,,,,,,,,6048219.655,,,,,,,,,,,,,,,,
2017-04-13,,,,,,,,,,644.8093,,,,,,,,,,,,,631.79,,,,,,,,,,,,,3663656.46,,,,,,,,,,,,,6085606.7166,,,,,,,,,,,,,,,,
2017-04-14,,,,,,,,,,,,,,,,,,,,,,,630.11,,,,,,,,,,,,,3656680.4,,,,,,,,,,,,,6039092.3778,,,,,,,,,,,,,,,,
2017-04-15,,,,,,,,,,642.1053,,,,,,,,,,,,,625.58,,,,,,,,,,,,,3654623.01,,,,,,,,,,,,,6009046.0348,,,,,,,,,,,,,,,,
2017-04-16,,,,,330241.05,3645,90.60111111111111,,,640.9476,,,,,,,,,,,,,623.07,,,,,,,,137959.25,1689,81.68102427471877,,,3650057.43,,,,,,,,,,,,,5991590.8529,,,,,,,,,,,,,,,,
2017-04-17,,193.78,,38.53,,,,,,640.247,,,,,182.94,,36.25,,,,,,621.26,,,,,186.49,,40.02,,,,,,3662926.11,,,,,149.97,,65.33,,,,,,6091837.5398,,,,,,,,,,,,,,,,
2017-04-18,,,,,,,,,,638.5539,,,,,,,,,,,,,622.03,,,,,,,,,,,,,3653152.48,,,,,,,,,,,,,6124981.0243,,,,,,,,,,,,,,,,
2017-04-19,,,,,,,,,,633.4796,,,,,,,,,,,,,623.05,,,,,,,,,,,,,3634847.17,,,,,,,,,,,,,6130179.1566,,,,,,,,,,,,,,,,
2017-04-20,,,,,,,,,,630.0817,,,,,,,,,,,,,631.24,,,,,,,,,,,,,3629372.99,,,,,,,,,,,,,6115820.4089,,,,,,,,,,,,,,,,
2017-04-21,,,,,,,,,,628.6703,,,,,,,,,,,,,628.83,,,,,,,,,,,,,3625460.01,,,,,,,,,,,,,6322504.7849,,,,,,,,,,,,,,,,
2017-04-22,,,,,,,,,,627.5026,,,,,,,,,,,,,626.36,,,,,,,,,,,,,3622254.22,,,,,,,,,,,,,6283175.5724,,,,,,,,,,,,,,,,
2017-04-23,,,,,371946.68,4088,90.985,,,625.252,,,,,,,,,,,,,626.69,,,,,,,,147506.58,1754,84.097251995439,,,3617960.02,,,,,,,,,,,,,6256852.8967,,,,,,,,,,,,,,,,
2017-04-24,,193.9,,36.29,,,,,,632.4958,,,,,183.45,,35.98,,,,,,625.26,,,,,185.21,,41.48,,,,,,3612473.29,,,,,150.66,,55.56,,,,,,6264782,,,,,,,,,,,,,,,,
2017-04-25,,,,,,,,,,631.8141,,,,,,,,,,,,,625.28,,,,,,,,,,,,,3599885.74,,,,,,,,,,,,,6333605,,,,,,,,,,,,,,,,
2017-04-26,,,,,,,,,,629.5774,,,,,,,,,,,,,633.46,,,,,,,,,,,,,3569829.3,,,,,,,,,,,,,6348342,,,,,,,,,,,,,,,,
2017-04-27,,,,,,,,,,634.5216,,,,,,,,,,,,,634.07,,,,,,,,,,,,,3557525.2,,,,,,,,,,,,,6475885,,,,,,,,,,,,,,,,
2017-04-28,,,,,,,,,,638.2852,,,,,,,,,,,,,629.76,,,,,,,,,,,,,3603868.46,,,,,,,,,,,,,6520609,,,,,,,,,,,,,,,,
2017-04-29,,,,,,,,,,633.5669,,,,,,,,,,,,,627.41,,,,,,,,,,,,,3601388.47,,,,,,,,,,,,,6468184,,,,,,,,,,,,,,,,
2017-04-30,938,,60.39,,425043,4587,92.66252452583387,196.7,1.44,627.6269,314216.07,16.3968,130.9388,606.3,,116.97,,,,,238.2,1.55,625.89,674371.52,15.339,0,827,,106.53,,150992.21,1848,81.70574134199134,182.9,1.5,3598906.15,286373.83,0,0,733.7,,255.55,,119.72,,,175.4,1.76,6431919,114.25,0,14.3834,,,,,3.25,,114.9,112.7,116.4,1.2,0.0665,2.8,0.2
2017-05-01,,198.97,,39.58,,,,,,623.7197,,,,,185,,33.84,,,,,,626.85,,,,,188.54,,38.02,,,,,,3588280.36,,,,,153.38,,58.4,,,,,,6417616,,,,,,,,,,,,,,,,
2017-05-02,,,,,,,,,,628.9829,,,,,,,,,,,,,622.85,,,,,,,,,,,,,3619621,,,,,,,,,,,,,6381041,,,,,,,,,,,,,,,,
2017-05-03,,,,,,,,,,628.5768,,,,,,,,,,,,,623.58,,,,,,,,,,,,,3596033.18,,,,,,,,,,,,,6423998,,,,,,,,,,,,,,,,
2017-05-04,,,,,,,,,,624.0673,,,,,,,,,,,,,627.91,,,,,,,,,,,,,3565379.05,,,,,,,,,,,,,6423011,,,,,,,,,,,,,,,,
2017-05-05,,,,,,,,,,624.7861,,,,,,,,,,,,,627.07,,,,,,,,,,,,,3541472.55,,,,,,,,,,,,,6423899,,,,,,,,,,,,,,,,
2017-05-06,,,,,,,,,,623.3406,,,,,,,,,,,,,623.85,,,,,,,,,,,,,3528009.51,,,,,,,,,,,,,6383101,,,,,,,,,,,,,,,,
2017-05-07,,,,,168473.44,1798,93.70046718576195,,,621.8573,,,,,,,,,,,,,621.41,,,,,,,,127640.68,1182,107.98703891708968,,,3519110.33,,,,,,,,,,,,,6364963,,,,,,,,,,,,,,,,
2017-05-08,,198.61,,35.71,,,,,,622.21,,,,,184.55,,34.19,,,,,,620.08,,,,,191.81,,38.95,,,,,,3503783.84,,,,,154.33,,55.29,,,,,,6343770,,,,,,,,,,,,,,,,
2017-05-09,,,,,,,,,,622.9814,,,,,,,,,,,,,620.68,,,,,,,,,,,,,3497734.99,,,,,,,,,,,,,6331925,,,,,,,,,,,,,,,,
2017-05-10,,,,,,,,,,624.3726,,,,,,,,,,,,,618.85,,,,,,,,,,,,,3482979.75,,,,,,,,,,,,,6368438,,,,,,,,,,,,,,,,
2017-05-11,,,,,,,,,,632.4167,,,,,,,,,,,,,615.12,,,,,,,,,,,,,3473304.98,,,,,,,,,,,,,6361244,,,,,,,,,,,,,,,,
2017-05-12,,,,,,,,,,635.526,,,,,,,,,,,,,615.75,,,,,,,,,,,,,,,,,,,,,,,,,,6384935,,,,,,,,,,,,,,,,
2017-05-13,,,,,,,,,,634.8837,,,,,,,,,,,,,614.26,,,,,,,,,,,,,,,,,,,,,,,,,,6353261,,,,,,,,,,,,,,,,
2017-05-14,,,,,262926.55,2762,95.19426140477914,,,634.1189,,,,,,,,,,,,,615.66,,,,,,,,104656.27,1274,82.1477786499215,,,3439653.64,,,,,,,,,,,,,6331430,,,,,,,,,,,,,,,,
2017-05-15,,197.9,,30.8,,,,,,628.7237,,,,,185.89,,35.6,,,,,,613.76,,,,,193.31,,37.89,,,,,,3451041.75,,,,,156.3,,56.58,,,,,,6315019,,,,,,,,,,,,,,,,
2017-05-16,,,,,,,,,,628.3872,,,,,,,,,,,,,612.93,,,,,,,,,,,,,3372933.29,,,,,,,,,,,,,6291538,,,,,,,,,,,,,,,,
2017-05-17,,,,,,,,,,622.5527,,,,,,,,,,,,,614.6,,,,,,,,,,,,,3358960.6,,,,,,,,,,,,,6287581,,,,,,,,,,,,,,,,
2017-05-18,,,,,,,,,,621.0423,,,,,,,,,,,,,613.11,,,,,,,,,,,,,3364001.58,,,,,,,,,,,,,6308292,,,,,,,,,,,,,,,,
2017-05-19,,,,,,,,,,618.6281,,,,,,,,,,,,,616.41,,,,,,,,,,,,,3412613.67,,,,,,,,,,,,,6312705,,,,,,,,,,,,,,,,
2017-05-20,,,,,,,,,,610.7489,,,,,,,,,,,,,614.42,,,,,,,,,,,,,3408009.95,,,,,,,,,,,,,6286917,,,,,,,,,,,,,,,,
2017-05-21,,,,,255081.38,2680,95.17961940298507,,,604.0594,,,,,,,,,,,,,612.63,,,,,,,,96903.74,1146,84.55823734729493,,,3402996.95,,,,,,,,,,,,,6272745,,,,,,,,,,,,,,,,
2017-05-22,,198.06,,28.21,,,,,,604.6393,,,,,185.66,,35.54,,,,,,611.79,,,,,196.45,,37.84,,,,,,3380554.76,,,,,157.18,,49.49,,,,,,6289012,,,,,,,,,,,,,,,,
2017-05-23,,,,,,,,,,,,,,,,,,,,,,,610.69,,,,,,,,,,,,,3353672.99,,,,,,,,,,,,,6306802,,,,,,,,,,,,,,,,
2017-05-24,,,,,,,,,,,,,,,,,,,,,,,613.01,,,,,,,,,,,,,3359194.41,,,,,,,,,,,,,6268361,,,,,,,,,,,,,,,,
2017-05-25,,,,,,,,,,595.8054,,,,,,,,,,,,,613.93,,,,,,,,,,,,,3350557.28,,,,,,,,,,,,,6266788,,,,,,,,,,,,,,,,
2017-05-26,,,,,,,,,,593.6526,,,,,,,,,,,,,613.48,,,,,,,,,,,,,3357625.89,,,,,,,,,,,,,6295504,,,,,,,,,,,,,,,,
2017-05-27,,,,,,,,,,594.9957,,,,,,,,,,,,,616.39,,,,,,,,,,,,,3370010.41,,,,,,,,,,,,,6298097,,,,,,,,,,,,,,,,
2017-05-28,,,,,273010.48,2942,92.79757987763426,,,592.5966,,,,,,,,,,,,,614.91,,,,,,,,161894.87,1912,84.67304916317991,,,3364210.18,,,,,,,,,,,,,6285120,,,,,,,,,,,,,,,,
2017-05-29,,199.09,,29.82,,,,,,592.3044,,,,,186.18,,32.82,,,,,,613.61,,,,,197.24,,35.09,,,,,,3357374.69,,,,,158.01,,48.81,,,,,,6277524,,,,,,,,,,,,,,,,
2017-05-30,,,,,,,,,,592.0241,,,,,,,,,,,,,612.29,,,,,,,,,,,,,3325301.51,,,,,,,,,,,,,6272427,,,,,,,,,,,,,,,,
2017-05-31,942,,65.13,,,,,193.1,1.4,593.6803,261853.17,45.2548,29.2065,611,,107.3,,,,,235.9,1.53,607.97,608818.98,90.2653,45.4085,840.9,,86.86,,,,,186,1.5,3318396.42,84212.69,0,0,746.1,,259.13,,124.95,,,171.8,1.7,6254163,54.88,22.2823,22.3678,,,,,3.25,,113.5,111.3,114.7,1.5,-0.1102,2.9,0.1
2017-06-01,,,,,,,,,,597.2227,,,,,,,,,,,,,607.16,,,,,,,,,,,,,3335859.51,,,,,,,,,,,,,6236919,,,,,,,,,,,,,,,,
2017-06-02,,,,,,,,,,596.5355,,,,,,,,,,,,,610.6,,,,,,,,,,,,,3326920.46,,,,,,,,,,,,,6217465,,,,,,,,,,,,,,,,
2017-06-03,,,,,,,,,,590.5752,,,,,,,,,,,,,612.99,,,,,,,,,,,,,3316845.84,,,,,,,,,,,,,6200854,,,,,,,,,,,,,,,,
2017-06-04,,,,,136661.24,1445,94.5752525951557,,,588.7886,,,,,,,,,,,,,609.74,,,,,,,,66496.76,790,84.17311392405064,,,3307252.61,,,,,,,,,,,,,6189411,,,,,,,,,,,,,,,,
2017-06-05,,198.81,,29.6,,,,,,591.6479,,,,,186.97,,34.19,,,,,,608.1,,,,,199.09,,36.99,,,,,,3293144.31,,,,,159.39,,45.02,,,,,,6225901,,,,,,,,,,,,,,,,
2017-06-06,,,,,,,,,,592.6494,,,,,,,,,,,,,606.42,,,,,,,,,,,,,3280438.91,,,,,,,,,,,,,6229812,,,,,,,,,,,,,,,,
2017-06-07,,,,,,,,,,596.7067,,,,,,,,,,,,,598.35,,,,,,,,,,,,,3266764.47,,,,,,,,,,,,,6225568,,,,,,,,,,,,,,,,
2017-06-08,,,,,,,,,,594.487,,,,,,,,,,,,,607.33,,,,,,,,,,,,,3307442.2,,,,,,,,,,,,,6251993,,,,,,,,,,,,,,,,
2017-06-09,,,,,,,,,,594.499,,,,,,,,,,,,,606.02,,,,,,,,,,,,,3360318.21,,,,,,,,,,,,,6203678.9011,,,,,,,,,,,,,,,,
2017-06-10,,,,,,,,,,593.8162,,,,,,,,,,,,,598.04,,,,,,,,,,,,,,,,,,,,,,,,,,6181132.6048,,,,,,,,,,,,,,,,
2017-06-11,,,,,206898.43,2165,95.5650946882217,,,588.8737,,,,,,,,,,,,,597.13,,,,,,,,131563.24,1542,85.31987029831387,,,3347869.41,,,,,,,,,,,,,6167381.8969,,,,,,,,,,,,,,,,
2017-06-12,,197.94,,29.21,,,,,,592.6176,,,,,187,,34.27,,,,,,596.6,,,,,198.53,,36.79,,,,,,3333323.57,,,,,160.38,,53.32,,,,,,6185283.718,,,,,,,,,,,,,,,,
2017-06-13,,,,,,,,,,603.3971,,,,,,,,,,,,,595.75,,,,,,,,,,,,,3316205.07,,,,,,,,,,,,,6164524.3479,,,,,,,,,,,,,,,,
2017-06-14,,,,,,,,,,604.2105,,,,,,,,,,,,,599.04,,,,,,,,,,,,,3299786.47,,,,,,,,,,,,,6204606.3399,,,,,,,,,,,,,,,,
2017-06-15,,,,,,,,,,607.1434,,,,,,,,,,,,,596.72,,,,,,,,,,,,,3292587.28,,,,,,,,,,,,,6305678.0521,,,,,,,,,,,,,,,,
2017-06-16,,,,,,,,,,606.1444,,,,,,,,,,,,,603.64,,,,,,,,,,,,,3317871,,,,,,,,,,,,,6375671.2517,,,,,,,,,,,,,,,,
2017-06-17,,,,,,,,,,600.2172,,,,,,,,,,,,,603.99,,,,,,,,,,,,,3307470.62,,,,,,,,,,,,,6347942.9422,,,,,,,,,,,,,,,,
2017-06-18,,,,,199589.9,2039,97.88616969102502,,,598.0087,,,,,,,,,,,,,602.3,,,,,,,,122019.73,1450,84.15153793103448,,,3297332.96,,,,,,,,,,,,,6329804.5733,,,,,,,,,,,,,,,,
2017-06-19,,197.79,,30.18,,,,,,602.0419,,,,,187.15,,33.63,,,,,,600.95,,,,,200.4,,35.57,,,,,,3217054.9,,,,,162.21,,52.91,,,,,,6324308.6411,,,,,,,,,,,,,,,,
2017-06-20,,,,,,,,,,601.9338,,,,,,,,,,,,,599.18,,,,,,,,,,,,,3292883.68,,,,,,,,,,,,,6319078.5972,,,,,,,,,,,,,,,,
2017-06-21,,,,,,,,,,600.4,,,,,,,,,,,,,602.7,,,,,,,,,,,,,3281849.04,,,,,,,,,,,,,6362896.0571,,,,,,,,,,,,,,,,
2017-06-22,,,,,,,,,,592.8868,,,,,,,,,,,,,601.59,,,,,,,,,,,,,3272447.47,,,,,,,,,,,,,6422406.2923,,,,,,,,,,,,,,,,
2017-06-23,,,,,,,,,,600.6493,,,,,,,,,,,,,611.39,,,,,,,,,,,,,3286767.42,,,,,,,,,,,,,6455199,,,,,,,,,,,,,,,,
2017-06-24,,,,,,,,,,598.9297,,,,,,,,,,,,,609.23,,,,,,,,,,,,,3270965.33,,,,,,,,,,,,,6432825,,,,,,,,,,,,,,,,
2017-06-25,,,,,186821.25,1939,96.34927797833934,,,596.4201,,,,,,,,,,,,,606.22,,,,,,,,122311.68,1454,84.12082530949105,,,3260893.79,,,,,,,,,,,,,6414453,,,,,,,,,,,,,,,,
2017-06-26,,198.23,,19.82,,,,,,590.2697,,,,,188.39,,34.74,,,,,,610.54,,,,,199.99,,34.44,,,,,,3247576.14,,,,,164.41,,48.87,,,,,,6377451,,,,,,,,,,,,,,,,
2017-06-27,,,,,,,,,,587.2233,,,,,,,,,,,,,613.19,,,,,,,,,,,,,3245622.46,,,,,,,,,,,,,6330572,,,,,,,,,,,,,,,,
2017-06-28,,,,,,,,,,595.443,,,,,,,,,,,,,609,,,,,,,,,,,,,3241722.69,,,,,,,,,,,,,6325072,,,,,,,,,,,,,,,,
2017-06-29,,,,,,,,,,597.8562,,,,,,,,,,,,,606.56,,,,,,,,,,,,,3243314.3,,,,,,,,,,,,,6301112,,,,,,,,,,,,,,,,
2017-06-30,928,,83.41,,,,,195.4,1.45,587.2503,354460.25,239.6872,45.2548,599.7,,117.18,,,,,235.2,1.55,602.06,1266031.98,130.5019,83.096,841,,84.76,,,,,187.1,1.51,3237403.7,232007.11,0,0,758.5,,272.23,,109.36,,,174.7,1.7,6294749,71.41,83.4398,23.6286,8.6,,8.6,9,3.25,4.69,114.5,112.7,116.4,1.5,-0.1521,2.9,0.3
2017-07-01,,,,,,,,,,579.0681,,,,,,,,,,,,,606.1,,,,,,,,,,,,,3229286.35,,,,,,,,,,,,,6283770,,,,,,,,,,,,,,,,
2017-07-02,,,,,190515.62,1995,95.49655137844611,,,578.0659,,,,,,,,,,,,,609,,,,,,,,119477.9,1358,87.98078055964653,,,3221398.33,,,,,,,,,,,,,6275789,,,,,,,,,,,,,,,,
2017-07-03,,198.49,,25.36,,,,,,593.9498,,,,,188.28,,35.4,,,,,,603.73,,,,,200.89,,36.51,,,,,,3203534.17,,,,,165.74,,44.34,,,,,,6269431,,,,,,,,,,,,,,,,
2017-07-04,,,,,,,,,,592.6216,,,,,,,,,,,,,610.42,,,,,,,,,,,,,3242562.02,,,,,,,,,,,,,6274935,,,,,,,,,,,,,,,,
2017-07-05,,,,,,,,,,595.784,,,,,,,,,,,,,614.45,,,,,,,,,,,,,3231312.19,,,,,,,,,,,,,6269463,,,,,,,,,,,,,,,,
2017-07-06,,,,,,,,,,597.5755,,,,,,,,,,,,,621.25,,,,,,,,,,,,,3219853.39,,,,,,,,,,,,,6247253,,,,,,,,,,,,,,,,
2017-07-07,,,,,,,,,,594.3383,,,,,,,,,,,,,626.86,,,,,,,,,,,,,3202872.82,,,,,,,,,,,,,6291123,,,,,,,,,,,,,,,,
2017-07-08,,,,,,,,,,594.0278,,,,,,,,,,,,,624.54,,,,,,,,,,,,,3193590.52,,,,,,,,,,,,,6268289,,,,,,,,,,,,,,,,
2017-07-09,,,,,168756.87,1669,101.11256440982625,,,593.6156,,,,,,,,,,,,,622.64,,,,,,,,115112.08,1378,83.53561683599419,,,3187324.29,,,,,,,,,,,,,6252472,,,,,,,,,,,,,,,,
2017-07-10,,197.47,,22.41,,,,,,588.3194,,,,,188.58,,35.28,,,,,,621.11,,,,,199.82,,39.04,,,,,,3160764.47,,,,,166.25,,54,,,,,,6273833,,,,,,,,,,,,,,,,
2017-07-11,,,,,,,,,,603.285,,,,,,,,,,,,,619.36,,,,,,,,,,,,,3169151.26,,,,,,,,,,,,,6309352,,,,,,,,,,,,,,,,
2017-07-12,,,,,,,,,,602.5635,,,,,,,,,,,,,617.85,,,,,,,,,,,,,3131730.83,,,,,,,,,,,,,6337306,,,,,,,,,,,,,,,,
2017-07-13,,,,,,,,,,601.6884,,,,,,,,,,,,,613.35,,,,,,,,,,,,,3201878.06,,,,,,,,,,,,,6333285.7404,,,,,,,,,,,,,,,,
2017-07-14,,,,,,,,,,609.9084,,,,,,,,,,,,,612.54,,,,,,,,,,,,,3191684.82,,,,,,,,,,,,,6348820,,,,,,,,,,,,,,,,
2017-07-15,,,,,,,,,,609.6159,,,,,,,,,,,,,609.58,,,,,,,,,,,,,3185865.73,,,,,,,,,,,,,6332773,,,,,,,,,,,,,,,,
2017-07-16,,,,,161660.43,1656,97.62103260869566,,,608.8325,,,,,,,,,,,,,608.22,,,,,,,,127964.91,1522,84.07681340341655,,,3179204.27,,,,,,,,,,,,,6321962,,,,,,,,,,,,,,,,
2017-07-17,,197.31,,27.91,,,,,,608.2629,,,,,188.22,,34.24,,,,,,607.29,,,,,201.03,,40.78,,,,,,3174480.73,,,,,167.35,,50.8,,,,,,6373231,,,,,,,,,,,,,,,,
2017-07-18,,,,,,,,,,607.2661,,,,,,,,,,,,,606.43,,,,,,,,,,,,,3214259.47,,,,,,,,,,,,,6368728,,,,,,,,,,,,,,,,
2017-07-19,,,,,,,,,,606.8556,,,,,,,,,,,,,607.93,,,,,,,,,,,,,3166940.99,,,,,,,,,,,,,6397257,,,,,,,,,,,,,,,,
2017-07-20,,,,,,,,,,607.3809,,,,,,,,,,,,,609.23,,,,,,,,,,,,,3223047.21,,,,,,,,,,,,,6471736,,,,,,,,,,,,,,,,
2017-07-21,,,,,,,,,,603.0483,,,,,,,,,,,,,608.43,,,,,,,,,,,,,3209263.3,,,,,,,,,,,,,6470752,,,,,,,,,,,,,,,,
2017-07-22,,,,,,,,,,602.2509,,,,,,,,,,,,,606.23,,,,,,,,,,,,,3203250.21,,,,,,,,,,,,,6460361,,,,,,,,,,,,,,,,
2017-07-23,,,,,160915.21,1655,97.22973413897282,,,600.4832,,,,,,,,,,,,,604.46,,,,,,,,111952.97,1321,84.7486525359576,,,3200029.57,,,,,,,,,,,,,6454163,,,,,,,,,,,,,,,,
2017-07-24,,196.42,,25,,,,,,595.7517,,,,,188.05,,37.57,,,,,,602.18,,,,,202.02,,37.36,,,,,,3194533.88,,,,,167.94,,44.36,,,,,,6451812,,,,,,,,,,,,,,,,
2017-07-25,,,,,,,,,,593.1974,,,,,,,,,,,,,599.51,,,,,,,,,,,,,3173799.74,,,,,,,,,,,,,6435594,,,,,,,,,,,,,,,,
2017-07-26,,,,,,,,,,592.8977,,,,,,,,,,,,,598.68,,,,,,,,,,,,,3163777.25,,,,,,,,,,,,,6433463,,,,,,,,,,,,,,,,
2017-07-27,,,,,,,,,,598.8257,,,,,,,,,,,,,597.23,,,,,,,,,,,,,3180812.36,,,,,,,,,,,,,6411533,,,,,,,,,,,,,,,,
2017-07-28,,,,,,,,,,597.403,,,,,,,,,,,,,594.59,,,,,,,,,,,,,3349697.7,,,,,,,,,,,,,6492457,,,,,,,,,,,,,,,,
2017-07-29,,,,,,,,,,597.7482,,,,,,,,,,,,,591.51,,,,,,,,,,,,,3331248.51,,,,,,,,,,,,,6467071,,,,,,,,,,,,,,,,
2017-07-30,,,,,158674.02,1678,94.56139451728248,,,596.3076,,,,,,,,,,,,,589.43,,,,,,,,111599.2,1317,84.73743356112377,,,3314928,,,,,,,,,,,,,6446031,,,,,,,,,,,,,,,,
2017-07-31,915,197.38,92.34,27.84,,,,196,1.37,605.3184,122844.23,0,129.7249,598.8,188.88,95.27,33.17,,,,233.6,1.54,587.46,605960.09,123.9344,80.6065,839,201.32,71.45,40.84,,,,186.1,1.5,3299823.87,430909.63,0,0,770.4,168.19,221.91,46.1,104.35,,,174.1,1.67,6432620,41.36,0,82.0935,,,,,3.25,,116,113.9,117.4,1.4,0.1066,2.9,0.3
2017-08-01,,,,,,,,,,605.4277,,,,,,,,,,,,,585.03,,,,,,,,,,,,,3279929.58,,,,,,,,,,,,,6438183.0244,,,,,,,,,,,,,,,,
2017-08-02,,,,,,,,,,602.9597,,,,,,,,,,,,,584.55,,,,,,,,,,,,,3330488.75,,,,,,,,,,,,,6426851.0142,,,,,,,,,,,,,,,,
2017-08-03,,,,,,,,,,605.1335,,,,,,,,,,,,,583.91,,,,,,,,,,,,,3305537.68,,,,,,,,,,,,,6431424.8817,,,,,,,,,,,,,,,,
2017-08-04,,,,,,,,,,605.6427,,,,,,,,,,,,,582.64,,,,,,,,,,,,,3287447.35,,,,,,,,,,,,,6442775.6816,,,,,,,,,,,,,,,,
2017-08-05,,,,,,,,,,604.0823,,,,,,,,,,,,,581.37,,,,,,,,,,,,,3265699.32,,,,,,,,,,,,,6429023.7059,,,,,,,,,,,,,,,,
2017-08-06,,,,,148705.67,1627,91.39869084204057,,,603.2416,,,,,,,,,,,,,580.07,,,,,,,,192617.43,1215,158.53286419753087,,,3258786.67,,,,,,,,,,,,,6418238,,,,,,,,,,,,,,,,
2017-08-07,,196.39,,31.7,,,,,,610.6941,,,,,188.45,,36.69,,,,,,579.72,,,,,201.74,,38.56,,,,,,3326354.69,,,,,171.04,,44.97,,,,,,6410999,,,,,,,,,,,,,,,,
2017-08-08,,,,,,,,,,609.8911,,,,,,,,,,,,,579.44,,,,,,,,,,,,,3316804.09,,,,,,,,,,,,,6393498,,,,,,,,,,,,,,,,
2017-08-09,,,,,,,,,,567.7767,,,,,,,,,,,,,579.85,,,,,,,,,,,,,3368397.33,,,,,,,,,,,,,6369770,,,,,,,,,,,,,,,,
2017-08-10,,,,,,,,,,566.8528,,,,,,,,,,,,,578.82,,,,,,,,,,,,,3476654.62,,,,,,,,,,,,,6247103,,,,,,,,,,,,,,,,
2017-08-11,,,,,,,,,,621.0353,,,,,,,,,,,,,577.5,,,,,,,,,,,,,3622473.85,,,,,,,,,,,,,6303584.6186,,,,,,,,,,,,,,,,
2017-08-12,,,,,,,,,,616.9311,,,,,,,,,,,,,576.07,,,,,,,,,,,,,3602316.22,,,,,,,,,,,,,6286192.3859,,,,,,,,,,,,,,,,
2017-08-13,,,,,151239.2,1676,90.2381861575179,,,616.2086,,,,,,,,,,,,,573.17,,,,,,,,97160.65,1157,83.97636127917026,,,3598322.89,,,,,,,,,,,,,6277297,,,,,,,,,,,,,,,,
2017-08-14,,196.19,,24.48,,,,,,615.0521,,,,,188.82,,35.57,,,,,,571.83,,,,,201.69,,40.18,,,,,,3524478.55,,,,,170.63,,50.14,,,,,,6306155.1969,,,,,,,,,,,,,,,,
2017-08-15,,,,,,,,,,620.5383,,,,,,,,,,,,,570.06,,,,,,,,,,,,,3515863.03,,,,,,,,,,,,,6293662.1358,,,,,,,,,,,,,,,,
2017-08-16,,,,,,,,,,621.175,,,,,,,,,,,,,569,,,,,,,,,,,,,3517117.9,,,,,,,,,,,,,6297915.3845,,,,,,,,,,,,,,,,
2017-08-17,,,,,,,,,,621.1477,,,,,,,,,,,,,568.74,,,,,,,,,,,,,3660978.7,,,,,,,,,,,,,6310410,,,,,,,,,,,,,,,,
2017-08-18,,,,,,,,,,618.5707,,,,,,,,,,,,,567.62,,,,,,,,,,,,,3740095.11,,,,,,,,,,,,,6408915,,,,,,,,,,,,,,,,
2017-08-19,,,,,,,,,,615.4334,,,,,,,,,,,,,567.14,,,,,,,,,,,,,3735106.87,,,,,,,,,,,,,6392340.4155,,,,,,,,,,,,,,,,
2017-08-20,,,,,165179.32,1793,92.12455103179029,,,614.0836,,,,,,,,,,,,,565.89,,,,,,,,115228.28,1332,86.50771771771772,,,3728034.21,,,,,,,,,,,,,6379111.5792,,,,,,,,,,,,,,,,
2017-08-21,,195.76,,28.01,,,,,,631.2777,,,,,188.62,,35.63,,,,,,564.2,,,,,202.31,,41.32,,,,,,3715025.27,,,,,171.32,,51.99,,,,,,6402090,,,,,,,,,,,,,,,,
2017-08-22,,,,,,,,,,630.5253,,,,,,,,,,,,,572.1,,,,,,,,,,,,,3699584.23,,,,,,,,,,,,,6374035,,,,,,,,,,,,,,,,
2017-08-23,,,,,,,,,,628.9861,,,,,,,,,,,,,575.31,,,,,,,,,,,,,3690472.82,,,,,,,,,,,,,6376439.7721,,,,,,,,,,,,,,,,
2017-08-24,,,,,,,,,,628.5849,,,,,,,,,,,,,574.5,,,,,,,,,,,,,3706243.76,,,,,,,,,,,,,6374165.2674,,,,,,,,,,,,,,,,
2017-08-25,,,,,,,,,,626.4361,,,,,,,,,,,,,573.43,,,,,,,,,,,,,3681693.01,,,,,,,,,,,,,6519465,,,,,,,,,,,,,,,,
2017-08-26,,,,,,,,,,625.5437,,,,,,,,,,,,,572.34,,,,,,,,,,,,,3676265.64,,,,,,,,,,,,,6500724,,,,,,,,,,,,,,,,
2017-08-27,,,,,150557.52,1689,89.14003552397868,,,623.7347,,,,,,,,,,,,,570.03,,,,,,,,109633.04,1242,88.2713687600644,,,3671481.97,,,,,,,,,,,,,6490219,,,,,,,,,,,,,,,,
2017-08-28,,195.66,,25.48,,,,,,621.6181,,,,,188.41,,34.28,,,,,,563.35,,,,,201.74,,36.59,,,,,,3655981.32,,,,,170.27,,51.47,,,,,,6526380.2046,,,,,,,,,,,,,,,,
2017-08-29,,,,,,,,,,602.9542,,,,,,,,,,,,,561.69,,,,,,,,,,,,,3629876.11,,,,,,,,,,,,,6512635,,,,,,,,,,,,,,,,
2017-08-30,,,,,,,,,,602.2516,,,,,,,,,,,,,562.57,,,,,,,,,,,,,3669738.52,,,,,,,,,,,,,6537282,,,,,,,,,,,,,,,,
2017-08-31,909,,106.3,,,,,196.9,1.38,600.8374,276987.73,85.4415,109.9623,598,,104.75,,,,,234.9,1.55,559.73,330537.98,101.6658,91.1902,838,,82.51,,,,,188.2,1.52,3624423.54,789205.34,0,0,792.4,,247.5,,92.4,,,175,1.63,6542630,64.36,0,0,,,,,3.25,,115.7,114.4,117.6,1.8,0.4157,3,0.4
2017-09-01,,,,,,,,,,608.3217,,,,,,,,,,,,,558.08,,,,,,,,,,,,,3610145.29,,,,,,,,,,,,,6568171,,,,,,,,,,,,,,,,
2017-09-02,,,,,,,,,,605.8856,,,,,,,,,,,,,556.48,,,,,,,,,,,,,3546881.75,,,,,,,,,,,,,6558803,,,,,,,,,,,,,,,,
2017-09-03,,,,,157000.28,1728,90.85664351851852,,,603.7968,,,,,,,,,,,,,554.68,,,,,,,,115714.45,1338,86.48314648729446,,,3530121.2,,,,,,,,,,,,,6553798,,,,,,,,,,,,,,,,
2017-09-04,,195.33,,28.63,,,,,,604.7698,,,,,188.37,,29.21,,,,,,558.16,,,,,202.17,,43.18,,,,,,3522450.21,,,,,172.45,,50.8,,,,,,6564054,,,,,,,,,,,,,,,,
2017-09-05,,,,,,,,,,606.8381,,,,,,,,,,,,,556.63,,,,,,,,,,,,,3514102.81,,,,,,,,,,,,,6573453,,,,,,,,,,,,,,,,
2017-09-06,,,,,,,,,,605.8184,,,,,,,,,,,,,559.07,,,,,,,,,,,,,3497654.43,,,,,,,,,,,,,6555762,,,,,,,,,,,,,,,,
2017-09-07,,,,,,,,,,607.8012,,,,,,,,,,,,,557.95,,,,,,,,,,,,,3477911.04,,,,,,,,,,,,,6547947,,,,,,,,,,,,,,,,
2017-09-08,,,,,,,,,,607.6686,,,,,,,,,,,,,558.16,,,,,,,,,,,,,3466508.02,,,,,,,,,,,,,6579525,,,,,,,,,,,,,,,,
2017-09-09,,,,,,,,,,607.2603,,,,,,,,,,,,,556.38,,,,,,,,,,,,,3466508.02,,,,,,,,,,,,,6559788,,,,,,,,,,,,,,,,
2017-09-10,,,,,149511.42,1670,89.52779640718563,,,606.0896,,,,,,,,,,,,,555.26,,,,,,,,107269.4,1274,84.1989010989011,,,3458729.54,,,,,,,,,,,,,6548376,,,,,,,,,,,,,,,,
2017-09-11,,194.78,,27.12,,,,,,616.055,,,,,188.29,,33.24,,,,,,554.87,,,,,202.02,,37.11,,,,,,3445442.63,,,,,173.35,,49.35,,,,,,6554968,,,,,,,,,,,,,,,,
2017-09-12,,,,,,,,,,615.6575,,,,,,,,,,,,,554.72,,,,,,,,,,,,,3470648.23,,,,,,,,,,,,,6549189,,,,,,,,,,,,,,,,
2017-09-13,,,,,,,,,,614.2174,,,,,,,,,,,,,553.39,,,,,,,,,,,,,3512621.76,,,,,,,,,,,,,6534692,,,,,,,,,,,,,,,,
2017-09-14,,,,,,,,,,614.5726,,,,,,,,,,,,,556.65,,,,,,,,,,,,,3499234.91,,,,,,,,,,,,,6545805,,,,,,,,,,,,,,,,
2017-09-15,,,,,,,,,,616.9631,,,,,,,,,,,,,561.01,,,,,,,,,,,,,3485832.81,,,,,,,,,,,,,6659664,,,,,,,,,,,,,,,,
2017-09-16,,,,,,,,,,616.2128,,,,,,,,,,,,,559.74,,,,,,,,,,,,,3475792.37,,,,,,,,,,,,,6640796,,,,,,,,,,,,,,,,
2017-09-17,,,,,164990.94,1848,89.28081168831169,,,612.8552,,,,,,,,,,,,,558.67,,,,,,,,118413.22,1429,82.86439468159553,,,3466738.08,,,,,,,,,,,,,6629386,,,,,,,,,,,,,,,,
2017-09-18,,194.33,,28.28,,,,,,612.3591,,,,,187.91,,33.33,,,,,,556.82,,,,,202.26,,38.65,,,,,,3459630.47,,,,,172.62,,50,,,,,,6632296,,,,,,,,,,,,,,,,
2017-09-19,,,,,,,,,,609.6289,,,,,,,,,,,,,559.92,,,,,,,,,,,,,3440953.79,,,,,,,,,,,,,6723140,,,,,,,,,,,,,,,,
2017-09-20,,,,,,,,,,607.5492,,,,,,,,,,,,,557.59,,,,,,,,,,,,,3452338.14,,,,,,,,,,,,,6785804,,,,,,,,,,,,,,,,
2017-09-21,,,,,,,,,,608.0614,,,,,,,,,,,,,556.51,,,,,,,,,,,,,3444624.57,,,,,,,,,,,,,6786936,,,,,,,,,,,,,,,,
2017-09-22,,,,,,,,,,606.8004,,,,,,,,,,,,,555.05,,,,,,,,,,,,,3436500.71,,,,,,,,,,,,,6902937,,,,,,,,,,,,,,,,
2017-09-23,,,,,,,,,,606.4508,,,,,,,,,,,,,552.96,,,,,,,,,,,,,3429785.47,,,,,,,,,,,,,6870163,,,,,,,,,,,,,,,,
2017-09-24,,,,,172852.43,1939,89.14514182568334,,,605.6385,,,,,,,,,,,,,552.15,,,,,,,,116989.92,1400,83.56422857142857,,,3422980.73,,,,,,,,,,,,,6849485,,,,,,,,,,,,,,,,
2017-09-25,,194.05,,26.04,,,,,,622.7842,,,,,187.98,,33.74,,,,,,550.89,,,,,202.15,,37.41,,,,,,3410695.22,,,,,173.45,,52.53,,,,,,6846627.1292,,,,,,,,,,,,,,,,
2017-09-26,,,,,,,,,,629.7966,,,,,,,,,,,,,548.79,,,,,,,,,,,,,3403656.92,,,,,,,,,,,,,6871508.0897,,,,,,,,,,,,,,,,
2017-09-27,,,,,,,,,,629.3797,,,,,,,,,,,,,547.41,,,,,,,,,,,,,3391149.69,,,,,,,,,,,,,6885685.7672,,,,,,,,,,,,,,,,
2017-09-28,,,,,,,,,,632.2334,,,,,,,,,,,,,544.12,,,,,,,,,,,,,3379592.81,,,,,,,,,,,,,7021423.6857,,,,,,,,,,,,,,,,
2017-09-29,,,,,,,,,,634.5268,,,,,,,,,,,,,540.45,,,,,,,,,,,,,3494588.34,,,,,,,,,,,,,7096016.2108,,,,,,,,,,,,,,,,
2017-09-30,902,,112.06,,,,,196.1,1.39,644.894,502442.51,202.7164,85.4415,596,,101.22,,,,,238.4,1.58,538.48,105615.08,149.383,180.7843,837,,86.87,,,,,189.8,1.54,3484502.29,348003.41,14.9,0,803.4,,252.43,,75.95,,,177.4,1.63,,70.51,196.1003,1.9211,8.5,,8.8,9.1,3.25,5.01,122,116.7,121.9,1.6,0.5389,2.9,0.3
2017-10-01,,,,,267338.65,3079,86.82645339395908,,,632.3059,,,,,,,,,,,,,537.45,,,,,,,,114996.02,1364,84.30793255131965,,,3473896.87,,,,,,,,,,,,,7090962.7377,,,,,,,,,,,,,,,,
2017-10-02,,193.73,,30.92,,,,,,630.5217,,,,,188.84,,33.47,,,,,,537.65,,,,,201.54,,34.18,,,,,,3445925.83,,,,,176.76,,52.83,,,,,,,,,,,,,,,,,,,,,,
2017-10-03,,,,,,,,,,630.3795,,,,,,,,,,,,,537.44,,,,,,,,,,,,,3441467.47,,,,,,,,,,,,,7077550.6251,,,,,,,,,,,,,,,,
2017-10-04,,,,,,,,,,630.0422,,,,,,,,,,,,,537.82,,,,,,,,,,,,,3436881.24,,,,,,,,,,,,,,,,,,,,,,,,,,,,,
2017-10-05,,,,,,,,,,627.202,,,,,,,,,,,,,537.57,,,,,,,,,,,,,3432312.17,,,,,,,,,,,,,7070836.1885,,,,,,,,,,,,,,,,
2017-10-06,,,,,,,,,,627.0904,,,,,,,,,,,,,537.57,,,,,,,,,,,,,3428254.15,,,,,,,,,,,,,,,,,,,,,,,,,,,,,
2017-10-07,,,,,,,,,,626.8451,,,,,,,,,,,,,537.09,,,,,,,,,,,,,3422179.65,,,,,,,,,,,,,7058364.6349,,,,,,,,,,,,,,,,
2017-10-08,,,,,2047.72,21,97.51047619047618,,,625.3894,,,,,,,,,,,,,537.68,,,,,,,,,,,,,3417698.47,,,,,,,,,,,,,7052632.8246,,,,,,,,,,,,,,,,
2017-10-09,,192.88,,28.03,,,,,,629.5578,,,,,187.77,,33.29,,,,,,537.98,,,,,201.71,,35.27,,,,,,3409266.84,,,,,174.85,,42.8,,,,,,7025094.7189,,,,,,,,,,,,,,,,
2017-10-10,,,,,,,,,,627.2786,,,,,,,,,,,,,536.55,,,,,,,,,,,,,3391578.44,,,,,,,,,,,,,6988609,,,,,,,,,,,,,,,,
2017-10-11,,,,,,,,,,624.3232,,,,,,,,,,,,,536.07,,,,,,,,,,,,,3375505.1,,,,,,,,,,,,,6925311,,,,,,,,,,,,,,,,
2017-10-12,,,,,,,,,,622.872,,,,,,,,,,,,,535.32,,,,,,,,,,,,,3373973.01,,,,,,,,,,,,,6908940,,,,,,,,,,,,,,,,
2017-10-13,,,,,,,,,,619.4293,,,,,,,,,,,,,534.27,,,,,,,,,,,,,3355777.48,,,,,,,,,,,,,6870522,,,,,,,,,,,,,,,,
2017-10-14,,,,,,,,,,622.5992,,,,,,,,,,,,,533.44,,,,,,,,,,,,,3344459.19,,,,,,,,,,,,,6834212,,,,,,,,,,,,,,,,
2017-10-15,,,,,119073.11,1332,89.39422672672673,,,621.7775,,,,,,,,,,,,,533.3,,,,,,,,81996.86,951,86.22172450052577,,,3294290.84,,,,,,,,,,,,,6808021,,,,,,,,,,,,,,,,
2017-10-16,,193.65,,36.02,,,,,,621.7667,,,,,187.79,,36.55,,,,,,532.89,,,,,203,,41.18,,,,,,3304403.75,,,,,174.04,,41.2,,,,,,6809442,,,,,,,,,,,,,,,,
2017-10-17,,,,,,,,,,641.5874,,,,,,,,,,,,,532.23,,,,,,,,,,,,,3289597.03,,,,,,,,,,,,,6811220,,,,,,,,,,,,,,,,
2017-10-18,,,,,,,,,,641.197,,,,,,,,,,,,,531.07,,,,,,,,,,,,,3258745.49,,,,,,,,,,,,,6798591,,,,,,,,,,,,,,,,
2017-10-19,,,,,,,,,,639.948,,,,,,,,,,,,,529.19,,,,,,,,,,,,,3241650.56,,,,,,,,,,,,,6801350,,,,,,,,,,,,,,,,
2017-10-20,,,,,,,,,,639.6461,,,,,,,,,,,,,527.6,,,,,,,,,,,,,3245145.06,,,,,,,,,,,,,6920361,,,,,,,,,,,,,,,,
2017-10-21,,,,,,,,,,636.6876,,,,,,,,,,,,,525.14,,,,,,,,,,,,,3235895.39,,,,,,,,,,,,,6897454,,,,,,,,,,,,,,,,
2017-10-22,,,,,164755.12,1885,87.40324668435014,,,628.6545,,,,,,,,,,,,,523.36,,,,,,,,130302.25,1565,83.26022364217252,,,3227800.27,,,,,,,,,,,,,6880517,,,,,,,,,,,,,,,,
2017-10-23,,192.75,,33.99,,,,,,629.0713,,,,,187.62,,33.9,,,,,,522.66,,,,,203.05,,34.63,,,,,,3210980.87,,,,,174.72,,42.12,,,,,,6861466,,,,,,,,,,,,,,,,
2017-10-24,,,,,,,,,,628.0311,,,,,,,,,,,,,522.18,,,,,,,,,,,,,3201633.82,,,,,,,,,,,,,6849709,,,,,,,,,,,,,,,,
2017-10-25,,,,,,,,,,623.9292,,,,,,,,,,,,,521.31,,,,,,,,,,,,,3188493.88,,,,,,,,,,,,,6829767,,,,,,,,,,,,,,,,
2017-10-26,,,,,,,,,,622.2504,,,,,,,,,,,,,519.71,,,,,,,,,,,,,3171959.4,,,,,,,,,,,,,6940047,,,,,,,,,,,,,,,,
2017-10-27,,,,,,,,,,617.3162,,,,,,,,,,,,,518.54,,,,,,,,,,,,,3157661.85,,,,,,,,,,,,,7051882,,,,,,,,,,,,,,,,
2017-10-28,,,,,,,,,,615.2928,,,,,,,,,,,,,516.29,,,,,,,,,,,,,3138339.13,,,,,,,,,,,,,7001472,,,,,,,,,,,,,,,,
2017-10-29,,,,,179266.4,2010,89.18726368159204,,,612.4177,,,,,,,,,,,,,514.48,,,,,,,,120228.15,1442,83.37597087378641,,,3132554.48,,,,,,,,,,,,,6974582,,,,,,,,,,,,,,,,
2017-10-30,,191.92,,27.51,,,,,,618.2452,,,,,187.59,,33.9,,,,,,511.99,,,,,202.98,,33.63,,,,,,3119736.62,,,,,176.41,,44.41,,,,,,6987008,,,,,,,,,,,,,,,,
2017-10-31,900,,98.15,,,,,190.4,1.35,625.2141,149342.73,54.7816,94.3214,596,,85.91,,,,,237.1,1.57,510.27,7392.88,99.2528,82.7145,844,,75.04,,,,,188.6,1.51,3119352.64,14650.36,9.018,14.9,809.6,,222.94,,62.64,,,175,1.6,7047032.5469,71.78,154.008,202.4591,,,,,3.25,,128.4,120.9,127.6,1.9,0.1122,2.9,0.1
2017-11-01,,,,,,,,,,626.1271,,,,,,,,,,,,,509.62,,,,,,,,,,,,,3124850.16,,,,,,,,,,,,,7068644.3566,,,,,,,,,,,,,,,,
2017-11-02,,,,,,,,,,629.4119,,,,,,,,,,,,,508.95,,,,,,,,,,,,,3124174.16,,,,,,,,,,,,,7061915.9042,,,,,,,,,,,,,,,,
2017-11-03,,,,,,,,,,628.5444,,,,,,,,,,,,,509.51,,,,,,,,,,,,,3135334.42,,,,,,,,,,,,,7214941,,,,,,,,,,,,,,,,
2017-11-04,,,,,,,,,,628.1506,,,,,,,,,,,,,509.37,,,,,,,,,,,,,3119800.83,,,,,,,,,,,,,7201176,,,,,,,,,,,,,,,,
2017-11-05,,,,,165780.07,1898,87.34461011591148,,,626.1541,,,,,,,,,,,,,507.23,,,,,,,,110764.93,1289,85.93089992242048,,,3110757.11,,,,,,,,,,,,,7185527.8697,,,,,,,,,,,,,,,,
2017-11-06,,191.59,,31.28,,,,,,623.1085,,,,,188.04,,31.19,,,,,,506.28,,,,,202.34,,38.22,,,,,,3101110.39,,,,,177.17,,39.37,,,,,,7169811,,,,,,,,,,,,,,,,
2017-11-07,,,,,,,,,,622.4051,,,,,,,,,,,,,505.54,,,,,,,,,,,,,3091282.19,,,,,,,,,,,,,7156052,,,,,,,,,,,,,,,,
2017-11-08,,,,,,,,,,619.9719,,,,,,,,,,,,,504.5,,,,,,,,,,,,,3076163.29,,,,,,,,,,,,,7177957,,,,,,,,,,,,,,,,
2017-11-09,,,,,,,,,,620.6632,,,,,,,,,,,,,503.72,,,,,,,,,,,,,3078779.86,,,,,,,,,,,,,7263337,,,,,,,,,,,,,,,,
2017-11-10,,,,,,,,,,618.6807,,,,,,,,,,,,,502.77,,,,,,,,,,,,,3199767.87,,,,,,,,,,,,,7316222,,,,,,,,,,,,,,,,
2017-11-11,,,,,,,,,,617.8542,,,,,,,,,,,,,501.79,,,,,,,,,,,,,3190283.86,,,,,,,,,,,,,7297574,,,,,,,,,,,,,,,,
2017-11-12,,,,,159065.11,1838,86.5424972796518,,,615.2368,,,,,,,,,,,,,500.57,,,,,,,,106968.68,1306,81.90557427258805,,,3181126.91,,,,,,,,,,,,,7287752,,,,,,,,,,,,,,,,
2017-11-13,,191.05,,27.27,,,,,,613.5862,,,,,188.38,,30.46,,,,,,499.66,,,,,202.54,,34.27,,,,,,3170114.83,,,,,176.59,,40.61,,,,,,7294830,,,,,,,,,,,,,,,,
2017-11-14,,,,,,,,,,611.0423,,,,,,,,,,,,,499.84,,,,,,,,,,,,,3159938,,,,,,,,,,,,,7287920,,,,,,,,,,,,,,,,
2017-11-15,,,,,,,,,,616.6581,,,,,,,,,,,,,497.94,,,,,,,,,,,,,3146338.17,,,,,,,,,,,,,7307760,,,,,,,,,,,,,,,,
2017-11-16,,,,,,,,,,618.2233,,,,,,,,,,,,,497.71,,,,,,,,,,,,,3215699.03,,,,,,,,,,,,,7556409,,,,,,,,,,,,,,,,
2017-11-17,,,,,,,,,,627.008,,,,,,,,,,,,,498.78,,,,,,,,,,,,,3205386.13,,,,,,,,,,,,,7606326,,,,,,,,,,,,,,,,
2017-11-18,,,,,,,,,,643.605,,,,,,,,,,,,,497.13,,,,,,,,,,,,,3198714.36,,,,,,,,,,,,,7590965,,,,,,,,,,,,,,,,
2017-11-19,,,,,172246.01,1975,87.21316962025317,,,641.8982,,,,,,,,,,,,,495.84,,,,,,,,109621.01,1339,81.86781926811052,,,3183266.9,,,,,,,,,,,,,7580728,,,,,,,,,,,,,,,,
2017-11-20,,190.77,,31.84,,,,,,642.1026,,,,,188.87,,30.6,,,,,,493.31,,,,,201.66,,36.51,,,,,,3153648.84,,,,,175.98,,40.45,,,,,,7643896,,,,,,,,,,,,,,,,
2017-11-21,,,,,,,,,,642.0171,,,,,,,,,,,,,491.22,,,,,,,,,,,,,3147994.34,,,,,,,,,,,,,7682142,,,,,,,,,,,,,,,,
2017-11-22,,,,,,,,,,646.9318,,,,,,,,,,,,,494.43,,,,,,,,,,,,,3223131.56,,,,,,,,,,,,,7724591,,,,,,,,,,,,,,,,
2017-11-23,,,,,,,,,,642.1849,,,,,,,,,,,,,492.32,,,,,,,,,,,,,3213162.12,,,,,,,,,,,,,7751981,,,,,,,,,,,,,,,,
2017-11-24,,,,,,,,,,646.3923,,,,,,,,,,,,,489.92,,,,,,,,,,,,,3191780.41,,,,,,,,,,,,,7836220,,,,,,,,,,,,,,,,
2017-11-25,,,,,,,,,,645.2536,,,,,,,,,,,,,490.32,,,,,,,,,,,,,3181865.46,,,,,,,,,,,,,7745806,,,,,,,,,,,,,,,,
2017-11-26,,,,,171616.55,1953,87.87329749103942,,,643.8542,,,,,,,,,,,,,489.32,,,,,,,,107178.64,1269,84.45913317572892,,,3177189.77,,,,,,,,,,,,,7636932,,,,,,,,,,,,,,,,
2017-11-27,,190.29,,28.42,,,,,,646.3026,,,,,188.52,,31.89,,,,,,488.27,,,,,203.16,,35.71,,,,,,3186261.96,,,,,176.32,,37.65,,,,,,7573992,,,,,,,,,,,,,,,,
2017-11-28,,,,,,,,,,644.4598,,,,,,,,,,,,,487.05,,,,,,,,,,,,,3165717.74,,,,,,,,,,,,,7490992,,,,,,,,,,,,,,,,
2017-11-29,,,,,,,,,,645.5863,,,,,,,,,,,,,487.06,,,,,,,,,,,,,3154128.93,,,,,,,,,,,,,7484434,,,,,,,,,,,,,,,,
2017-11-30,898,,99.65,,,,,192.3,1.36,643.8615,344089.48,141.1299,158.7956,594,,80.22,,,,,238.6,1.59,485.02,301429.88,242.6647,236.3127,846.4,,75.29,,,,,189.6,1.52,3148126.36,468944.28,0,9.018,820.1,,232.87,,81.76,,,171.8,1.55,7449202,116.6,120.4697,31.7205,,,,,3.25,,124.4,119.5,124.60000000000001,1.7,0.0128,2.8,0
2017-12-01,,,,,,,,,,654.6211,,,,,,,,,,,,,486.15,,,,,,,,,,,,,3139176.95,,,,,,,,,,,,,7436636,,,,,,,,,,,,,,,,
2017-12-02,,,,,,,,,,,,,,,,,,,,,,,486.14,,,,,,,,,,,,,3129756.49,,,,,,,,,,,,,7411165,,,,,,,,,,,,,,,,
2017-12-03,,,,,185374.72,2127,87.15313587212036,,,648.1964,,,,,,,,,,,,,485.61,,,,,,,,98156.19,1188,82.62305555555555,,,3117899.31,,,,,,,,,,,,,7395248,,,,,,,,,,,,,,,,
2017-12-04,,190.34,,33.04,,,,,,673.6269,,,,,188.03,,31.3,,,,,,485.01,,,,,202.83,,35.63,,,,,,3107870.69,,,,,177.24,,43.18,,,,,,7332200,,,,,,,,,,,,,,,,
2017-12-05,,,,,,,,,,672.716,,,,,,,,,,,,,485.86,,,,,,,,,,,,,3099450.49,,,,,,,,,,,,,7317828,,,,,,,,,,,,,,,,
2017-12-06,,,,,,,,,,669.056,,,,,,,,,,,,,485.41,,,,,,,,,,,,,3123107.8,,,,,,,,,,,,,7299853,,,,,,,,,,,,,,,,
2017-12-07,,,,,,,,,,658.8662,,,,,,,,,,,,,484.98,,,,,,,,,,,,,3193673.75,,,,,,,,,,,,,7280624,,,,,,,,,,,,,,,,
2017-12-08,,,,,,,,,,657.4521,,,,,,,,,,,,,483.33,,,,,,,,,,,,,3175930.63,,,,,,,,,,,,,7290861,,,,,,,,,,,,,,,,
2017-12-09,,,,,,,,,,654.5087,,,,,,,,,,,,,491.12,,,,,,,,,,,,,3047831.44,,,,,,,,,,,,,7262364,,,,,,,,,,,,,,,,
2017-12-10,,,,,174133.59,1951,89.25350589441312,,,648.6996,,,,,,,,,,,,,489.96,,,,,,,,106996.35,1247,85.80300721732158,,,2970600.36,,,,,,,,,,,,,7246161,,,,,,,,,,,,,,,,
2017-12-11,,190.41,,29.85,,,,,,652.4009,,,,,187.84,,30.52,,,,,,488.78,,,,,203.47,,35.76,,,,,,3023425.76,,,,,176.91,,43.09,,,,,,7200362,,,,,,,,,,,,,,,,
2017-12-12,,,,,,,,,,646.2181,,,,,,,,,,,,,489.88,,,,,,,,,,,,,3001900.34,,,,,,,,,,,,,7096228,,,,,,,,,,,,,,,,
2017-12-13,,,,,,,,,,645.1798,,,,,,,,,,,,,488.31,,,,,,,,,,,,,3003091.4,,,,,,,,,,,,,7090901,,,,,,,,,,,,,,,,
2017-12-14,,,,,,,,,,644.742,,,,,,,,,,,,,486.86,,,,,,,,,,,,,3377854.66,,,,,,,,,,,,,7167033,,,,,,,,,,,,,,,,
2017-12-15,,,,,,,,,,642.4567,,,,,,,,,,,,,485.4,,,,,,,,,,,,,3352810.64,,,,,,,,,,,,,7194903,,,,,,,,,,,,,,,,
2017-12-16,,,,,,,,,,633.1864,,,,,,,,,,,,,482.87,,,,,,,,,,,,,3335322.83,,,,,,,,,,,,,7174059,,,,,,,,,,,,,,,,
2017-12-17,,,,,190919.05,2191,87.13785942492012,,,632.001,,,,,,,,,,,,,480.75,,,,,,,,134867.11,1666,80.95264705882353,,,3411903.34,,,,,,,,,,,,,7162460,,,,,,,,,,,,,,,,
2017-12-18,,189.95,,26.7,,,,,,643.5267,,,,,188.52,,32.42,,,,,,479.4,,,,,205.54,,37.69,,,,,,3384683.21,,,,,177.37,,41.07,,,,,,7139849,,,,,,,,,,,,,,,,
2017-12-19,,,,,,,,,,642.2979,,,,,,,,,,,,,477.53,,,,,,,,,,,,,3352615.77,,,,,,,,,,,,,7140212,,,,,,,,,,,,,,,,
2017-12-20,,,,,,,,,,644.919,,,,,,,,,,,,,476.85,,,,,,,,,,,,,3334402.96,,,,,,,,,,,,,7152912,,,,,,,,,,,,,,,,
2017-12-21,,,,,,,,,,641.4295,,,,,,,,,,,,,481.35,,,,,,,,,,,,,3437334.49,,,,,,,,,,,,,7156437,,,,,,,,,,,,,,,,
2017-12-22,,,,,,,,,,658.4272,,,,,,,,,,,,,479.76,,,,,,,,,,,,,3471635.96,,,,,,,,,,,,,7437108,,,,,,,,,,,,,,,,
2017-12-23,,,,,,,,,,657.6326,,,,,,,,,,,,,478.15,,,,,,,,,,,,,3461556.44,,,,,,,,,,,,,7408222,,,,,,,,,,,,,,,,
2017-12-24,,,,,203569.26,2346,86.77291560102302,,,653.0657,,,,,,,,,,,,,477.16,,,,,,,,159064.31,1955,81.36281841432225,,,3452821.35,,,,,,,,,,,,,7388705,,,,,,,,,,,,,,,,
2017-12-25,,189.59,,18.1,,,,,,652.2589,,,,,188.62,,33.62,,,,,,477.31,,,,,204.52,,34.16,,,,,,3432867.99,,,,,177.77,,36.96,,,,,,7443637,,,,,,,,,,,,,,,,
2017-12-26,,,,,,,,,,650.624,,,,,,,,,,,,,475.73,,,,,,,,,,,,,3428938.56,,,,,,,,,,,,,7417499,,,,,,,,,,,,,,,,
2017-12-27,,,,,,,,,,648.3962,,,,,,,,,,,,,476.19,,,,,,,,,,,,,3454326.27,,,,,,,,,,,,,7526564,,,,,,,,,,,,,,,,
2017-12-28,,,,,,,,,,652.3015,,,,,,,,,,,,,473.59,,,,,,,,,,,,,3435857.25,,,,,,,,,,,,,7573806,,,,,,,,,,,,,,,,
2017-12-29,,,,,,,,,,654.4913,,,,,,,,,,,,,477.39,,,,,,,,,,,,,3399892.7,,,,,,,,,,,,,7507391,,,,,,,,,,,,,,,,
2017-12-30,,,,,,,,,,651.9695,,,,,,,,,,,,,487.14,,,,,,,,,,,,,3391829.02,,,,,,,,,,,,,7468555,,,,,,,,,,,,,,,,
2017-12-31,870,,97.5,,295954.87,3356,88.18679082240763,197.5,1.45,646.6206,496830.84,277.0426,94.511,599,,86.73,,,,,236.5,1.56,487.15,74746.64,125.8506,193.2156,859,,81.43,,174295.05,2064,84.44527616279069,189.5,1.5,3385871.51,710119.37,25.051,0,833.2,,227.04,,77.6,,,169.7,1.5,7452641,79.4,212.9736,262.1101,8.5,8.7,8.8,9,3.25,5.26,126.3,120.3,125.9,1.8,0.3,2.8,0
2018-01-01,,188.86,,22.39,,,,,,611.3967,,,,,188.29,,31.73,,,,,,486.71,,,,,203.16,,39.42,,,,,,3385796.85,,,,,179.25,,42.03,,,,,,7443768,,,,,,,,,,,,,,,,
2018-01-02,,,,,,,,,,622.7909,,,,,,,,,,,,,487.13,,,,,,,,,,,,,3368308.93,,,,,,,,,,,,,7446284,,,,,,,,,,,,,,,,
2018-01-03,,,,,,,,,,633.1524,,,,,,,,,,,,,494.97,,,,,,,,,,,,,3343519.48,,,,,,,,,,,,,7435853,,,,,,,,,,,,,,,,
2018-01-04,,,,,,,,,,635.0292,,,,,,,,,,,,,494.59,,,,,,,,,,,,,3313131.07,,,,,,,,,,,,,7460423,,,,,,,,,,,,,,,,
2018-01-05,,,,,,,,,,638.4298,,,,,,,,,,,,,493.03,,,,,,,,,,,,,3296565.33,,,,,,,,,,,,,7456522,,,,,,,,,,,,,,,,
2018-01-06,,,,,,,,,,632.9531,,,,,,,,,,,,,488.02,,,,,,,,,,,,,3285906.16,,,,,,,,,,,,,7433314,,,,,,,,,,,,,,,,
2018-01-07,,,,,106755.23,1247,85.6096471531676,,,630.9733,,,,,,,,,,,,,487.16,,,,,,,,87841.59,1060,82.86942452830189,,,3276368.84,,,,,,,,,,,,,7430146,,,,,,,,,,,,,,,,
2018-01-08,,188.24,,21.88,,,,,,634.0623,,,,,188.77,,32.07,,,,,,487.35,,,,,203.38,,42.05,,,,,,3273386.47,,,,,178.14,,38.35,,,,,,7409924,,,,,,,,,,,,,,,,
2018-01-09,,,,,,,,,,634.7211,,,,,,,,,,,,,491.28,,,,,,,,,,,,,3238634.94,,,,,,,,,,,,,7414099,,,,,,,,,,,,,,,,
2018-01-10,,,,,,,,,,631.8454,,,,,,,,,,,,,489.77,,,,,,,,,,,,,3219430.35,,,,,,,,,,,,,7418031,,,,,,,,,,,,,,,,
2018-01-11,,,,,,,,,,626.5558,,,,,,,,,,,,,490.88,,,,,,,,,,,,,3197059.52,,,,,,,,,,,,,7435394,,,,,,,,,,,,,,,,
2018-01-12,,,,,,,,,,633.5553,,,,,,,,,,,,,495.98,,,,,,,,,,,,,3174573.25,,,,,,,,,,,,,7437831,,,,,,,,,,,,,,,,
2018-01-13,,,,,,,,,,632.9555,,,,,,,,,,,,,496.82,,,,,,,,,,,,,3161665.78,,,,,,,,,,,,,7419694,,,,,,,,,,,,,,,,
2018-01-14,,,,,226305.64,2494,90.74003207698476,,,632.4023,,,,,,,,,,,,,494.46,,,,,,,,131751.06,1593,82.70625235404897,,,3142352.9,,,,,,,,,,,,,7405443,,,,,,,,,,,,,,,,
2018-01-15,,188.01,,27.32,,,,,,627.6004,,,,,188.56,,29.26,,,,,,493.08,,,,,205.65,,42.19,,,,,,3131792.16,,,,,178.36,,34.18,,,,,,7403848,,,,,,,,,,,,,,,,
2018-01-16,,,,,,,,,,625.2253,,,,,,,,,,,,,492.33,,,,,,,,,,,,,3113734.63,,,,,,,,,,,,,7415576,,,,,,,,,,,,,,,,
2018-01-17,,,,,,,,,,625.2033,,,,,,,,,,,,,492.03,,,,,,,,,,,,,3057054.52,,,,,,,,,,,,,7407069,,,,,,,,,,,,,,,,
2018-01-18,,,,,,,,,,621.7429,,,,,,,,,,,,,494.2,,,,,,,,,,,,,3084364.21,,,,,,,,,,,,,7418040,,,,,,,,,,,,,,,,
2018-01-19,,,,,,,,,,609.7039,,,,,,,,,,,,,492.53,,,,,,,,,,,,,3052382.66,,,,,,,,,,,,,7469058,,,,,,,,,,,,,,,,
2018-01-20,,,,,,,,,,608.8047,,,,,,,,,,,,,491.22,,,,,,,,,,,,,3042276.5,,,,,,,,,,,,,7449874,,,,,,,,,,,,,,,,
2018-01-21,,,,,224138.17,2483,90.2690978654853,,,606.7353,,,,,,,,,,,,,490.38,,,,,,,,126773.85,1502,84.403362183755,,,3018071.23,,,,,,,,,,,,,7439740,,,,,,,,,,,,,,,,
2018-01-22,,188.17,,28.07,,,,,,609.1056,,,,,188.33,,35.93,,,,,,490.07,,,,,206.8,,41.49,,,,,,3014552.4,,,,,179.56,,40.67,,,,,,7447490,,,,,,,,,,,,,,,,
2018-01-23,,,,,,,,,,609.2821,,,,,,,,,,,,,493.37,,,,,,,,,,,,,2973238.19,,,,,,,,,,,,,7447055,,,,,,,,,,,,,,,,
2018-01-24,,,,,,,,,,609.0086,,,,,,,,,,,,,493.81,,,,,,,,,,,,,2966349.61,,,,,,,,,,,,,7475198,,,,,,,,,,,,,,,,
2018-01-25,,,,,,,,,,606.563,,,,,,,,,,,,,,,,,,,,,,,,,,2950236.96,,,,,,,,,,,,,7475617,,,,,,,,,,,,,,,,
2018-01-26,,,,,,,,,,605.6146,,,,,,,,,,,,,488.81,,,,,,,,,,,,,2941419.65,,,,,,,,,,,,,7402494,,,,,,,,,,,,,,,,
2018-01-27,,,,,,,,,,604.8335,,,,,,,,,,,,,483.74,,,,,,,,,,,,,2934645.57,,,,,,,,,,,,,7363413,,,,,,,,,,,,,,,,
2018-01-28,,,,,220836.15,2521,87.59863149543831,,,602.7159,,,,,,,,,,,,,480.18,,,,,,,,110211.78,1296,85.0399537037037,,,2929523.44,,,,,,,,,,,,,7341906,,,,,,,,,,,,,,,,
2018-01-29,,188.1,,31.17,,,,,,602.3681,,,,,187.94,,35.71,,,,,,478.49,,,,,204.82,,43.27,,,,,,2910119.87,,,,,180.52,,40.39,,,,,,7330474,,,,,,,,,,,,,,,,
2018-01-30,,,,,,,,,,603.6994,,,,,,,,,,,,,479.19,,,,,,,,,,,,,2901143.79,,,,,,,,,,,,,7324632,,,,,,,,,,,,,,,,
2018-01-31,846,,80.11,,,,,197.5,1.49,617.274,84236.66,1.3658,145.5015,588,,66.76,,,,,234.5,1.58,477.16,373852.08,15.5934,105.6448,854,,65,,,,,190.3,1.51,2893032.53,11894.59,0,0,828,,170.16,,82.02,,,167.7,1.49,7345254,72.5,85.0492,116.5515,,,,,3.25,,125.8,120.6,125.69999999999999,1.5,0.6,2.9,0
2018-02-01,,,,,,,,,,611.1103,,,,,,,,,,,,,475.23,,,,,,,,,,,,,2872619,,,,,,,,,,,,,7320105,,,,,,,,,,,,,,,,
2018-02-02,,,,,,,,,,620.2646,,,,,,,,,,,,,473.6,,,,,,,,,,,,,2854883.27,,,,,,,,,,,,,7327412,,,,,,,,,,,,,,,,
2018-02-03,,,,,,,,,,619.9616,,,,,,,,,,,,,471.78,,,,,,,,,,,,,2845436.75,,,,,,,,,,,,,7305761,,,,,,,,,,,,,,,,
2018-02-04,,,,,258755.77,2930,88.31254948805461,,,617.1547,,,,,,,,,,,,,471.11,,,,,,,,119000.68,1385,85.92106859205776,,,2841713.31,,,,,,,,,,,,,7286690,,,,,,,,,,,,,,,,
2018-02-05,,188.11,,36.75,,,,,,617.1453,,,,,187.02,,38.16,,,,,,471.46,,,,,205.5,,43.21,,,,,,2827394.31,,,,,179.61,,44.39,,,,,,7278208,,,,,,,,,,,,,,,,
2018-02-06,,,,,,,,,,624.9501,,,,,,,,,,,,,473.96,,,,,,,,,,,,,2834830.04,,,,,,,,,,,,,7300331,,,,,,,,,,,,,,,,
2018-02-07,,,,,,,,,,625.433,,,,,,,,,,,,,477.07,,,,,,,,,,,,,2825472.35,,,,,,,,,,,,,7358318,,,,,,,,,,,,,,,,
2018-02-08,,,,,,,,,,624.0638,,,,,,,,,,,,,475.96,,,,,,,,,,,,,2817391.18,,,,,,,,,,,,,7340278,,,,,,,,,,,,,,,,
2018-02-09,,,,,,,,,,620.5574,,,,,,,,,,,,,474.6,,,,,,,,,,,,,2811494.98,,,,,,,,,,,,,7344200,,,,,,,,,,,,,,,,
2018-02-10,,,,,,,,,,619.7749,,,,,,,,,,,,,477.62,,,,,,,,,,,,,2797884.51,,,,,,,,,,,,,7327595,,,,,,,,,,,,,,,,
2018-02-11,,,,,303104.56,3503,86.52713673993719,,,615.9438,,,,,,,,,,,,,478.35,,,,,,,,136966.71,1646,83.21185297691373,,,2793983.89,,,,,,,,,,,,,7377483,,,,,,,,,,,,,,,,
2018-02-12,,188.78,,30.68,,,,,,617.3662,,,,,186.24,,34.88,,,,,,478.32,,,,,206.61,,43.52,,,,,,2793643.73,,,,,179.58,,36.02,,,,,,7364075,,,,,,,,,,,,,,,,
2018-02-13,,,,,,,,,,632.3292,,,,,,,,,,,,,477.98,,,,,,,,,,,,,2793675.58,,,,,,,,,,,,,7347282,,,,,,,,,,,,,,,,
2018-02-14,,,,,,,,,,632.2595,,,,,,,,,,,,,480.72,,,,,,,,,,,,,2793675.58,,,,,,,,,,,,,7349390,,,,,,,,,,,,,,,,
2018-02-15,,,,,,,,,,,,,,,,,,,,,,,481.2,,,,,,,,,,,,,2782543.91,,,,,,,,,,,,,7348704,,,,,,,,,,,,,,,,
2018-02-16,,,,,,,,,,,,,,,,,,,,,,,481.38,,,,,,,,,,,,,2782543.91,,,,,,,,,,,,,7348316,,,,,,,,,,,,,,,,
2018-02-17,,,,,,,,,,,,,,,,,,,,,,,481.86,,,,,,,,,,,,,2782543.91,,,,,,,,,,,,,,,,,,,,,,,,,,,,,
2018-02-18,,,,,46479.73,548,84.81702554744525,,,,,,,,,,,,,,,,482.18,,,,,,,,18292.24,212,86.28415094339623,,,2782543.91,,,,,,,,,,,,,,,,,,,,,,,,,,,,,
2018-02-19,,188.6,,,,,,,,,,,,,188.57,,30,,,,,,482.16,,,,,206.44,,34.62,,,,,,2782543.91,,,,,175.63,,33.33,,,,,,7347174,,,,,,,,,,,,,,,,
2018-02-20,,,,,,,,,,,,,,,,,,,,,,,482.2,,,,,,,,,,,,,2782543.91,,,,,,,,,,,,,7346966,,,,,,,,,,,,,,,,
2018-02-21,,,,,,,,,,,,,,,,,,,,,,,482.08,,,,,,,,,,,,,2782543.91,,,,,,,,,,,,,7346771,,,,,,,,,,,,,,,,
2018-02-22,,,,,,,,,,618.4962,,,,,,,,,,,,,481.58,,,,,,,,,,,,,2782543.91,,,,,,,,,,,,,7340002,,,,,,,,,,,,,,,,
2018-02-23,,,,,,,,,,623.0074,,,,,,,,,,,,,481.56,,,,,,,,,,,,,2780642.43,,,,,,,,,,,,,7328891,,,,,,,,,,,,,,,,
2018-02-24,,,,,,,,,,624.8015,,,,,,,,,,,,,483.65,,,,,,,,,,,,,2776341.58,,,,,,,,,,,,,7338943,,,,,,,,,,,,,,,,
2018-02-25,,,,,70299.59,797,88.20525721455458,,,623.7409,,,,,,,,,,,,,482.42,,,,,,,,16795.86,215,78.12027906976745,,,2718354.2,,,,,,,,,,,,,7325450,,,,,,,,,,,,,,,,
2018-02-26,,186.93,,41.18,,,,,,623.1534,,,,,190.71,,49.62,,,,,,481.66,,,,,206.91,,42.59,,,,,,2723050.77,,,,,183.04,,55.56,,,,,,7334256,,,,,,,,,,,,,,,,
2018-02-27,,,,,,,,,,621.2282,,,,,,,,,,,,,482.21,,,,,,,,,,,,,2718626.39,,,,,,,,,,,,,7316934,,,,,,,,,,,,,,,,
2018-02-28,844,,59.22,,,,,195.9,1.48,616.5989,243308.1,0,80.4621,594.5,,47,,,,,238.5,1.59,479.36,74462.17,59.7787,15.8506,862,,47.08,,,,,192.2,1.51,2673070.87,183833.9,0,25.051,827,,99.99,,66.03,,,166.8,1.49,7314431,30.3495,0,44.3001,,,,,3.25,,126.5,123.2,127.39999999999999,2.9,1.2,2.3,0
2018-03-01,,,,,,,,,,612.4678,,,,,,,,,,,,,477.68,,,,,,,,,,,,,2662027.2,,,,,,,,,,,,,7303117,,,,,,,,,,,,,,,,
2018-03-02,,,,,,,,,,610.5433,,,,,,,,,,,,,477.11,,,,,,,,,,,,,2663740.86,,,,,,,,,,,,,7293181,,,,,,,,,,,,,,,,
2018-03-03,,,,,,,,,,610.0809,,,,,,,,,,,,,476,,,,,,,,,,,,,2654160.31,,,,,,,,,,,,,7274925,,,,,,,,,,,,,,,,
2018-03-04,,,,,230975.51,2683,86.08852404025345,,,608.8166,,,,,,,,,,,,,474.47,,,,,,,,69075.34,851,81.16961222091656,,,2648204.12,,,,,,,,,,,,,7268264,,,,,,,,,,,,,,,,
2018-03-05,,186.7,,36.36,,,,,,604.2778,,,,,190.83,,45.73,,,,,,473.78,,,,,207.66,,49.64,,,,,,2638172.45,,,,,184.55,,44.88,,,,,,7251789,,,,,,,,,,,,,,,,
2018-03-06,,,,,,,,,,609.6358,,,,,,,,,,,,,472.25,,,,,,,,,,,,,2629388.35,,,,,,,,,,,,,7229119,,,,,,,,,,,,,,,,
2018-03-07,,,,,,,,,,607.4422,,,,,,,,,,,,,470.88,,,,,,,,,,,,,2620803.98,,,,,,,,,,,,,7218879,,,,,,,,,,,,,,,,
2018-03-08,,,,,,,,,,608.6934,,,,,,,,,,,,,476.34,,,,,,,,,,,,,2639009.02,,,,,,,,,,,,,7221588,,,,,,,,,,,,,,,,
2018-03-09,,,,,,,,,,609.2158,,,,,,,,,,,,,478.07,,,,,,,,,,,,,2627356.69,,,,,,,,,,,,,7262473,,,,,,,,,,,,,,,,
2018-03-10,,,,,,,,,,608.9006,,,,,,,,,,,,,478.61,,,,,,,,,,,,,2620482.99,,,,,,,,,,,,,7239602,,,,,,,,,,,,,,,,
2018-03-11,,,,,161329.8,1848,87.29967532467532,,,608.3485,,,,,,,,,,,,,477.53,,,,,,,,97820.7,1160,84.32818965517241,,,2616626.09,,,,,,,,,,,,,7228535,,,,,,,,,,,,,,,,
2018-03-12,,186.8,,37.4,,,,,,609.8644,,,,,190.66,,36.08,,,,,,476.66,,,,,207.4,,46.75,,,,,,2662435.23,,,,,184.23,,46.44,,,,,,7215107,,,,,,,,,,,,,,,,
2018-03-13,,,,,,,,,,614.5135,,,,,,,,,,,,,476.26,,,,,,,,,,,,,2653239.22,,,,,,,,,,,,,7223677,,,,,,,,,,,,,,,,
2018-03-14,,,,,,,,,,614.124,,,,,,,,,,,,,475.01,,,,,,,,,,,,,2643016.65,,,,,,,,,,,,,7222198,,,,,,,,,,,,,,,,
2018-03-15,,,,,,,,,,613.73,,,,,,,,,,,,,473.54,,,,,,,,,,,,,2634843.47,,,,,,,,,,,,,7254516,,,,,,,,,,,,,,,,
2018-03-16,,,,,,,,,,613.1947,,,,,,,,,,,,,472.11,,,,,,,,,,,,,2617776.7,,,,,,,,,,,,,7312835,,,,,,,,,,,,,,,,
2018-03-17,,,,,,,,,,611.9955,,,,,,,,,,,,,470.37,,,,,,,,,,,,,2617599.37,,,,,,,,,,,,,7285685,,,,,,,,,,,,,,,,
2018-03-18,,,,,192324.18,2173,88.50629544408652,,,606.7283,,,,,,,,,,,,,468.21,,,,,,,,110373.34,1357,81.33628592483419,,,2613469.19,,,,,,,,,,,,,7268668,,,,,,,,,,,,,,,,
2018-03-19,,186.64,,31.32,,,,,,605.2326,,,,,190.11,,31.2,,,,,,467.51,,,,,207.44,,41.27,,,,,,2605147.3,,,,,183.32,,37.1,,,,,,7240570,,,,,,,,,,,,,,,,
2018-03-20,,,,,,,,,,604.3674,,,,,,,,,,,,,466.8,,,,,,,,,,,,,2654161.26,,,,,,,,,,,,,7220652,,,,,,,,,,,,,,,,
2018-03-21,,,,,,,,,,607.0012,,,,,,,,,,,,,465.62,,,,,,,,,,,,,2646758.93,,,,,,,,,,,,,7199601,,,,,,,,,,,,,,,,
2018-03-22,,,,,,,,,,610.7315,,,,,,,,,,,,,468.71,,,,,,,,,,,,,2638205.45,,,,,,,,,,,,,7282734,,,,,,,,,,,,,,,,
2018-03-23,,,,,,,,,,613.8633,,,,,,,,,,,,,,,,,,,,,,,,,,2655303.58,,,,,,,,,,,,,7313982,,,,,,,,,,,,,,,,
2018-03-24,,,,,,,,,,611.5159,,,,,,,,,,,,,465.02,,,,,,,,,,,,,2650529.57,,,,,,,,,,,,,7288061,,,,,,,,,,,,,,,,
2018-03-25,,,,,208104.88,2422,85.92274153592072,,,611.1284,,,,,,,,,,,,,463.58,,,,,,,,105279.98,1285,81.92994552529183,,,2646330.34,,,,,,,,,,,,,7272104,,,,,,,,,,,,,,,,
2018-03-26,,186.39,,34.15,,,,,,602.4583,,,,,188.46,,32.95,,,,,,463.26,,,,,208.75,,38.35,,,,,,2641125.72,,,,,182.66,,37.83,,,,,,7300271,,,,,,,,,,,,,,,,
2018-03-27,,,,,,,,,,601.4902,,,,,,,,,,,,,467.52,,,,,,,,,,,,,2623182.46,,,,,,,,,,,,,7319216,,,,,,,,,,,,,,,,
2018-03-28,,,,,,,,,,600.771,,,,,,,,,,,,,458.71,,,,,,,,,,,,,2614264.08,,,,,,,,,,,,,7299826,,,,,,,,,,,,,,,,
2018-03-29,,,,,,,,,,602.986,,,,,,,,,,,,,457.7,,,,,,,,,,,,,2612908.12,,,,,,,,,,,,,7234686,,,,,,,,,,,,,,,,
2018-03-30,,,,,,,,,,628.9541,,,,,,,,,,,,,455.21,,,,,,,,,,,,,2660256.95,,,,,,,,,,,,,7396231,,,,,,,,,,,,,,,,
2018-03-31,844,,94.3,,,,,196.9,1.49,623.9856,355487.44,46.7424,0,594,,74.8,,,,,239.1,1.59,453.65,331678.74,85.0179,106.4722,878,,84.12,,,,,195.5,1.51,2649948.55,108408.46,0,0,836,,170.97,,52.77,,,167.5,1.48,7364133,45.1987,91.4794,0,9,,,8.3,3.25,5.42,125.6,120.4,125.69999999999999,2.1,-1.1,2.4,0.6
2018-04-01,,,,,296962.29,3452,86.02615585168019,,,617.1592,,,,,,,,,,,,,452.67,,,,,,,,119312.04,1453,82.11427391603578,,,2640543.36,,,,,,,,,,,,,7342022,,,,,,,,,,,,,,,,
2018-04-02,,185.53,,32.24,,,,,,616.4391,,,,,188.75,,30.89,,,,,,452.29,,,,,210.22,,35.72,,,,,,2567147.36,,,,,183.19,,31.28,,,,,,7320163,,,,,,,,,,,,,,,,
2018-04-03,,,,,,,,,,620.6805,,,,,,,,,,,,,452.15,,,,,,,,,,,,,2544876.45,,,,,,,,,,,,,7304368,,,,,,,,,,,,,,,,
2018-04-04,,,,,,,,,,621.6586,,,,,,,,,,,,,510.37,,,,,,,,,,,,,2627079.92,,,,,,,,,,,,,7320230,,,,,,,,,,,,,,,,
2018-04-05,,,,,,,,,,620.3665,,,,,,,,,,,,,509.63,,,,,,,,,,,,,2621596.41,,,,,,,,,,,,,7312266,,,,,,,,,,,,,,,,
2018-04-06,,,,,,,,,,620.2389,,,,,,,,,,,,,508.98,,,,,,,,,,,,,2617646.91,,,,,,,,,,,,,7303737,,,,,,,,,,,,,,,,
2018-04-07,,,,,,,,,,616.4372,,,,,,,,,,,,,508.45,,,,,,,,,,,,,2568391.59,,,,,,,,,,,,,7297701,,,,,,,,,,,,,,,,
2018-04-08,,,,,243301.28,2817,86.36893148739794,,,620.5111,,,,,,,,,,,,,507.97,,,,,,,,77715.14,943,82.41266171792152,,,2557650.09,,,,,,,,,,,,,7287464,,,,,,,,,,,,,,,,
2018-04-09,,185.11,,30,,,,,,619.0099,,,,,189.49,,30.78,,,,,,512.07,,,,,210.94,,36.2,,,,,,2552352.32,,,,,183.48,,29.66,,,,,,7258575,,,,,,,,,,,,,,,,
2018-04-10,,,,,,,,,,621.2337,,,,,,,,,,,,,540.43,,,,,,,,,,,,,2553034.36,,,,,,,,,,,,,7284445,,,,,,,,,,,,,,,,
2018-04-11,,,,,,,,,,623.4393,,,,,,,,,,,,,549.76,,,,,,,,,,,,,2502167.68,,,,,,,,,,,,,7298078,,,,,,,,,,,,,,,,
2018-04-12,,,,,,,,,,622.4629,,,,,,,,,,,,,548.96,,,,,,,,,,,,,2495357.96,,,,,,,,,,,,,7261643,,,,,,,,,,,,,,,,
2018-04-13,,,,,,,,,,624.702,,,,,,,,,,,,,548.13,,,,,,,,,,,,,2489175.47,,,,,,,,,,,,,7261388,,,,,,,,,,,,,,,,
2018-04-14,,,,,,,,,,623.6177,,,,,,,,,,,,,550.39,,,,,,,,,,,,,2483591.68,,,,,,,,,,,,,7241808,,,,,,,,,,,,,,,,
2018-04-15,,,,,327255.17,3772,86.75905885471899,,,622.7394,,,,,,,,,,,,,551.24,,,,,,,,120682.56,1496,80.67016042780749,,,2478640.04,,,,,,,,,,,,,7229704,,,,,,,,,,,,,,,,
2018-04-16,,185.34,,34.36,,,,,,622.7703,,,,,188.13,,30.04,,,,,,550.34,,,,,212.65,,36.61,,,,,,2473388.07,,,,,181.42,,35.07,,,,,,7194389,,,,,,,,,,,,,,,,
2018-04-17,,,,,,,,,,622.0299,,,,,,,,,,,,,549.2,,,,,,,,,,,,,2507214.52,,,,,,,,,,,,,7231060,,,,,,,,,,,,,,,,
2018-04-18,,,,,,,,,,626.1921,,,,,,,,,,,,,551.24,,,,,,,,,,,,,2497204.24,,,,,,,,,,,,,7178676,,,,,,,,,,,,,,,,
2018-04-19,,,,,,,,,,623.6651,,,,,,,,,,,,,554.82,,,,,,,,,,,,,2492584.94,,,,,,,,,,,,,7161141,,,,,,,,,,,,,,,,
2018-04-20,,,,,,,,,,622.6094,,,,,,,,,,,,,552.17,,,,,,,,,,,,,2484677.84,,,,,,,,,,,,,7172097,,,,,,,,,,,,,,,,
2018-04-21,,,,,,,,,,618.4579,,,,,,,,,,,,,551.48,,,,,,,,,,,,,2476571.66,,,,,,,,,,,,,7153131,,,,,,,,,,,,,,,,
2018-04-22,,,,,184109.62,2073,88.81313072841293,,,615.9622,,,,,,,,,,,,,,,,,,,,,134025.4,1640,81.72280487804878,,,2473891.34,,,,,,,,,,,,,7141085,,,,,,,,,,,,,,,,
2018-04-23,,185.26,,39.47,,,,,,606.7417,,,,,188.26,,29.15,,,,,,548.32,,,,,214.22,,42.16,,,,,,2477940.5,,,,,182.65,,39.96,,,,,,7222454,,,,,,,,,,,,,,,,
2018-04-24,,,,,,,,,,608.1661,,,,,,,,,,,,,549.06,,,,,,,,,,,,,2470618.39,,,,,,,,,,,,,7212450,,,,,,,,,,,,,,,,
2018-04-25,,,,,,,,,,607.7058,,,,,,,,,,,,,546.93,,,,,,,,,,,,,2465320.15,,,,,,,,,,,,,7234795,,,,,,,,,,,,,,,,
2018-04-26,,,,,,,,,,601.0245,,,,,,,,,,,,,544.58,,,,,,,,,,,,,2546399.16,,,,,,,,,,,,,7207806,,,,,,,,,,,,,,,,
2018-04-27,,,,,,,,,,593.5641,,,,,,,,,,,,,548.06,,,,,,,,,,,,,2537251.04,,,,,,,,,,,,,7218868,,,,,,,,,,,,,,,,
2018-04-28,,,,,,,,,,594.8141,,,,,,,,,,,,,544.95,,,,,,,,,,,,,2526650.04,,,,,,,,,,,,,7268251,,,,,,,,,,,,,,,,
2018-04-29,,,,,422031.56,4869,86.6772561100842,,,594.6745,,,,,,,,,,,,,542.04,,,,,,,,147522.54,1818,81.14551155115511,,,2519846.32,,,,,,,,,,,,,7249226,,,,,,,,,,,,,,,,
2018-04-30,851,184.84,82.98,33.33,,,,200,1.5,594.652,72771.31,0,19.7903,603,188.89,79.2,29.67,,,,239.2,1.57,539.98,829496.38,12.0616,18.0454,882.7,213.49,99.9,45.02,,,,199.2,1.53,2512105.8,266578.61,0,0,850,184.85,152.39,34.17,72.71,,,169.1,1.47,7238638,82.6867,0,91.4794,,,,,3.25,,126.5,120.8,126.5,1.8,-0.2,2.4,0.2
2018-05-01,,,,,,,,,,592.7339,,,,,,,,,,,,,537.6,,,,,,,,,,,,,2503440.08,,,,,,,,,,,,,7231591,,,,,,,,,,,,,,,,
2018-05-02,,,,,,,,,,590.7196,,,,,,,,,,,,,536.64,,,,,,,,,,,,,2492015.44,,,,,,,,,,,,,7200108,,,,,,,,,,,,,,,,
2018-05-03,,,,,,,,,,589.7392,,,,,,,,,,,,,534.95,,,,,,,,,,,,,2484570.86,,,,,,,,,,,,,7185560,,,,,,,,,,,,,,,,
2018-05-04,,,,,,,,,,586.6291,,,,,,,,,,,,,534.27,,,,,,,,,,,,,2471653.85,,,,,,,,,,,,,7189300,,,,,,,,,,,,,,,,
2018-05-05,,,,,,,,,,586.5928,,,,,,,,,,,,,533.64,,,,,,,,,,,,,2462718.79,,,,,,,,,,,,,7160430,,,,,,,,,,,,,,,,
2018-05-06,,,,,268272.67,3237,82.87694470188445,,,585.8811,,,,,,,,,,,,,531.51,,,,,,,,63853.72,779,81.96883183568677,,,2451966.41,,,,,,,,,,,,,7139726,,,,,,,,,,,,,,,,
2018-05-07,,184.73,,28,,,,,,584.9401,,,,,188.95,,29.23,,,,,,530.42,,,,,212.56,,52.37,,,,,,2440496.69,,,,,184.7,,33.62,,,,,,7147288,,,,,,,,,,,,,,,,
2018-05-08,,,,,,,,,,586.703,,,,,,,,,,,,,530.02,,,,,,,,,,,,,2453150.95,,,,,,,,,,,,,7131333,,,,,,,,,,,,,,,,
2018-05-09,,,,,,,,,,583.5463,,,,,,,,,,,,,528.27,,,,,,,,,,,,,2440512.79,,,,,,,,,,,,,7162262,,,,,,,,,,,,,,,,
2018-05-10,,,,,,,,,,561.0624,,,,,,,,,,,,,527.44,,,,,,,,,,,,,2424968.92,,,,,,,,,,,,,7137374,,,,,,,,,,,,,,,,
2018-05-11,,,,,,,,,,560.7993,,,,,,,,,,,,,525.49,,,,,,,,,,,,,,,,,,,,,,,,,,7120910,,,,,,,,,,,,,,,,
2018-05-12,,,,,,,,,,552.471,,,,,,,,,,,,,523.65,,,,,,,,,,,,,,,,,,,,,,,,,,7093160,,,,,,,,,,,,,,,,
2018-05-13,,,,,342237.91,4089,83.69721447786745,,,551.2873,,,,,,,,,,,,,522.91,,,,,,,,95992.01,1189,80.73339781328848,,,2415784.42,,,,,,,,,,,,,7079208,,,,,,,,,,,,,,,,
2018-05-14,,184.45,,35.91,,,,,,550.9434,,,,,191.29,,29.36,,,,,,522.1,,,,,213.48,,55.47,,,,,,2400159.81,,,,,185.08,,32.5,,,,,,7053500,,,,,,,,,,,,,,,,
2018-05-15,,,,,,,,,,555.3077,,,,,,,,,,,,,520.69,,,,,,,,,,,,,2352897.15,,,,,,,,,,,,,7068371,,,,,,,,,,,,,,,,
2018-05-16,,,,,,,,,,558.3533,,,,,,,,,,,,,519.64,,,,,,,,,,,,,2473300.39,,,,,,,,,,,,,7049524,,,,,,,,,,,,,,,,
2018-05-17,,,,,,,,,,559.0622,,,,,,,,,,,,,518.13,,,,,,,,,,,,,2541620.97,,,,,,,,,,,,,7211657,,,,,,,,,,,,,,,,
2018-05-18,,,,,,,,,,566.5585,,,,,,,,,,,,,517.09,,,,,,,,,,,,,2529722.23,,,,,,,,,,,,,7218971,,,,,,,,,,,,,,,,
2018-05-19,,,,,,,,,,563.7152,,,,,,,,,,,,,515.89,,,,,,,,,,,,,2521521.26,,,,,,,,,,,,,7199293,,,,,,,,,,,,,,,,
2018-05-20,,,,,320897.64,3864,83.04804347826087,,,551.713,,,,,,,,,,,,,516.23,,,,,,,,128271.19,1610,79.67154658385093,,,2513352.91,,,,,,,,,,,,,7182715,,,,,,,,,,,,,,,,
2018-05-21,,184.88,,37.44,,,,,,548.3534,,,,,188.07,,30.39,,,,,,515.68,,,,,214.79,,53.88,,,,,,2502704.86,,,,,183.97,,37.29,,,,,,7134587,,,,,,,,,,,,,,,,
2018-05-22,,,,,,,,,,547.3495,,,,,,,,,,,,,513.94,,,,,,,,,,,,,2478259.58,,,,,,,,,,,,,7250701,,,,,,,,,,,,,,,,
2018-05-23,,,,,,,,,,547.6301,,,,,,,,,,,,,512.17,,,,,,,,,,,,,2534705.56,,,,,,,,,,,,,7466235,,,,,,,,,,,,,,,,
2018-05-24,,,,,,,,,,546.5419,,,,,,,,,,,,,511.38,,,,,,,,,,,,,2562425.05,,,,,,,,,,,,,7578008,,,,,,,,,,,,,,,,
2018-05-25,,,,,,,,,,546.4241,,,,,,,,,,,,,509.67,,,,,,,,,,,,,2553484.13,,,,,,,,,,,,,7689919,,,,,,,,,,,,,,,,
2018-05-26,,,,,,,,,,546.187,,,,,,,,,,,,,506.71,,,,,,,,,,,,,2546161.83,,,,,,,,,,,,,7640361,,,,,,,,,,,,,,,,
2018-05-27,,,,,320509.47,3818,83.94695390256679,,,540.2719,,,,,,,,,,,,,504.25,,,,,,,,127228.02,1576,80.72843908629442,,,2541148.16,,,,,,,,,,,,,7588612,,,,,,,,,,,,,,,,
2018-05-28,,185.23,,36.53,,,,,,537.6877,,,,,187.48,,29.83,,,,,,502.47,,,,,214.01,,52.2,,,,,,2572885.54,,,,,185.15,,31.12,,,,,,7537345,,,,,,,,,,,,,,,,
2018-05-29,,,,,,,,,,534.3639,,,,,,,,,,,,,500.82,,,,,,,,,,,,,2562766.14,,,,,,,,,,,,,7533313,,,,,,,,,,,,,,,,
2018-05-30,,,,,,,,,,534.3441,,,,,,,,,,,,,497.99,,,,,,,,,,,,,2555021.94,,,,,,,,,,,,,7504973,,,,,,,,,,,,,,,,
2018-05-31,852,,100.71,,,,,204.6,1.53,558.8434,343126.46,58.4593,0,605.1,,87.67,,,,,236.6,1.55,497.03,300129.03,75.4542,27.5051,886.9,,109.51,,,,,200.1,1.58,2548829.03,481464.57,0,0,868,,187.17,,79.62,,,170.3,1.45,7457794,115.22,122.5991,1.6282,,,,,3.25,,126.4,120.9,126.1,1.8,-0.2,2.4,0.1
2018-06-01,,,,,,,,,,558.8253,,,,,,,,,,,,,495.76,,,,,,,,,,,,,2570738.75,,,,,,,,,,,,,7406471,,,,,,,,,,,,,,,,
2018-06-02,,,,,,,,,,558.7612,,,,,,,,,,,,,507.05,,,,,,,,,,,,,2562939.22,,,,,,,,,,,,,7376542,,,,,,,,,,,,,,,,
2018-06-03,,,,,331475.46,3915,84.66806130268199,,,550.8107,,,,,,,,,,,,,505.25,,,,,,,,120512.88,1470,81.98155102040816,,,2555061.95,,,,,,,,,,,,,7360583,,,,,,,,,,,,,,,,
2018-06-04,,185.04,,35.37,,,,,,547.2474,,,,,188.75,,27.55,,,,,,503.43,,,,,214.66,,50.76,,,,,,2622196.95,,,,,189.33,,33.57,,,,,,7395265,,,,,,,,,,,,,,,,
2018-06-05,,,,,,,,,,545.3816,,,,,,,,,,,,,501.15,,,,,,,,,,,,,2615782.61,,,,,,,,,,,,,7395471,,,,,,,,,,,,,,,,
2018-06-06,,,,,,,,,,554.033,,,,,,,,,,,,,502.83,,,,,,,,,,,,,2607393.64,,,,,,,,,,,,,7396127,,,,,,,,,,,,,,,,
2018-06-07,,,,,,,,,,562.1672,,,,,,,,,,,,,501.06,,,,,,,,,,,,,2655133.98,,,,,,,,,,,,,7432839,,,,,,,,,,,,,,,,
2018-06-08,,,,,,,,,,565.4853,,,,,,,,,,,,,499.84,,,,,,,,,,,,,2665166.02,,,,,,,,,,,,,7518844,,,,,,,,,,,,,,,,
2018-06-09,,,,,,,,,,565.4571,,,,,,,,,,,,,498.74,,,,,,,,,,,,,2659952.69,,,,,,,,,,,,,7494580,,,,,,,,,,,,,,,,
2018-06-10,,,,,318568.36,3761,84.70310023929805,,,565.0499,,,,,,,,,,,,,497.97,,,,,,,,117423.03,1451,80.92558924879394,,,2651025.57,,,,,,,,,,,,,7481326,,,,,,,,,,,,,,,,
2018-06-11,,185.44,,29.03,,,,,,587.9273,,,,,188.78,,28.37,,,,,,497.77,,,,,217.15,,51.15,,,,,,2648962.93,,,,,191.39,,32.78,,,,,,7472886,,,,,,,,,,,,,,,,
2018-06-12,,,,,,,,,,590.3735,,,,,,,,,,,,,495.72,,,,,,,,,,,,,2642790.42,,,,,,,,,,,,,7487544,,,,,,,,,,,,,,,,
2018-06-13,,,,,,,,,,588.1716,,,,,,,,,,,,,494.96,,,,,,,,,,,,,2634219.61,,,,,,,,,,,,,7501154,,,,,,,,,,,,,,,,
2018-06-14,,,,,,,,,,585.9966,,,,,,,,,,,,,517.59,,,,,,,,,,,,,2646385.86,,,,,,,,,,,,,7517178,,,,,,,,,,,,,,,,
2018-06-15,,,,,,,,,,586.9798,,,,,,,,,,,,,523.87,,,,,,,,,,,,,2637730.27,,,,,,,,,,,,,7562781,,,,,,,,,,,,,,,,
2018-06-16,,,,,,,,,,586.9044,,,,,,,,,,,,,524.63,,,,,,,,,,,,,2617709.03,,,,,,,,,,,,,7519295,,,,,,,,,,,,,,,,
2018-06-17,,,,,338733.04,3879,87.32483629801496,,,586.3838,,,,,,,,,,,,,524.67,,,,,,,,133157.12,1628,81.79184275184275,,,2607340.46,,,,,,,,,,,,,7479943,,,,,,,,,,,,,,,,
2018-06-18,,185.38,,31.25,,,,,,585.4598,,,,,188.4,,28.21,,,,,,524.32,,,,,217.47,,52.24,,,,,,2597230.01,,,,,192.18,,33.13,,,,,,7448620,,,,,,,,,,,,,,,,
2018-06-19,,,,,,,,,,590.0824,,,,,,,,,,,,,,,,,,,,,,,,,,2669100.08,,,,,,,,,,,,,7452466,,,,,,,,,,,,,,,,
2018-06-20,,,,,,,,,,591.1593,,,,,,,,,,,,,525.97,,,,,,,,,,,,,2654365.82,,,,,,,,,,,,,7523510,,,,,,,,,,,,,,,,
2018-06-21,,,,,,,,,,590.04,,,,,,,,,,,,,525.45,,,,,,,,,,,,,2804239.47,,,,,,,,,,,,,7709419,,,,,,,,,,,,,,,,
2018-06-22,,,,,,,,,,590.9627,,,,,,,,,,,,,526.76,,,,,,,,,,,,,2792776.23,,,,,,,,,,,,,7925886,,,,,,,,,,,,,,,,
2018-06-23,,,,,,,,,,590.5972,,,,,,,,,,,,,523.55,,,,,,,,,,,,,2783486.64,,,,,,,,,,,,,7894365,,,,,,,,,,,,,,,,
2018-06-24,,,,,257915.31,3022,85.34590006618134,,,589.0806,,,,,,,,,,,,,520.36,,,,,,,,103149.02,1237,83.38643492320129,,,2769497.77,,,,,,,,,,,,,7869744,,,,,,,,,,,,,,,,
2018-06-25,,186.07,,32.68,,,,,,597.8636,,,,,188.63,,27.67,,,,,,519.47,,,,,218.57,,49.34,,,,,,2759662.41,,,,,193.8,,30.18,,,,,,7966090,,,,,,,,,,,,,,,,
2018-06-26,,,,,,,,,,595.8032,,,,,,,,,,,,,517.84,,,,,,,,,,,,,2750862.11,,,,,,,,,,,,,7895195,,,,,,,,,,,,,,,,
2018-06-27,,,,,,,,,,593.6106,,,,,,,,,,,,,521.27,,,,,,,,,,,,,2735458.48,,,,,,,,,,,,,7783063,,,,,,,,,,,,,,,,
2018-06-28,,,,,,,,,,591.5906,,,,,,,,,,,,,521.28,,,,,,,,,,,,,2697320.81,,,,,,,,,,,,,7710886,,,,,,,,,,,,,,,,
2018-06-29,,,,,,,,,,593.1158,,,,,,,,,,,,,521.14,,,,,,,,,,,,,2672046.86,,,,,,,,,,,,,7778181,,,,,,,,,,,,,,,,
2018-06-30,850,,88.33,,,,,207,1.55,591.405,561237.35,0,44.2575,600,,71.08,,,,,235.9,1.59,521.78,168098.3,103.4125,21.0304,893,,87.89,,,,,201.2,1.58,2662533.16,329461,0,0,868,,166.79,,95.82,,,172.6,1.47,7734619,112.8099,0,101.2907,9,,8.1,8.8,3.25,5.6,121.1,116.5,121.2,1.9,-0.1,2.3,0.2
2018-07-01,,,,,385961.28,4463,86.48023302711181,,,585.3875,,,,,,,,,,,,,520.34,,,,,,,,119802.37,1474,81.27704884667571,,,2651767.49,,,,,,,,,,,,,7709818,,,,,,,,,,,,,,,,
2018-07-02,,185.79,,33.73,,,,,,592.5473,,,,,190.2,,32.83,,,,,,520.23,,,,,218.94,,45.8,,,,,,2639038.66,,,,,195.38,,35.47,,,,,,7712654,,,,,,,,,,,,,,,,
2018-07-03,,,,,,,,,,591.7969,,,,,,,,,,,,,522.02,,,,,,,,,,,,,2628903.43,,,,,,,,,,,,,7699110,,,,,,,,,,,,,,,,
2018-07-04,,,,,,,,,,587.4029,,,,,,,,,,,,,519.4,,,,,,,,,,,,,2628533.65,,,,,,,,,,,,,7714301,,,,,,,,,,,,,,,,
2018-07-05,,,,,,,,,,588.0188,,,,,,,,,,,,,520.94,,,,,,,,,,,,,2604499.76,,,,,,,,,,,,,7746863,,,,,,,,,,,,,,,,
2018-07-06,,,,,,,,,,587.8307,,,,,,,,,,,,,523.81,,,,,,,,,,,,,2582946.78,,,,,,,,,,,,,7725753,,,,,,,,,,,,,,,,
2018-07-07,,,,,,,,,,587.4185,,,,,,,,,,,,,527.76,,,,,,,,,,,,,2570218.07,,,,,,,,,,,,,7702807,,,,,,,,,,,,,,,,
2018-07-08,,,,,294841.55,3306,89.18377192982456,,,586.5494,,,,,,,,,,,,,527.19,,,,,,,,113322.03,1404,80.71369658119659,,,2558453.57,,,,,,,,,,,,,7692837,,,,,,,,,,,,,,,,
2018-07-09,,185.85,,32.97,,,,,,590.6406,,,,,190.29,,31.39,,,,,,526.48,,,,,218.79,,50.61,,,,,,2545034.55,,,,,195.55,,34.06,,,,,,7691424,,,,,,,,,,,,,,,,
2018-07-10,,,,,,,,,,609.1469,,,,,,,,,,,,,532.23,,,,,,,,,,,,,2520799.04,,,,,,,,,,,,,7725792,,,,,,,,,,,,,,,,
2018-07-11,,,,,,,,,,608.3484,,,,,,,,,,,,,531.36,,,,,,,,,,,,,2513843,,,,,,,,,,,,,7760138,,,,,,,,,,,,,,,,
2018-07-12,,,,,,,,,,611.5844,,,,,,,,,,,,,537.17,,,,,,,,,,,,,2520584.02,,,,,,,,,,,,,7759948,,,,,,,,,,,,,,,,
2018-07-13,,,,,,,,,,609.6388,,,,,,,,,,,,,543.61,,,,,,,,,,,,,2549525.39,,,,,,,,,,,,,7819307,,,,,,,,,,,,,,,,
2018-07-14,,,,,,,,,,609.1938,,,,,,,,,,,,,543.98,,,,,,,,,,,,,2537905.52,,,,,,,,,,,,,7797718,,,,,,,,,,,,,,,,
2018-07-15,,,,,309443.94,3514,88.06031303357996,,,607.819,,,,,,,,,,,,,540.92,,,,,,,,143577.24,1771,81.07128176171655,,,2526324.1,,,,,,,,,,,,,7784114,,,,,,,,,,,,,,,,
2018-07-16,,186.08,,28.99,,,,,,614.5322,,,,,189.28,,31.95,,,,,,539.44,,,,,220.58,,49.22,,,,,,2520119.67,,,,,196.21,,30.87,,,,,,7771134,,,,,,,,,,,,,,,,
2018-07-17,,,,,,,,,,589.4503,,,,,,,,,,,,,545.94,,,,,,,,,,,,,2525148.77,,,,,,,,,,,,,7802658,,,,,,,,,,,,,,,,
2018-07-18,,,,,,,,,,625.5421,,,,,,,,,,,,,552.26,,,,,,,,,,,,,2558338.27,,,,,,,,,,,,,7810439,,,,,,,,,,,,,,,,
2018-07-19,,,,,,,,,,625.3299,,,,,,,,,,,,,557.19,,,,,,,,,,,,,2546570.1,,,,,,,,,,,,,7799901,,,,,,,,,,,,,,,,
2018-07-20,,,,,,,,,,639.6964,,,,,,,,,,,,,565.24,,,,,,,,,,,,,2529069.68,,,,,,,,,,,,,7813924,,,,,,,,,,,,,,,,
2018-07-21,,,,,,,,,,639.607,,,,,,,,,,,,,,,,,,,,,,,,,,2517874.02,,,,,,,,,,,,,7794638,,,,,,,,,,,,,,,,
2018-07-22,,,,,287352.98,3288,87.39445863746958,,,637.8537,,,,,,,,,,,,,571.72,,,,,,,,130800.62,1636,79.95147921760392,,,2507145.18,,,,,,,,,,,,,7782417,,,,,,,,,,,,,,,,
2018-07-23,,185.88,,31.67,,,,,,649.1271,,,,,188.26,,28.86,,,,,,569.9,,,,,221.1,,50.85,,,,,,2495492.81,,,,,195.45,,32.84,,,,,,7796269,,,,,,,,,,,,,,,,
2018-07-24,,,,,,,,,,650.4839,,,,,,,,,,,,,573.31,,,,,,,,,,,,,2502893.2,,,,,,,,,,,,,7814877,,,,,,,,,,,,,,,,
2018-07-25,,,,,,,,,,652.4757,,,,,,,,,,,,,576.57,,,,,,,,,,,,,2486776.61,,,,,,,,,,,,,7824728,,,,,,,,,,,,,,,,
2018-07-26,,,,,,,,,,650.5492,,,,,,,,,,,,,582.27,,,,,,,,,,,,,2478473.12,,,,,,,,,,,,,7874224,,,,,,,,,,,,,,,,
2018-07-27,,,,,,,,,,658.0008,,,,,,,,,,,,,579.35,,,,,,,,,,,,,2457826.67,,,,,,,,,,,,,7950658,,,,,,,,,,,,,,,,
2018-07-28,,,,,,,,,,657.9636,,,,,,,,,,,,,575.74,,,,,,,,,,,,,2444887.92,,,,,,,,,,,,,7917255,,,,,,,,,,,,,,,,
2018-07-29,,,,,293933.6,3348,87.79378733572283,,,656.6107,,,,,,,,,,,,,572.31,,,,,,,,128848.23,1580,81.54951265822785,,,2417590.97,,,,,,,,,,,,,7886801,,,,,,,,,,,,,,,,
2018-07-30,,186.41,,46.41,,,,,,656.3669,,,,,188.64,,29.02,,,,,,569.02,,,,,219.21,,45.97,,,,,,2415909.5,,,,,197.14,,31.6,,,,,,7840122,,,,,,,,,,,,,,,,
2018-07-31,859,,89.76,,,,,211,1.57,659.5556,872802.7,19.8393,14.2018,594,,78.62,,,,,238.2,1.62,564.69,758672.62,115.2833,123.0138,893.2,,89.92,,,,,205.1,1.61,2392699.08,161173.39,0,0,857,,160.61,,76.05,,,170,1.58,7824403,81.4183,70.023,5.1857,,,,,3.25,,122.6,118.1,122.5,2.1,0.3,2.3,0.4
2018-08-01,,,,,,,,,,653.4504,,,,,,,,,,,,,571.52,,,,,,,,,,,,,2373046,,,,,,,,,,,,,7847084,,,,,,,,,,,,,,,,
2018-08-02,,,,,,,,,,652.8923,,,,,,,,,,,,,574.65,,,,,,,,,,,,,2356410.29,,,,,,,,,,,,,7854580,,,,,,,,,,,,,,,,
2018-08-03,,,,,,,,,,700.1593,,,,,,,,,,,,,580.36,,,,,,,,,,,,,2348012.78,,,,,,,,,,,,,7828325,,,,,,,,,,,,,,,,
2018-08-04,,,,,,,,,,700.047,,,,,,,,,,,,,575.74,,,,,,,,,,,,,2333356.07,,,,,,,,,,,,,7803787,,,,,,,,,,,,,,,,
2018-08-05,,,,,291913.31,3327,87.7407003306282,,,698.5135,,,,,,,,,,,,,572.8,,,,,,,,124147.87,1554,79.88923423423424,,,2276796.38,,,,,,,,,,,,,7789987,,,,,,,,,,,,,,,,
2018-08-06,,186.14,,30.24,,,,,,706.0067,,,,,188.31,,32.07,,,,,,571.39,,,,,220.34,,36.9,,,,,,2258228.38,,,,,203.72,,33.59,,,,,,7859771,,,,,,,,,,,,,,,,
2018-08-07,,,,,,,,,,705.4431,,,,,,,,,,,,,575.64,,,,,,,,,,,,,2246556.41,,,,,,,,,,,,,7839192,,,,,,,,,,,,,,,,
2018-08-08,,,,,,,,,,706.2512,,,,,,,,,,,,,578.19,,,,,,,,,,,,,2232741.78,,,,,,,,,,,,,7808468,,,,,,,,,,,,,,,,
2018-08-09,,,,,,,,,,708.1139,,,,,,,,,,,,,585.36,,,,,,,,,,,,,2214954.13,,,,,,,,,,,,,7821451,,,,,,,,,,,,,,,,
2018-08-10,,,,,,,,,,689.5852,,,,,,,,,,,,,587.18,,,,,,,,,,,,,2197539.03,,,,,,,,,,,,,7758958,,,,,,,,,,,,,,,,
2018-08-11,,,,,,,,,,689.5457,,,,,,,,,,,,,591.49,,,,,,,,,,,,,2180859.65,,,,,,,,,,,,,7746089,,,,,,,,,,,,,,,,
2018-08-12,,,,,270329.82,3078,87.8264522417154,,,687.1616,,,,,,,,,,,,,589.86,,,,,,,,130491.16,1639,79.61632702867603,,,2167107.95,,,,,,,,,,,,,7740253,,,,,,,,,,,,,,,,
2018-08-13,,186.09,,38.35,,,,,,685.1822,,,,,187.82,,30.8,,,,,,588.94,,,,,222.38,,37.19,,,,,,2221229,,,,,204.38,,32.99,,,,,,7755984,,,,,,,,,,,,,,,,
2018-08-14,,,,,,,,,,682.6735,,,,,,,,,,,,,589.53,,,,,,,,,,,,,2281902.99,,,,,,,,,,,,,7749041,,,,,,,,,,,,,,,,
2018-08-15,,,,,,,,,,681.3627,,,,,,,,,,,,,590.75,,,,,,,,,,,,,2269453.32,,,,,,,,,,,,,7759619,,,,,,,,,,,,,,,,
2018-08-16,,,,,,,,,,681.5832,,,,,,,,,,,,,592.17,,,,,,,,,,,,,2258436.45,,,,,,,,,,,,,7767702,,,,,,,,,,,,,,,,
2018-08-17,,,,,,,,,,689.5899,,,,,,,,,,,,,597.11,,,,,,,,,,,,,2245469.72,,,,,,,,,,,,,7765717,,,,,,,,,,,,,,,,
2018-08-18,,,,,,,,,,689.5571,,,,,,,,,,,,,597.68,,,,,,,,,,,,,2233658.23,,,,,,,,,,,,,7741074,,,,,,,,,,,,,,,,
2018-08-19,,,,,282887.23,3187,88.7628584876059,,,687.5449,,,,,,,,,,,,,596.06,,,,,,,,126428.34,1577,80.17015852885226,,,2223832.17,,,,,,,,,,,,,7726740,,,,,,,,,,,,,,,,
2018-08-20,,185.87,,36.88,,,,,,694.3567,,,,,187.81,,31.39,,,,,,595.38,,,,,220.85,,38.09,,,,,,2207964.74,,,,,205.41,,33.4,,,,,,7707457,,,,,,,,,,,,,,,,
2018-08-21,,,,,,,,,,692.2959,,,,,,,,,,,,,598.68,,,,,,,,,,,,,2200453.94,,,,,,,,,,,,,7702937,,,,,,,,,,,,,,,,
2018-08-22,,,,,,,,,,689.6088,,,,,,,,,,,,,596.45,,,,,,,,,,,,,2185095.89,,,,,,,,,,,,,7721166,,,,,,,,,,,,,,,,
2018-08-23,,,,,,,,,,688.2631,,,,,,,,,,,,,601.45,,,,,,,,,,,,,2179605.89,,,,,,,,,,,,,7836569,,,,,,,,,,,,,,,,
2018-08-24,,,,,,,,,,688.2344,,,,,,,,,,,,,600.56,,,,,,,,,,,,,2146424.06,,,,,,,,,,,,,7928476,,,,,,,,,,,,,,,,
2018-08-25,,,,,,,,,,686.6345,,,,,,,,,,,,,597.55,,,,,,,,,,,,,2125403.41,,,,,,,,,,,,,7905570,,,,,,,,,,,,,,,,
2018-08-26,,,,,285904.88,3262,87.64711220110361,,,684.0761,,,,,,,,,,,,,594.87,,,,,,,,128659.53,1610,79.91275155279503,,,2103182.09,,,,,,,,,,,,,7879030,,,,,,,,,,,,,,,,
2018-08-27,,186.91,,29.9,,,,,,680.9638,,,,,187.89,,29.73,,,,,,593.05,,,,,221.1,,35.05,,,,,,2107016.4,,,,,204.31,,30.68,,,,,,7930767,,,,,,,,,,,,,,,,
2018-08-28,,,,,,,,,,694.8393,,,,,,,,,,,,,591.99,,,,,,,,,,,,,2105921.78,,,,,,,,,,,,,7902648,,,,,,,,,,,,,,,,
2018-08-29,,,,,,,,,,689.1596,,,,,,,,,,,,,595.52,,,,,,,,,,,,,2097128.57,,,,,,,,,,,,,7926707,,,,,,,,,,,,,,,,
2018-08-30,,,,,,,,,,687.4024,,,,,,,,,,,,,593.76,,,,,,,,,,,,,2087372.56,,,,,,,,,,,,,7861413,,,,,,,,,,,,,,,,
2018-08-31,863,,91.35,,,,,211.6,1.56,689.0425,848573.68,28.2191,19.8393,596.6,,90.9,,,,,241.6,1.63,590.35,709338.61,141.358,127.6776,892,,98.55,,,,,207,1.63,2078446.31,140919.01,12.59,0,855,,163.16,,87.34,,,169.5,1.58,7861757,78.1051,85.0979,135.3537,,,,,3.25,,122.2,116.6,121.9,2.3,0.7,2.6,0.6
2018-09-01,,,,,,,,,,688.1773,,,,,,,,,,,,,585.75,,,,,,,,,,,,,2070508.31,,,,,,,,,,,,,7843487,,,,,,,,,,,,,,,,
2018-09-02,,,,,308046.32,3593,85.73512941831339,,,686.996,,,,,,,,,,,,,582.93,,,,,,,,117344.52,1428,82.17403361344537,,,2062699.93,,,,,,,,,,,,,7829790,,,,,,,,,,,,,,,,
2018-09-03,,186.52,,35.08,,,,,,695.5784,,,,,187.44,,28.41,,,,,,581.54,,,,,220.19,,37.07,,,,,,2055702.08,,,,,203.23,,27.73,,,,,,7815441,,,,,,,,,,,,,,,,
2018-09-04,,,,,,,,,,689.7398,,,,,,,,,,,,,582.72,,,,,,,,,,,,,2050529.21,,,,,,,,,,,,,7801976,,,,,,,,,,,,,,,,
2018-09-05,,,,,,,,,,692.118,,,,,,,,,,,,,582.26,,,,,,,,,,,,,2064854.64,,,,,,,,,,,,,7848102,,,,,,,,,,,,,,,,
2018-09-06,,,,,,,,,,700.7208,,,,,,,,,,,,,580.18,,,,,,,,,,,,,2061497.55,,,,,,,,,,,,,7876801,,,,,,,,,,,,,,,,
2018-09-07,,,,,,,,,,712.5322,,,,,,,,,,,,,578.49,,,,,,,,,,,,,2043396.33,,,,,,,,,,,,,7956244,,,,,,,,,,,,,,,,
2018-09-08,,,,,,,,,,709.7621,,,,,,,,,,,,,575.32,,,,,,,,,,,,,2035032.95,,,,,,,,,,,,,7936057,,,,,,,,,,,,,,,,
2018-09-09,,,,,270267.29,3038,88.96224160631995,,,707.8647,,,,,,,,,,,,,573.78,,,,,,,,101921.41,1204,84.65233388704318,,,2027225.88,,,,,,,,,,,,,7927500,,,,,,,,,,,,,,,,
2018-09-10,,186.68,,36.76,,,,,,716.8982,,,,,188.35,,26.49,,,,,,566.77,,,,,222.16,,38.69,,,,,,2017983.31,,,,,205.11,,32.38,,,,,,7941793,,,,,,,,,,,,,,,,
2018-09-11,,,,,,,,,,716.5375,,,,,,,,,,,,,565.68,,,,,,,,,,,,,2008753.9,,,,,,,,,,,,,7965977,,,,,,,,,,,,,,,,
2018-09-12,,,,,,,,,,716.7897,,,,,,,,,,,,,568.67,,,,,,,,,,,,,2021674.18,,,,,,,,,,,,,8009361,,,,,,,,,,,,,,,,
2018-09-13,,,,,,,,,,720.6699,,,,,,,,,,,,,566.68,,,,,,,,,,,,,2088193.74,,,,,,,,,,,,,7994332,,,,,,,,,,,,,,,,
2018-09-14,,,,,,,,,,727.147,,,,,,,,,,,,,566.38,,,,,,,,,,,,,2027276.56,,,,,,,,,,,,,8008953,,,,,,,,,,,,,,,,
2018-09-15,,,,,,,,,,720.4663,,,,,,,,,,,,,570.59,,,,,,,,,,,,,2019705.69,,,,,,,,,,,,,7960189,,,,,,,,,,,,,,,,
2018-09-16,,,,,602038.35,7084,84.9856507622812,,,709.6779,,,,,,,,,,,,,568.35,,,,,,,,115071.73,1382,83.26463820549928,,,2011413.35,,,,,,,,,,,,,7940196,,,,,,,,,,,,,,,,
2018-09-17,,187.15,,33.2,,,,,,716.3302,,,,,190.32,,29.08,,,,,,567.33,,,,,222.9,,39.54,,,,,,,,,,,205.9,,31.58,,,,,,7897898,,,,,,,,,,,,,,,,
2018-09-18,,,,,,,,,,719.1275,,,,,,,,,,,,,571.07,,,,,,,,,,,,,2148634.3,,,,,,,,,,,,,7915414,,,,,,,,,,,,,,,,
2018-09-19,,,,,,,,,,713.9312,,,,,,,,,,,,,576.45,,,,,,,,,,,,,2140965.01,,,,,,,,,,,,,7831458,,,,,,,,,,,,,,,,
2018-09-20,,,,,,,,,,713.9135,,,,,,,,,,,,,574.34,,,,,,,,,,,,,2155880.41,,,,,,,,,,,,,7830615,,,,,,,,,,,,,,,,
2018-09-21,,,,,,,,,,742.6535,,,,,,,,,,,,,591.48,,,,,,,,,,,,,2149714.63,,,,,,,,,,,,,8036533,,,,,,,,,,,,,,,,
2018-09-22,,,,,,,,,,741.6817,,,,,,,,,,,,,595.8,,,,,,,,,,,,,2142651.76,,,,,,,,,,,,,7962175,,,,,,,,,,,,,,,,
2018-09-23,,,,,199314.21,2173,91.72306028531983,,,738.2572,,,,,,,,,,,,,594.53,,,,,,,,93393.02,1129,82.72189548272807,,,2135850.9,,,,,,,,,,,,,7886954,,,,,,,,,,,,,,,,
2018-09-24,,187.74,,32,,,,,,736.4489,,,,,190.95,,28.77,,,,,,593.02,,,,,218.09,,37.14,,,,,,2130181.57,,,,,205.93,,27.48,,,,,,7855702,,,,,,,,,,,,,,,,
2018-09-25,,,,,,,,,,730.4553,,,,,,,,,,,,,592.22,,,,,,,,,,,,,2124355.56,,,,,,,,,,,,,7800082,,,,,,,,,,,,,,,,
2018-09-26,,,,,,,,,,726.5516,,,,,,,,,,,,,592.31,,,,,,,,,,,,,2121220.89,,,,,,,,,,,,,7815977,,,,,,,,,,,,,,,,
2018-09-27,,,,,,,,,,,,,,,,,,,,,,,593.51,,,,,,,,,,,,,2248001.4,,,,,,,,,,,,,7854427,,,,,,,,,,,,,,,,
2018-09-28,,,,,,,,,,739.7024,,,,,,,,,,,,,592.69,,,,,,,,,,,,,2283697.2,,,,,,,,,,,,,7903727,,,,,,,,,,,,,,,,
2018-09-29,,,,,,,,,,752.6191,,,,,,,,,,,,,590.88,,,,,,,,,,,,,2314363.37,,,,,,,,,,,,,8018588,,,,,,,,,,,,,,,,
2018-09-30,861,,83.21,,216239.34,2420,89.35509917355373,204.4,1.54,748.6302,959702.94,69.4812,28.2191,586,,72.37,,,,,242.2,1.67,587.1,612279.17,144.7822,124.2642,890,,78.34,,87898.25,1099,79.98020928116469,208.2,1.64,2276443.15,388094.87,20.0888,12.59,842,,135.24,,77.76,,,168.9,1.6,8068006,104.5576,113.9006,23.359,8.9,,8.3,8.9,3.25,5.72,121.8,117.4,121.9,2.5,0.7,2.6,0.3
2018-10-01,,187.47,,27.65,,,,,,740.4623,,,,,190.59,,26.6,,,,,,588.04,,,,,218.28,,35.56,,,,,,2271588.5,,,,,206.51,,25.73,,,,,,8043536,,,,,,,,,,,,,,,,
2018-10-02,,,,,,,,,,740.3465,,,,,,,,,,,,,587.66,,,,,,,,,,,,,2268587.78,,,,,,,,,,,,,8036342,,,,,,,,,,,,,,,,
2018-10-03,,,,,,,,,,738.7512,,,,,,,,,,,,,,,,,,,,,,,,,,2265791.94,,,,,,,,,,,,,8031201,,,,,,,,,,,,,,,,
2018-10-04,,,,,,,,,,738.4902,,,,,,,,,,,,,,,,,,,,,,,,,,2263226.13,,,,,,,,,,,,,8026060,,,,,,,,,,,,,,,,
2018-10-05,,,,,,,,,,738.2829,,,,,,,,,,,,,586.09,,,,,,,,,,,,,2259990.07,,,,,,,,,,,,,8020362,,,,,,,,,,,,,,,,
2018-10-06,,,,,,,,,,738.2126,,,,,,,,,,,,,,,,,,,,,,,,,,2258057.57,,,,,,,,,,,,,8013614,,,,,,,,,,,,,,,,
2018-10-07,,,,,4531.09,44,102.97931818181819,,,736.5364,,,,,,,,,,,,,582.95,,,,,,,,,,,,,2254589.51,,,,,,,,,,,,,8006787,,,,,,,,,,,,,,,,
2018-10-08,,186.95,,34.71,,,,,,734.1561,,,,,190.68,,38.4,,,,,,581.91,,,,,218,,31.97,,,,,,2283058.15,,,,,205.34,,25.62,,,,,,7974452,,,,,,,,,,,,,,,,
2018-10-09,,,,,,,,,,732.2981,,,,,,,,,,,,,583.94,,,,,,,,,,,,,2269802,,,,,,,,,,,,,7939531,,,,,,,,,,,,,,,,
2018-10-10,,,,,,,,,,730.4924,,,,,,,,,,,,,596.01,,,,,,,,,,,,,2253545.9,,,,,,,,,,,,,7908692,,,,,,,,,,,,,,,,
2018-10-11,,,,,,,,,,727.013,,,,,,,,,,,,,604.15,,,,,,,,,,,,,2302034.84,,,,,,,,,,,,,7884052,,,,,,,,,,,,,,,,
2018-10-12,,,,,,,,,,740.1112,,,,,,,,,,,,,613.76,,,,,,,,,,,,,2257763.78,,,,,,,,,,,,,7909722,,,,,,,,,,,,,,,,
2018-10-13,,,,,,,,,,738.2421,,,,,,,,,,,,,616.85,,,,,,,,,,,,,2249698.8,,,,,,,,,,,,,7880768,,,,,,,,,,,,,,,,
2018-10-14,,,,,188473.65,2064,91.31475290697675,,,736.7031,,,,,,,,,,,,,612.01,,,,,,,,66354.24,805,82.42762732919255,,,2240876.59,,,,,,,,,,,,,7859743,,,,,,,,,,,,,,,,
2018-10-15,,186.83,,25.47,,,,,,821.9538,,,,,189.36,,23.87,,,,,,610.07,,,,,216.18,,29.82,,,,,,2242505.54,,,,,203.83,,25.97,,,,,,7819101,,,,,,,,,,,,,,,,
2018-10-16,,,,,,,,,,851.227,,,,,,,,,,,,,608.8,,,,,,,,,,,,,2223949.37,,,,,,,,,,,,,7817481,,,,,,,,,,,,,,,,
2018-10-17,,,,,,,,,,850.6826,,,,,,,,,,,,,608.3,,,,,,,,,,,,,2231716.75,,,,,,,,,,,,,7809979,,,,,,,,,,,,,,,,
2018-10-18,,,,,,,,,,847.9507,,,,,,,,,,,,,607.41,,,,,,,,,,,,,2351455.91,,,,,,,,,,,,,7821964,,,,,,,,,,,,,,,,
2018-10-19,,,,,,,,,,847.3955,,,,,,,,,,,,,611.82,,,,,,,,,,,,,2390724.87,,,,,,,,,,,,,7941314,,,,,,,,,,,,,,,,
2018-10-20,,,,,,,,,,846.523,,,,,,,,,,,,,,,,,,,,,,,,,,2384496.6,,,,,,,,,,,,,7915849,,,,,,,,,,,,,,,,
2018-10-21,,,,,231286.57,2501,92.47763694522192,,,842.5222,,,,,,,,,,,,,,,,,,,,,95122.71,1149,82.78738903394256,,,2375260.58,,,,,,,,,,,,,7902498,,,,,,,,,,,,,,,,
2018-10-22,,186.78,,29.71,,,,,,845.3963,,,,,187.03,,23.37,,,,,,606.28,,,,,219.31,,29.63,,,,,,2480943.75,,,,,203.07,,25,,,,,,7894292,,,,,,,,,,,,,,,,
2018-10-23,,,,,,,,,,,,,,,,,,,,,,,607.62,,,,,,,,,,,,,2475367.99,,,,,,,,,,,,,7872337,,,,,,,,,,,,,,,,
2018-10-24,,,,,,,,,,827.8701,,,,,,,,,,,,,606.01,,,,,,,,,,,,,2487091.71,,,,,,,,,,,,,7892837,,,,,,,,,,,,,,,,
2018-10-25,,,,,,,,,,844.984,,,,,,,,,,,,,604.9,,,,,,,,,,,,,2596582.06,,,,,,,,,,,,,7857378,,,,,,,,,,,,,,,,
2018-10-26,,,,,,,,,,843.9174,,,,,,,,,,,,,612.51,,,,,,,,,,,,,2656209.04,,,,,,,,,,,,,7889966,,,,,,,,,,,,,,,,
2018-10-27,,,,,,,,,,843.2493,,,,,,,,,,,,,614.08,,,,,,,,,,,,,2651682.33,,,,,,,,,,,,,7869316,,,,,,,,,,,,,,,,
2018-10-28,,,,,232722.15,2560,90.90708984375,,,841.4334,,,,,,,,,,,,,611.42,,,,,,,,92957.48,1139,81.61323968393327,,,2649226.32,,,,,,,,,,,,,7854975,,,,,,,,,,,,,,,,
2018-10-29,,186.75,,27.45,,,,,,847.5343,,,,,186.22,,22.49,,,,,,609.92,,,,,219.9,,33.26,,,,,,2687170.3,,,,,203.16,,22.9,,,,,,7888263,,,,,,,,,,,,,,,,
2018-10-30,,,,,,,,,,843.0258,,,,,,,,,,,,,606.81,,,,,,,,,,,,,2682705.38,,,,,,,,,,,,,7910308,,,,,,,,,,,,,,,,
2018-10-31,852.1,,84.64,,,,,204,1.55,837.7208,1233325.81,170.7502,55.754,588,,66.5,,,,,242,1.66,607.07,547076.57,107.7165,156.5537,884,,80.08,,,,,209,1.66,2673280.24,681277.97,12.087,0,827.8,,116.9,,64.19,,,170,1.63,7897041,81.6619,184.1628,38.5275,,,,,3.25,,124.2,116.2,122.30000000000001,2.5,0.2,2.5,0
2018-11-01,,,,,,,,,,837.1722,,,,,,,,,,,,,609.3,,,,,,,,,,,,,2665136.4,,,,,,,,,,,,,7890511,,,,,,,,,,,,,,,,
2018-11-02,,,,,,,,,,840.0426,,,,,,,,,,,,,609.39,,,,,,,,,,,,,2657588.4,,,,,,,,,,,,,7875733,,,,,,,,,,,,,,,,
2018-11-03,,,,,,,,,,839.9816,,,,,,,,,,,,,611.59,,,,,,,,,,,,,2651275,,,,,,,,,,,,,7859521,,,,,,,,,,,,,,,,
2018-11-04,,,,,236098.98,2674,88.2943081525804,,,837.5185,,,,,,,,,,,,,624.91,,,,,,,,87155.7,1071,81.37787114845938,,,2645575.08,,,,,,,,,,,,,7851746,,,,,,,,,,,,,,,,
2018-11-05,,186.91,,24.88,,,,,,846.5769,,,,,185.54,,21.48,,,,,,623.68,,,,,218.63,,31.35,,,,,,2639287.42,,,,,202.12,,29.02,,,,,,7841736,,,,,,,,,,,,,,,,
2018-11-06,,,,,,,,,,844.7219,,,,,,,,,,,,,622.97,,,,,,,,,,,,,2639837.6,,,,,,,,,,,,,7805743,,,,,,,,,,,,,,,,
2018-11-07,,,,,,,,,,840.491,,,,,,,,,,,,,622.51,,,,,,,,,,,,,2616377.25,,,,,,,,,,,,,7779448,,,,,,,,,,,,,,,,
2018-11-08,,,,,,,,,,842.822,,,,,,,,,,,,,624.81,,,,,,,,,,,,,2626650.42,,,,,,,,,,,,,7776739,,,,,,,,,,,,,,,,
2018-11-09,,,,,,,,,,843.9183,,,,,,,,,,,,,623.78,,,,,,,,,,,,,2694098.01,,,,,,,,,,,,,7812007,,,,,,,,,,,,,,,,
2018-11-10,,,,,,,,,,843.8182,,,,,,,,,,,,,632.37,,,,,,,,,,,,,2687755.34,,,,,,,,,,,,,7802179,,,,,,,,,,,,,,,,
2018-11-11,,,,,228373.27,2485,91.90071227364186,,,841.2533,,,,,,,,,,,,,631.44,,,,,,,,82547.28,973,84.83790339157245,,,2681331.14,,,,,,,,,,,,,7795662,,,,,,,,,,,,,,,,
2018-11-12,,186.87,,28.29,,,,,,843.7473,,,,,185.94,,21.99,,,,,,636.56,,,,,220.42,,31.26,,,,,,2673214.84,,,,,200.98,,26.2,,,,,,7781222,,,,,,,,,,,,,,,,
2018-11-13,,,,,,,,,,,,,,,,,,,,,,,635.83,,,,,,,,,,,,,2781570.7,,,,,,,,,,,,,7787033,,,,,,,,,,,,,,,,
2018-11-14,,,,,,,,,,845.8262,,,,,,,,,,,,,635.81,,,,,,,,,,,,,2784874.11,,,,,,,,,,,,,7795516,,,,,,,,,,,,,,,,
2018-11-15,,,,,,,,,,847.6579,,,,,,,,,,,,,637.81,,,,,,,,,,,,,2779558.04,,,,,,,,,,,,,7792323,,,,,,,,,,,,,,,,
2018-11-16,,,,,,,,,,841.5382,,,,,,,,,,,,,647.36,,,,,,,,,,,,,2840364.79,,,,,,,,,,,,,7902189,,,,,,,,,,,,,,,,
2018-11-17,,,,,,,,,,841.4846,,,,,,,,,,,,,646.69,,,,,,,,,,,,,2823656.76,,,,,,,,,,,,,7874756,,,,,,,,,,,,,,,,
2018-11-18,,,,,232411.2,2560,90.785625,,,839.288,,,,,,,,,,,,,645.85,,,,,,,,82267.97,1008,81.6150496031746,,,2818945.71,,,,,,,,,,,,,7854522,,,,,,,,,,,,,,,,
2018-11-19,,186.3,,23.13,,,,,,,,,,,184.53,,22.21,,,,,,641.56,,,,,220.05,,34.28,,,,,,2903609.38,,,,,199.36,,28.13,,,,,,7858283,,,,,,,,,,,,,,,,
2018-11-20,,,,,,,,,,870.4764,,,,,,,,,,,,,640.28,,,,,,,,,,,,,2890819.97,,,,,,,,,,,,,7966678,,,,,,,,,,,,,,,,
2018-11-21,,,,,,,,,,,,,,,,,,,,,,,646.61,,,,,,,,,,,,,2884687.91,,,,,,,,,,,,,7974670,,,,,,,,,,,,,,,,
2018-11-22,,,,,,,,,,855.4856,,,,,,,,,,,,,645.95,,,,,,,,,,,,,3378842.02,,,,,,,,,,,,,8154723,,,,,,,,,,,,,,,,
2018-11-23,,,,,,,,,,843.9997,,,,,,,,,,,,,646.07,,,,,,,,,,,,,3437830.6,,,,,,,,,,,,,8273912,,,,,,,,,,,,,,,,
2018-11-24,,,,,,,,,,843.9291,,,,,,,,,,,,,643.83,,,,,,,,,,,,,3429707.09,,,,,,,,,,,,,8242094,,,,,,,,,,,,,,,,
2018-11-25,,,,,217982.64,2385,91.39733333333334,,,840.7257,,,,,,,,,,,,,641.31,,,,,,,,79690.63,945,84.32870899470899,,,3422836.65,,,,,,,,,,,,,8218575,,,,,,,,,,,,,,,,
2018-11-26,,186.63,,26.67,,,,,,883.178,,,,,184.31,,22.76,,,,,,637.66,,,,,216.33,,32.81,,,,,,3424600.38,,,,,198.54,,25,,,,,,8188083,,,,,,,,,,,,,,,,
2018-11-27,,,,,,,,,,876.984,,,,,,,,,,,,,635.58,,,,,,,,,,,,,3426717.12,,,,,,,,,,,,,8267613,,,,,,,,,,,,,,,,
2018-11-28,,,,,,,,,,875.9039,,,,,,,,,,,,,634.2,,,,,,,,,,,,,3418506.19,,,,,,,,,,,,,8287533,,,,,,,,,,,,,,,,
2018-11-29,,,,,,,,,,876.6546,,,,,,,,,,,,,633.66,,,,,,,,,,,,,3468043,,,,,,,,,,,,,8298816,,,,,,,,,,,,,,,,
2018-11-30,840,,127.43,,,,,202,1.56,883.2564,989170.79,60.7573,141.0156,580,,93.1,,,,,241,1.68,628.13,730885.5,126.0738,117.2983,876,,121.11,,,,,208,1.67,3612107.17,1169999.86,0,26.2718,820,,141.41,,64.25,,,171,1.65,8335376,81.6619,402.07,131.4132,,,,,3.25,,125.9,120.2,125.3,2.2,-0.3,2.5,0
2018-12-01,,,,,,,,,,881.2419,,,,,,,,,,,,,630.1,,,,,,,,,,,,,3601639.53,,,,,,,,,,,,,8308328,,,,,,,,,,,,,,,,
2018-12-02,,,,,255981.17,2880,88.88235069444444,,,878.2746,,,,,,,,,,,,,629.19,,,,,,,,72730.24,872,83.4062385321101,,,3552998.66,,,,,,,,,,,,,8289825,,,,,,,,,,,,,,,,
2018-12-03,,186.61,,25,,,,,,897.0144,,,,,183.82,,27.34,,,,,,628.43,,,,,214.97,,32.88,,,,,,3571525.66,,,,,199.74,,27.77,,,,,,8269336,,,,,,,,,,,,,,,,
2018-12-04,,,,,,,,,,922.3485,,,,,,,,,,,,,651.52,,,,,,,,,,,,,3592708.76,,,,,,,,,,,,,8472941,,,,,,,,,,,,,,,,
2018-12-05,,,,,,,,,,922.0434,,,,,,,,,,,,,660.5,,,,,,,,,,,,,3618842.89,,,,,,,,,,,,,8568169,,,,,,,,,,,,,,,,
2018-12-06,,,,,,,,,,920.9925,,,,,,,,,,,,,668.44,,,,,,,,,,,,,3675724.59,,,,,,,,,,,,,8614650,,,,,,,,,,,,,,,,
2018-12-07,,,,,,,,,,919.1047,,,,,,,,,,,,,673.99,,,,,,,,,,,,,3658197.56,,,,,,,,,,,,,8583905,,,,,,,,,,,,,,,,
2018-12-08,,,,,,,,,,,,,,,,,,,,,,,676.92,,,,,,,,,,,,,3644590.44,,,,,,,,,,,,,8526961,,,,,,,,,,,,,,,,
2018-12-09,,,,,218947.99,2408,90.9252450166113,,,914.1354,,,,,,,,,,,,,675.2,,,,,,,,68597.79,802,85.53340399002494,,,3612654.08,,,,,,,,,,,,,8502117,,,,,,,,,,,,,,,,
2018-12-10,,186.2,,21.15,,,,,,,,,,,182.74,,28.09,,,,,,674.86,,,,,212.36,,32.41,,,,,,3614022,,,,,196.53,,29.4,,,,,,8467211,,,,,,,,,,,,,,,,
2018-12-11,,,,,,,,,,910.9714,,,,,,,,,,,,,673.85,,,,,,,,,,,,,3605032.06,,,,,,,,,,,,,8432575,,,,,,,,,,,,,,,,
2018-12-12,,,,,,,,,,919.7475,,,,,,,,,,,,,679.91,,,,,,,,,,,,,3650812.37,,,,,,,,,,,,,8379151,,,,,,,,,,,,,,,,
2018-12-13,,,,,,,,,,929.7991,,,,,,,,,,,,,689.59,,,,,,,,,,,,,3635468.24,,,,,,,,,,,,,8351519,,,,,,,,,,,,,,,,
2018-12-14,,,,,,,,,,922.6429,,,,,,,,,,,,,698.46,,,,,,,,,,,,,3660574.46,,,,,,,,,,,,,8418601,,,,,,,,,,,,,,,,
2018-12-15,,,,,,,,,,918.3265,,,,,,,,,,,,,707.11,,,,,,,,,,,,,3648616.62,,,,,,,,,,,,,8374188,,,,,,,,,,,,,,,,
2018-12-16,,,,,222073.52,2400,92.53063333333333,,,914.526,,,,,,,,,,,,,703.58,,,,,,,,78931.52,955,82.65080628272251,,,3638435.89,,,,,,,,,,,,,8348237,,,,,,,,,,,,,,,,
2018-12-17,,185.91,,28.36,,,,,,904.9709,,,,,182.65,,27.95,,,,,,701.88,,,,,212.88,,35.59,,,,,,3530897.89,,,,,195.91,,25.65,,,,,,8374745,,,,,,,,,,,,,,,,
2018-12-18,,,,,,,,,,958.1371,,,,,,,,,,,,,703.09,,,,,,,,,,,,,3544842.22,,,,,,,,,,,,,8347308,,,,,,,,,,,,,,,,
2018-12-19,,,,,,,,,,963.7096,,,,,,,,,,,,,712.1,,,,,,,,,,,,,3637501.04,,,,,,,,,,,,,8375857,,,,,,,,,,,,,,,,
2018-12-20,,,,,,,,,,953.6577,,,,,,,,,,,,,713.71,,,,,,,,,,,,,3624366.69,,,,,,,,,,,,,8776194,,,,,,,,,,,,,,,,
2018-12-21,,,,,,,,,,965.9131,,,,,,,,,,,,,713.54,,,,,,,,,,,,,3610005.26,,,,,,,,,,,,,8758652,,,,,,,,,,,,,,,,
2018-12-22,,,,,,,,,,965.6418,,,,,,,,,,,,,709.64,,,,,,,,,,,,,3596898.41,,,,,,,,,,,,,8683633,,,,,,,,,,,,,,,,
2018-12-23,,,,,239486.15,2675,89.52753271028037,,,962.6555,,,,,,,,,,,,,706.3,,,,,,,,82634.72,942,87.72263269639066,,,3575693.5,,,,,,,,,,,,,8651283,,,,,,,,,,,,,,,,
2018-12-24,,185.34,,27.1,,,,,,968.0802,,,,,182.7,,29.18,,,,,,705.34,,,,,213.21,,35.11,,,,,,3567361.05,,,,,195.65,,23.15,,,,,,8740354,,,,,,,,,,,,,,,,
2018-12-25,,,,,,,,,,962.3513,,,,,,,,,,,,,707.04,,,,,,,,,,,,,3558305.79,,,,,,,,,,,,,8715262,,,,,,,,,,,,,,,,
2018-12-26,,,,,,,,,,959.8491,,,,,,,,,,,,,708.59,,,,,,,,,,,,,3624097.83,,,,,,,,,,,,,8775693,,,,,,,,,,,,,,,,
2018-12-27,,,,,,,,,,954.2233,,,,,,,,,,,,,707.5,,,,,,,,,,,,,3617699.4,,,,,,,,,,,,,8763928,,,,,,,,,,,,,,,,
2018-12-28,,,,,,,,,,961.6856,,,,,,,,,,,,,706.2,,,,,,,,,,,,,3609624.93,,,,,,,,,,,,,8905724,,,,,,,,,,,,,,,,
2018-12-29,,,,,,,,,,996.8402,,,,,,,,,,,,,705.68,,,,,,,,,,,,,3477379.69,,,,,,,,,,,,,9001962,,,,,,,,,,,,,,,,
2018-12-30,,,,,354205.26,3986,88.86233316608129,,,992.7154,,,,,,,,,,,,,702.08,,,,,,,,95301.51,1111,85.77993699369937,,,3471140.19,,,,,,,,,,,,,8819324,,,,,,,,,,,,,,,,
2018-12-31,837.4,184.08,150.35,28.87,,,,200,1.55,,1850166.06,282.2041,75.3781,574,178.24,119.92,28.92,,,,240,1.68,699.7,583076.78,169.2923,153.4868,868.3,211.69,132.09,35.66,,,,209,1.68,3464702.5,367919.84,0,0,810.1,195.7,156.57,29.34,63.92,,,170,1.67,8787516,194.3494,9.3408,427.7906,8.7,8.7,8.3,8.9,3.25,5.75,127.8,120.2,126.30000000000001,1.9,0,2.5,0
2019-01-01,,,,,,,,,,,,,,,,,,,,,,,694.56,,,,,,,,,,,,,3258716.6,,,,,,,,,,,,,8782067,,,,,,,,,,,,,,,,
2019-01-02,,,,,,,,,,,,,,,,,,,,,,,693.86,,,,,,,,,,,,,3453786.26,,,,,,,,,,,,,8786955,,,,,,,,,,,,,,,,
2019-01-03,,,,,,,,,,,,,,,,,,,,,,,695.45,,,,,,,,,,,,,3392840.55,,,,,,,,,,,,,8774815,,,,,,,,,,,,,,,,
2019-01-04,,,,,,,,,,,,,,,,,,,,,,,693.63,,,,,,,,,,,,,3522339.92,,,,,,,,,,,,,8746165,,,,,,,,,,,,,,,,
2019-01-05,,,,,,,,,,,,,,,,,,,,,,,694.16,,,,,,,,,,,,,3513610.11,,,,,,,,,,,,,8738655,,,,,,,,,,,,,,,,
2019-01-06,,,,,1831.13,19,96.37526315789474,,,950.8755,,,,,,,,,,,,,692.63,,,,,,,,35907.38,435,82.54570114942528,,,3254112.66,,,,,,,,,,,,,8727118,,,,,,,,,,,,,,,,
2019-01-07,,183.16,,22.02,,,,,,963.545,,,,,176.94,,31.93,,,,,,693.86,,,,,212.7,,38.89,,,,,,3394215.88,,,,,195.22,,31.83,,,,,,8683257,,,,,,,,,,,,,,,,
2019-01-08,,,,,,,,,,,,,,,,,,,,,,,692.23,,,,,,,,,,,,,3478619.86,,,,,,,,,,,,,8705484,,,,,,,,,,,,,,,,
2019-01-09,,,,,,,,,,,,,,,,,,,,,,,693.71,,,,,,,,,,,,,3256473.61,,,,,,,,,,,,,8735421,,,,,,,,,,,,,,,,
2019-01-10,,,,,,,,,,,,,,,,,,,,,,,693.11,,,,,,,,,,,,,3467873.6,,,,,,,,,,,,,8721079,,,,,,,,,,,,,,,,
2019-01-11,,,,,,,,,,,,,,,,,,,,,,,691.94,,,,,,,,,,,,,3455927.26,,,,,,,,,,,,,8677964,,,,,,,,,,,,,,,,
2019-01-12,,,,,,,,,,,,,,,,,,,,,,,691.01,,,,,,,,,,,,,3446301.57,,,,,,,,,,,,,8661645,,,,,,,,,,,,,,,,
2019-01-13,,,,,96717.51,1099,88.00501364877161,,,,,,,,,,,,,,,,689.05,,,,,,,,84496.85,993,85.09249748237663,,,3436800.09,,,,,,,,,,,,,8652098,,,,,,,,,,,,,,,,
2019-01-14,,183.32,,34.69,,,,,,922.7588,,,,,177.62,,34.44,,,,,,688.41,,,,,213.31,,38.3,,,,,,3422665.1,,,,,194.08,,31.67,,,,,,8611188,,,,,,,,,,,,,,,,
2019-01-15,,,,,,,,,,926.1658,,,,,,,,,,,,,692.98,,,,,,,,,,,,,3409263.21,,,,,,,,,,,,,8647870,,,,,,,,,,,,,,,,
2019-01-16,,,,,,,,,,925.0005,,,,,,,,,,,,,691.25,,,,,,,,,,,,,3397622.27,,,,,,,,,,,,,8648276,,,,,,,,,,,,,,,,
2019-01-17,,,,,,,,,,929.3507,,,,,,,,,,,,,692.03,,,,,,,,,,,,,3373672.31,,,,,,,,,,,,,8636921,,,,,,,,,,,,,,,,
2019-01-18,,,,,,,,,,932.5813,,,,,,,,,,,,,697.54,,,,,,,,,,,,,3568521.12,,,,,,,,,,,,,8639113,,,,,,,,,,,,,,,,
2019-01-19,,,,,,,,,,919.3047,,,,,,,,,,,,,698.35,,,,,,,,,,,,,3559071.49,,,,,,,,,,,,,8616407,,,,,,,,,,,,,,,,
2019-01-20,,,,,247971.75,2766,89.64994577006507,,,918.6096,,,,,,,,,,,,,695.17,,,,,,,,93931.15,1087,86.41320147194112,,,3547843.82,,,,,,,,,,,,,8600278,,,,,,,,,,,,,,,,
2019-01-21,,183.31,,27.68,,,,,,913.3152,,,,,176.61,,34.83,,,,,,694.66,,,,,212.1,,40.19,,,,,,3329393.64,,,,,194.38,,35.14,,,,,,8619298,,,,,,,,,,,,,,,,
2019-01-22,,,,,,,,,,927.6362,,,,,,,,,,,,,700.25,,,,,,,,,,,,,3281677.3,,,,,,,,,,,,,8622642,,,,,,,,,,,,,,,,
2019-01-23,,,,,,,,,,924.4488,,,,,,,,,,,,,702.78,,,,,,,,,,,,,3273492.8,,,,,,,,,,,,,8602859,,,,,,,,,,,,,,,,
2019-01-24,,,,,,,,,,921.6612,,,,,,,,,,,,,710.29,,,,,,,,,,,,,3265825.32,,,,,,,,,,,,,8607677,,,,,,,,,,,,,,,,
2019-01-25,,,,,,,,,,903.1469,,,,,,,,,,,,,712.06,,,,,,,,,,,,,3257128.59,,,,,,,,,,,,,8633872,,,,,,,,,,,,,,,,
2019-01-26,,,,,,,,,,,,,,,,,,,,,,,713.5,,,,,,,,,,,,,3252477.53,,,,,,,,,,,,,8609744,,,,,,,,,,,,,,,,
2019-01-27,,,,,265536.16,3076,86.32514954486346,,,880.4801,,,,,,,,,,,,,711.87,,,,,,,,85771.3,1008,85.0905753968254,,,3248508.9,,,,,,,,,,,,,8592295,,,,,,,,,,,,,,,,
2019-01-28,,183.29,,43.84,,,,,,882.5957,,,,,174.97,,33.68,,,,,,710.89,,,,,210.83,,32.96,,,,,,3209603.91,,,,,195.21,,38.1,,,,,,8595401,,,,,,,,,,,,,,,,
2019-01-29,,,,,,,,,,,,,,,,,,,,,,,708.12,,,,,,,,,,,,,3203776.01,,,,,,,,,,,,,8579202,,,,,,,,,,,,,,,,
2019-01-30,,,,,,,,,,882.9168,,,,,,,,,,,,,708.22,,,,,,,,,,,,,3202555.25,,,,,,,,,,,,,8485732,,,,,,,,,,,,,,,,
2019-01-31,843.3,,185.46,,,,,201,1.55,894.3189,92655.43,40.4769,167.1309,569,,164.86,,,,,238,1.69,705.1,418132.34,106.7801,117.2673,860.6,,124.3,,,,,207,1.68,3201477.34,329543.91,0,0,800.8,,131.99,,62.51,,,170,1.69,8637214,84.73,76.3939,9.3408,,,,,3.25,,127.6,121.3,127.2,1.7,0.5,2.4,-0.1
2019-02-01,,,,,,,,,,913.4928,,,,,,,,,,,,,708.42,,,,,,,,,,,,,3200696.76,,,,,,,,,,,,,8619618,,,,,,,,,,,,,,,,
2019-02-02,,,,,,,,,,905.4734,,,,,,,,,,,,,708.04,,,,,,,,,,,,,3216076.08,,,,,,,,,,,,,8634194,,,,,,,,,,,,,,,,
2019-02-03,,,,,223443.57,2595,86.10542196531792,,,915.5735,,,,,,,,,,,,,708.44,,,,,,,,40559.41,455,89.14156043956044,,,3216076.08,,,,,,,,,,,,,8630803,,,,,,,,,,,,,,,,
2019-02-04,,183.44,,54.17,,,,,,,,,,,176.61,,38.31,,,,,,708.78,,,,,213.55,,36.29,,,,,,3216076.08,,,,,194.27,,45.95,,,,,,8630372,,,,,,,,,,,,,,,,
2019-02-05,,,,,,,,,,,,,,,,,,,,,,,707.77,,,,,,,,,,,,,3216076.08,,,,,,,,,,,,,8630275,,,,,,,,,,,,,,,,
2019-02-06,,,,,,,,,,,,,,,,,,,,,,,709.94,,,,,,,,,,,,,3216076.08,,,,,,,,,,,,,8630168,,,,,,,,,,,,,,,,
2019-02-07,,,,,,,,,,,,,,,,,,,,,,,710.44,,,,,,,,,,,,,3216076.08,,,,,,,,,,,,,8629719,,,,,,,,,,,,,,,,
2019-02-08,,,,,,,,,,,,,,,,,,,,,,,710.68,,,,,,,,,,,,,3216076.08,,,,,,,,,,,,,8629628,,,,,,,,,,,,,,,,
2019-02-09,,,,,,,,,,,,,,,,,,,,,,,710.68,,,,,,,,,,,,,3216076.08,,,,,,,,,,,,,8629240,,,,,,,,,,,,,,,,
2019-02-10,,,,,0,0,,,,,,,,,,,,,,,,,710.56,,,,,,,,,,,,,3216076.08,,,,,,,,,,,,,8628549,,,,,,,,,,,,,,,,
2019-02-11,,184.48,,,,,,,,901.5829,,,,,177.79,,94.12,,,,,,708.67,,,,,212.4,,50,,,,,,3206310.76,,,,,197.15,,50,,,,,,8625641,,,,,,,,,,,,,,,,
2019-02-12,,,,,,,,,,918.6861,,,,,,,,,,,,,707.77,,,,,,,,,,,,,3206310.76,,,,,,,,,,,,,8618801,,,,,,,,,,,,,,,,
2019-02-13,,,,,,,,,,916.79,,,,,,,,,,,,,707.18,,,,,,,,,,,,,3170735.29,,,,,,,,,,,,,8594727,,,,,,,,,,,,,,,,
2019-02-14,,,,,,,,,,918.5963,,,,,,,,,,,,,706.25,,,,,,,,,,,,,3159502.63,,,,,,,,,,,,,8585386,,,,,,,,,,,,,,,,
2019-02-15,,,,,,,,,,,,,,,,,,,,,,,704.37,,,,,,,,,,,,,3187530.66,,,,,,,,,,,,,8629573,,,,,,,,,,,,,,,,
2019-02-16,,,,,,,,,,929.3548,,,,,,,,,,,,,708.78,,,,,,,,,,,,,3179431.71,,,,,,,,,,,,,8610715,,,,,,,,,,,,,,,,
2019-02-17,,,,,121903.28,1436,84.89086350974931,,,926.6834,,,,,,,,,,,,,707.13,,,,,,,,31341.91,374,83.80189839572192,,,3171946.44,,,,,,,,,,,,,8599716,,,,,,,,,,,,,,,,
2019-02-18,,184.6,,47.54,,,,,,932.639,,,,,177.78,,44.86,,,,,,705.92,,,,,212.77,,52.63,,,,,,3152704.74,,,,,197.25,,47.67,,,,,,8584535,,,,,,,,,,,,,,,,
2019-02-19,,,,,,,,,,932.0253,,,,,,,,,,,,,709.93,,,,,,,,,,,,,3156921.38,,,,,,,,,,,,,8572222,,,,,,,,,,,,,,,,
2019-02-20,,,,,,,,,,943.5533,,,,,,,,,,,,,708.99,,,,,,,,,,,,,3160856.61,,,,,,,,,,,,,8556126,,,,,,,,,,,,,,,,
2019-02-21,,,,,,,,,,945.245,,,,,,,,,,,,,708.13,,,,,,,,,,,,,3161602.36,,,,,,,,,,,,,8667967,,,,,,,,,,,,,,,,
2019-02-22,,,,,,,,,,944.5274,,,,,,,,,,,,,715.45,,,,,,,,,,,,,3152501.19,,,,,,,,,,,,,8682730,,,,,,,,,,,,,,,,
2019-02-23,,,,,,,,,,938.7169,,,,,,,,,,,,,715.8,,,,,,,,,,,,,3143584.59,,,,,,,,,,,,,8651587,,,,,,,,,,,,,,,,
2019-02-24,,,,,202015.6,2286,88.37077865266842,,,936.915,,,,,,,,,,,,,713.16,,,,,,,,65466.94,791,82.76477876106195,,,3134418.5,,,,,,,,,,,,,8629154,,,,,,,,,,,,,,,,
2019-02-25,,184.51,,37.88,,,,,,938.9791,,,,,178.3,,41.31,,,,,,711.05,,,,,213.43,,46.5,,,,,,3127026.1,,,,,196.4,,33.11,,,,,,8664527,,,,,,,,,,,,,,,,
2019-02-26,,,,,,,,,,933.324,,,,,,,,,,,,,712.56,,,,,,,,,,,,,3194533.99,,,,,,,,,,,,,8637037,,,,,,,,,,,,,,,,
2019-02-27,,,,,,,,,,927.9661,,,,,,,,,,,,,717.64,,,,,,,,,,,,,3187838.98,,,,,,,,,,,,,8550637,,,,,,,,,,,,,,,,
2019-02-28,832,,165.45,,,,,199,1.55,931.8129,308825.05,0,117.2925,574,,145.21,,,,,239,1.68,722.58,169980.47,70.9632,99.7614,873,,115.48,,,,,207,1.66,3178632.58,47803.66,0,0,808.5,,114.86,,40.1,,,171,1.69,8531207,56.5147,76.0995,116.4902,,,,,3.25,,128.8,124.7,129.29999999999998,1.5,1,2.7,0.3
2019-03-01,,,,,,,,,,914.4206,,,,,,,,,,,,,726.07,,,,,,,,,,,,,3168492.59,,,,,,,,,,,,,8506520,,,,,,,,,,,,,,,,
2019-03-02,,,,,,,,,,914.317,,,,,,,,,,,,,723.94,,,,,,,,,,,,,3158902.82,,,,,,,,,,,,,8484618,,,,,,,,,,,,,,,,
2019-03-03,,,,,236679.01,2783,85.04455982752425,,,912.9447,,,,,,,,,,,,,722.11,,,,,,,,77926.95,925,84.24535135135135,,,3147789.79,,,,,,,,,,,,,8469610,,,,,,,,,,,,,,,,
2019-03-04,,184.79,,46.99,,,,,,911.1573,,,,,178.65,,38.69,,,,,,724.29,,,,,214.38,,42.38,,,,,,3345178.22,,,,,196.67,,35.71,,,,,,8469575,,,,,,,,,,,,,,,,
2019-03-05,,,,,,,,,,909.9861,,,,,,,,,,,,,722.91,,,,,,,,,,,,,3342460.43,,,,,,,,,,,,,8449122,,,,,,,,,,,,,,,,
2019-03-06,,,,,,,,,,901.7946,,,,,,,,,,,,,734.85,,,,,,,,,,,,,3379626.52,,,,,,,,,,,,,8431981,,,,,,,,,,,,,,,,
2019-03-07,,,,,,,,,,901.0462,,,,,,,,,,,,,733.79,,,,,,,,,,,,,3369248.8,,,,,,,,,,,,,8429087,,,,,,,,,,,,,,,,
2019-03-08,,,,,,,,,,900.9847,,,,,,,,,,,,,732.3,,,,,,,,,,,,,3357115.28,,,,,,,,,,,,,8417122,,,,,,,,,,,,,,,,
2019-03-09,,,,,,,,,,900.9409,,,,,,,,,,,,,731.54,,,,,,,,,,,,,3345791.22,,,,,,,,,,,,,8386094,,,,,,,,,,,,,,,,
2019-03-10,,,,,262304.37,3095,84.75100807754443,,,898.9097,,,,,,,,,,,,,728.91,,,,,,,,72201.78,884,81.67622171945702,,,3336727.95,,,,,,,,,,,,,8365461,,,,,,,,,,,,,,,,
2019-03-11,,184.96,,33.61,,,,,,922.2531,,,,,178.48,,36.75,,,,,,731.49,,,,,213.57,,41.98,,,,,,3327034.54,,,,,197.54,,31.69,,,,,,8326801,,,,,,,,,,,,,,,,
2019-03-12,,,,,,,,,,919.6022,,,,,,,,,,,,,730.67,,,,,,,,,,,,,3318441.35,,,,,,,,,,,,,8255660,,,,,,,,,,,,,,,,
2019-03-13,,,,,,,,,,908.2161,,,,,,,,,,,,,730.31,,,,,,,,,,,,,3287519.23,,,,,,,,,,,,,8290570,,,,,,,,,,,,,,,,
2019-03-14,,,,,,,,,,906.3983,,,,,,,,,,,,,726.34,,,,,,,,,,,,,3279880.56,,,,,,,,,,,,,8317446,,,,,,,,,,,,,,,,
2019-03-15,,,,,,,,,,913.826,,,,,,,,,,,,,733.55,,,,,,,,,,,,,3263462.43,,,,,,,,,,,,,,,,,,,,,,,,,,,,,
2019-03-16,,,,,,,,,,912.5617,,,,,,,,,,,,,716.08,,,,,,,,,,,,,3249992.69,,,,,,,,,,,,,,,,,,,,,,,,,,,,,
2019-03-17,,,,,331419.18,3882,85.37330757341576,,,910.048,,,,,,,,,,,,,716.49,,,,,,,,82048.59,993,82.62697885196374,,,3236690.06,,,,,,,,,,,,,8385936,,,,,,,,,,,,,,,,
2019-03-18,,185.22,,33.77,,,,,,926.0348,,,,,178.98,,38.67,,,,,,721.72,,,,,213,,40.13,,,,,,3320557.95,,,,,197.03,,33.41,,,,,,8322908,,,,,,,,,,,,,,,,
2019-03-19,,,,,,,,,,950.595,,,,,,,,,,,,,720.74,,,,,,,,,,,,,3307184.03,,,,,,,,,,,,,8287623,,,,,,,,,,,,,,,,
2019-03-20,,,,,,,,,,947.0568,,,,,,,,,,,,,717.45,,,,,,,,,,,,,3291473.06,,,,,,,,,,,,,8310232,,,,,,,,,,,,,,,,
2019-03-21,,,,,,,,,,947.012,,,,,,,,,,,,,743.31,,,,,,,,,,,,,3278733.33,,,,,,,,,,,,,8340002,,,,,,,,,,,,,,,,
2019-03-22,,,,,,,,,,971.2141,,,,,,,,,,,,,741.21,,,,,,,,,,,,,3256241.02,,,,,,,,,,,,,8349093,,,,,,,,,,,,,,,,
2019-03-23,,,,,,,,,,971.1394,,,,,,,,,,,,,738.53,,,,,,,,,,,,,3244284.23,,,,,,,,,,,,,8299593,,,,,,,,,,,,,,,,
2019-03-24,,,,,341546.28,3956,86.33626895854398,,,969.6455,,,,,,,,,,,,,736.04,,,,,,,,100217.75,1210,82.8245867768595,,,3235237.77,,,,,,,,,,,,,8270138,,,,,,,,,,,,,,,,
2019-03-25,,184.76,,31.76,,,,,,972.2152,,,,,179.69,,37.47,,,,,,733.3,,,,,214.42,,41.49,,,,,,3228601.38,,,,,196.11,,29.05,,,,,,8240428,,,,,,,,,,,,,,,,
2019-03-26,,,,,,,,,,967.9063,,,,,,,,,,,,,732.01,,,,,,,,,,,,,3337755.57,,,,,,,,,,,,,8190874,,,,,,,,,,,,,,,,
2019-03-27,,,,,,,,,,948.1273,,,,,,,,,,,,,734.39,,,,,,,,,,,,,3331477.77,,,,,,,,,,,,,8249917,,,,,,,,,,,,,,,,
2019-03-28,,,,,,,,,,949.2165,,,,,,,,,,,,,730.9,,,,,,,,,,,,,3324377.46,,,,,,,,,,,,,8207073,,,,,,,,,,,,,,,,
2019-03-29,,,,,,,,,,949.7892,,,,,,,,,,,,,726.72,,,,,,,,,,,,,3317840.89,,,,,,,,,,,,,8211521,,,,,,,,,,,,,,,,
2019-03-30,,,,,,,,,,936.5359,,,,,,,,,,,,,717.31,,,,,,,,,,,,,3311976.12,,,,,,,,,,,,,8161081,,,,,,,,,,,,,,,,
2019-03-31,843,,195.1,,377854.4,4444,85.02574257425742,199,1.53,935.9023,1121359.58,5.7268,0,576,,166.73,,,,,238,1.67,711.76,1067909.81,61.1003,82.0647,881.2,,146.67,,100036.51,1274,78.52159340659341,207,1.65,3305206.35,253671.97,0,0,815.7,,151.14,,45.99,,,170,1.66,8137895,53.9699,37.0488,7.0173,8.3,,8.3,8.2,3.25,5.68,127.9,122.4,127.2,2.3,-0.4,2.4,0.3
2019-04-01,,185.59,,36.09,,,,,,942.9639,,,,,180.54,,40.59,,,,,,716.57,,,,,214.54,,39.73,,,,,,3291619.41,,,,,197.2,,31.51,,,,,,8170003,,,,,,,,,,,,,,,,
2019-04-02,,,,,,,,,,957.359,,,,,,,,,,,,,732.04,,,,,,,,,,,,,3279172.3,,,,,,,,,,,,,8196850,,,,,,,,,,,,,,,,
2019-04-03,,,,,,,,,,955.1122,,,,,,,,,,,,,749.04,,,,,,,,,,,,,3266219.26,,,,,,,,,,,,,8179204,,,,,,,,,,,,,,,,
2019-04-04,,,,,,,,,,957.1515,,,,,,,,,,,,,750.78,,,,,,,,,,,,,3253737.72,,,,,,,,,,,,,8282539,,,,,,,,,,,,,,,,
2019-04-05,,,,,,,,,,953.7588,,,,,,,,,,,,,754.14,,,,,,,,,,,,,3247401.34,,,,,,,,,,,,,8262727,,,,,,,,,,,,,,,,
2019-04-06,,,,,,,,,,948.8262,,,,,,,,,,,,,751.35,,,,,,,,,,,,,3244131.69,,,,,,,,,,,,,8248485,,,,,,,,,,,,,,,,
2019-04-07,,,,,211354.16,2348,90.01454855195911,,,946.5983,,,,,,,,,,,,,750.09,,,,,,,,87779.26,1060,82.81062264150944,,,3241195.7,,,,,,,,,,,,,8237290,,,,,,,,,,,,,,,,
2019-04-08,,186.46,,37.64,,,,,,962.4425,,,,,180.44,,40.18,,,,,,748.51,,,,,216.72,,43.92,,,,,,3238069.2,,,,,196.34,,31.61,,,,,,8232713,,,,,,,,,,,,,,,,
2019-04-09,,,,,,,,,,963.9882,,,,,,,,,,,,,746.72,,,,,,,,,,,,,3230253.02,,,,,,,,,,,,,8226063,,,,,,,,,,,,,,,,
2019-04-10,,,,,,,,,,969.5175,,,,,,,,,,,,,742.15,,,,,,,,,,,,,3323067.21,,,,,,,,,,,,,8203691,,,,,,,,,,,,,,,,
2019-04-11,,,,,,,,,,967.2258,,,,,,,,,,,,,747.16,,,,,,,,,,,,,3381391.83,,,,,,,,,,,,,8175076,,,,,,,,,,,,,,,,
2019-04-12,,,,,,,,,,999.7388,,,,,,,,,,,,,745.01,,,,,,,,,,,,,3372411.59,,,,,,,,,,,,,8165888,,,,,,,,,,,,,,,,
2019-04-13,,,,,,,,,,999.2615,,,,,,,,,,,,,747.88,,,,,,,,,,,,,3362693.14,,,,,,,,,,,,,8154200,,,,,,,,,,,,,,,,
2019-04-14,,,,,328436.98,3699,88.79074885104082,,,997.2332,,,,,,,,,,,,,745.4,,,,,,,,126511.38,1564,80.88962915601023,,,3356731.54,,,,,,,,,,,,,8133114,,,,,,,,,,,,,,,,
2019-04-15,,185.12,,32.88,,,,,,1000.4541,,,,,179.36,,40.93,,,,,,743.59,,,,,213.08,,40.91,,,,,,3334107.61,,,,,194.02,,29.69,,,,,,8106944,,,,,,,,,,,,,,,,
2019-04-16,,,,,,,,,,999.8844,,,,,,,,,,,,,752.49,,,,,,,,,,,,,3258894.7,,,,,,,,,,,,,8149762,,,,,,,,,,,,,,,,
2019-04-17,,,,,,,,,,999.869,,,,,,,,,,,,,756.37,,,,,,,,,,,,,3245319.59,,,,,,,,,,,,,8128430,,,,,,,,,,,,,,,,
2019-04-18,,,,,,,,,,1005.6958,,,,,,,,,,,,,760.74,,,,,,,,,,,,,3286029.11,,,,,,,,,,,,,8114751,,,,,,,,,,,,,,,,
2019-04-19,,,,,,,,,,1013.1593,,,,,,,,,,,,,763.59,,,,,,,,,,,,,3273685.54,,,,,,,,,,,,,8204394,,,,,,,,,,,,,,,,
2019-04-20,,,,,,,,,,1013.151,,,,,,,,,,,,,763.89,,,,,,,,,,,,,3264454.94,,,,,,,,,,,,,8165059,,,,,,,,,,,,,,,,
2019-04-21,,,,,295084.85,3314,89.04189800844901,,,1008.9285,,,,,,,,,,,,,763.42,,,,,,,,143192.88,1771,80.8542518351214,,,3256167.6,,,,,,,,,,,,,8146726,,,,,,,,,,,,,,,,
2019-04-22,,184.99,,35.15,,,,,,1009.6534,,,,,179.01,,41.06,,,,,,759.02,,,,,216.65,,40.93,,,,,,3248124.47,,,,,193.52,,30.25,,,,,,8150157,,,,,,,,,,,,,,,,
2019-04-23,,,,,,,,,,993.9743,,,,,,,,,,,,,767.99,,,,,,,,,,,,,3234235.49,,,,,,,,,,,,,8139128,,,,,,,,,,,,,,,,
2019-04-24,,,,,,,,,,993.6194,,,,,,,,,,,,,766.07,,,,,,,,,,,,,3222813.86,,,,,,,,,,,,,8151085,,,,,,,,,,,,,,,,
2019-04-25,,,,,,,,,,993.9447,,,,,,,,,,,,,768.72,,,,,,,,,,,,,3278595.58,,,,,,,,,,,,,8183034,,,,,,,,,,,,,,,,
2019-04-26,,,,,,,,,,983.0738,,,,,,,,,,,,,766.5,,,,,,,,,,,,,3400908,,,,,,,,,,,,,8211141,,,,,,,,,,,,,,,,
2019-04-27,,,,,,,,,,981.616,,,,,,,,,,,,,764.49,,,,,,,,,,,,,3390735.73,,,,,,,,,,,,,8168794,,,,,,,,,,,,,,,,
2019-04-28,,,,,285456.37,3300,86.5019303030303,,,952.2102,,,,,,,,,,,,,765.47,,,,,,,,188170.95,2355,79.90273885350318,,,3392097.38,,,,,,,,,,,,,8161542,,,,,,,,,,,,,,,,
2019-04-29,,185.81,,27.22,,,,,,961.7837,,,,,179.95,,40.81,,,,,,765.48,,,,,214.45,,42.66,,,,,,3376290.47,,,,,194.05,,28.43,,,,,,8243321,,,,,,,,,,,,,,,,
2019-04-30,845,,171.85,,,,,201,1.54,961.6593,525878.37,13.771,5.7268,577,,153.14,,,,,236,1.65,766.89,692764.9,108.9509,61.0618,889.1,,135.78,,,,,207,1.63,3365990.61,352239.87,0,0,822.4,,151.1,,67.56,,,171,1.66,8264821,67.0775,4.2136,66.0348,,,,,3.25,,129.2,123.4,128.70000000000002,2.5,0.1,2.2,0
2019-05-01,,,,,,,,,,946.8979,,,,,,,,,,,,,765.99,,,,,,,,,,,,,3347172.02,,,,,,,,,,,,,8257112,,,,,,,,,,,,,,,,
2019-05-02,,,,,,,,,,946.8694,,,,,,,,,,,,,766.05,,,,,,,,,,,,,3333603.68,,,,,,,,,,,,,8246103,,,,,,,,,,,,,,,,
2019-05-03,,,,,,,,,,946.8317,,,,,,,,,,,,,765.08,,,,,,,,,,,,,3308911.03,,,,,,,,,,,,,8235156,,,,,,,,,,,,,,,,
2019-05-04,,,,,,,,,,932.895,,,,,,,,,,,,,764.16,,,,,,,,,,,,,3286104,,,,,,,,,,,,,8224456,,,,,,,,,,,,,,,,
2019-05-05,,,,,142626.18,1618,88.14967861557479,,,943.5053,,,,,,,,,,,,,763.41,,,,,,,,88446.65,1104,80.11471920289856,,,3281181.94,,,,,,,,,,,,,8207366,,,,,,,,,,,,,,,,
2019-05-06,,185.08,,32.84,,,,,,939.5476,,,,,179.89,,41.13,,,,,,761.75,,,,,214.2,,,,,,,,3281545.97,,,,,192.74,,30.13,,,,,,8230629,,,,,,,,,,,,,,,,
2019-05-07,,,,,,,,,,936.3089,,,,,,,,,,,,,759.66,,,,,,,,,,,,,3297738.42,,,,,,,,,,,,,8254750,,,,,,,,,,,,,,,,
2019-05-08,,,,,,,,,,933.1124,,,,,,,,,,,,,757.18,,,,,,,,,,,,,3279299.83,,,,,,,,,,,,,8269683,,,,,,,,,,,,,,,,
2019-05-09,,,,,,,,,,943.6729,,,,,,,,,,,,,754.7,,,,,,,,,,,,,3323823.07,,,,,,,,,,,,,8294782,,,,,,,,,,,,,,,,
2019-05-10,,,,,,,,,,940.5271,,,,,,,,,,,,,751.98,,,,,,,,,,,,,3307190.99,,,,,,,,,,,,,8310424,,,,,,,,,,,,,,,,
2019-05-11,,,,,,,,,,940.4874,,,,,,,,,,,,,745.28,,,,,,,,,,,,,3293153,,,,,,,,,,,,,8269276,,,,,,,,,,,,,,,,
2019-05-12,,,,,274255.02,3083,88.95719104768084,,,935.8127,,,,,,,,,,,,,746.01,,,,,,,,136393.35,1654,82.46272672309553,,,3277586.85,,,,,,,,,,,,,8249193,,,,,,,,,,,,,,,,
2019-05-13,,184.7,,32.03,,,,,,928.8472,,,,,179.78,,38.76,,,,,,740.85,,,,,215.13,,,,,,,,3313655.94,,,,,194.42,,31.73,,,,,,8244809,,,,,,,,,,,,,,,,
2019-05-14,,,,,,,,,,925.1316,,,,,,,,,,,,,737.84,,,,,,,,,,,,,3288159.38,,,,,,,,,,,,,8214864,,,,,,,,,,,,,,,,
2019-05-15,,,,,,,,,,898.6067,,,,,,,,,,,,,744.91,,,,,,,,,,,,,3271344.8,,,,,,,,,,,,,8199354,,,,,,,,,,,,,,,,
2019-05-16,,,,,,,,,,913.4884,,,,,,,,,,,,,742.94,,,,,,,,,,,,,3309590.16,,,,,,,,,,,,,8186643,,,,,,,,,,,,,,,,
2019-05-17,,,,,,,,,,922.7203,,,,,,,,,,,,,746.21,,,,,,,,,,,,,3323116.99,,,,,,,,,,,,,8269665,,,,,,,,,,,,,,,,
2019-05-18,,,,,,,,,,920.3153,,,,,,,,,,,,,748.06,,,,,,,,,,,,,3307710.06,,,,,,,,,,,,,8233430,,,,,,,,,,,,,,,,
2019-05-19,,,,,302242.72,3398,88.94723955267804,,,918.7655,,,,,,,,,,,,,745.4,,,,,,,,163487.93,1971,82.94669203450026,,,3293313.42,,,,,,,,,,,,,8213133,,,,,,,,,,,,,,,,
2019-05-20,,185.07,,31.72,,,,,,931.6865,,,,,180.77,,37.72,,,,,,738.65,,,,,216.49,,41.42,,,,,,3275518.13,,,,,194.29,,29.66,,,,,,8221359,,,,,,,,,,,,,,,,
2019-05-21,,,,,,,,,,927.767,,,,,,,,,,,,,748.68,,,,,,,,,,,,,3187937.59,,,,,,,,,,,,,8233086,,,,,,,,,,,,,,,,
2019-05-22,,,,,,,,,,923.0052,,,,,,,,,,,,,750.76,,,,,,,,,,,,,3159719.02,,,,,,,,,,,,,8167813,,,,,,,,,,,,,,,,
2019-05-23,,,,,,,,,,919.0469,,,,,,,,,,,,,748.85,,,,,,,,,,,,,3274789.23,,,,,,,,,,,,,8140347,,,,,,,,,,,,,,,,
2019-05-24,,,,,,,,,,917.9188,,,,,,,,,,,,,750.19,,,,,,,,,,,,,3281534.76,,,,,,,,,,,,,8194761,,,,,,,,,,,,,,,,
2019-05-25,,,,,,,,,,914.5007,,,,,,,,,,,,,748.97,,,,,,,,,,,,,3316151.11,,,,,,,,,,,,,8154773,,,,,,,,,,,,,,,,
2019-05-26,,,,,292339.77,3314,88.21356970428485,,,908.4943,,,,,,,,,,,,,745.24,,,,,,,,145119.94,1771,81.94237154150197,,,3225839.45,,,,,,,,,,,,,8134718,,,,,,,,,,,,,,,,
2019-05-27,,185.29,,26.83,,,,,,923.6462,,,,,180.55,,36.92,,,,,,743.84,,,,,216.43,,41.04,,,,,,3211616.72,,,,,194.69,,28.5,,,,,,8106081,,,,,,,,,,,,,,,,
2019-05-28,,,,,,,,,,914.8611,,,,,,,,,,,,,741.33,,,,,,,,,,,,,3194733.6,,,,,,,,,,,,,8117679,,,,,,,,,,,,,,,,
2019-05-29,,,,,,,,,,907.5903,,,,,,,,,,,,,749.12,,,,,,,,,,,,,3224373.44,,,,,,,,,,,,,8086863,,,,,,,,,,,,,,,,
2019-05-30,,,,,,,,,,906.0915,,,,,,,,,,,,,749.95,,,,,,,,,,,,,3104262.11,,,,,,,,,,,,,8131316,,,,,,,,,,,,,,,,
2019-05-31,843,,184.37,,,,,200,1.54,906.7757,526169.45,74.3888,13.771,576,,167.37,,,,,236,1.65,750.46,370681.44,71.2675,97.3719,891,,142.62,,,,,206,1.62,2967772.36,348854.65,68.968,0,829.2,,160.65,,65.82,,,172,1.65,8204101,71.8099,152.0524,4.2136,,,,,3.25,,127,121.7,126.20000000000002,2.7,0,2.1,0
2019-06-01,,,,,,,,,,892.425,,,,,,,,,,,,,746.42,,,,,,,,,,,,,2956141.05,,,,,,,,,,,,,8180388,,,,,,,,,,,,,,,,
2019-06-02,,,,,327411.25,3681,88.94627818527574,,,887.6581,,,,,,,,,,,,,745.03,,,,,,,,138039.54,1683,82.01992869875222,,,2897056.22,,,,,,,,,,,,,8165371,,,,,,,,,,,,,,,,
2019-06-03,,185.46,,35.33,,,,,,895.0402,,,,,180,,37.3,,,,,,745.75,,,,,215.73,,42.25,,,,,,2956724.9,,,,,195.03,,28.69,,,,,,8144119,,,,,,,,,,,,,,,,
2019-06-04,,,,,,,,,,888.374,,,,,,,,,,,,,746.56,,,,,,,,,,,,,2946516.47,,,,,,,,,,,,,8116532,,,,,,,,,,,,,,,,
2019-06-05,,,,,,,,,,883.7141,,,,,,,,,,,,,744.64,,,,,,,,,,,,,2994032.12,,,,,,,,,,,,,8086824,,,,,,,,,,,,,,,,
2019-06-06,,,,,,,,,,889.0515,,,,,,,,,,,,,748.96,,,,,,,,,,,,,2979379.77,,,,,,,,,,,,,8155891,,,,,,,,,,,,,,,,
2019-06-07,,,,,,,,,,888.2595,,,,,,,,,,,,,758.08,,,,,,,,,,,,,2965402.57,,,,,,,,,,,,,8135044,,,,,,,,,,,,,,,,
2019-06-08,,,,,,,,,,888.0352,,,,,,,,,,,,,756.55,,,,,,,,,,,,,2950667.64,,,,,,,,,,,,,8121195,,,,,,,,,,,,,,,,
2019-06-09,,,,,178328.61,1963,90.84493632195618,,,884.7398,,,,,,,,,,,,,755.31,,,,,,,,96415.62,1175,82.05584680851064,,,2937948.46,,,,,,,,,,,,,8109945,,,,,,,,,,,,,,,,
2019-06-10,,184.68,,21.43,,,,,,880.7931,,,,,180.46,,35.55,,,,,,753.83,,,,,216.38,,41.5,,,,,,2964307.57,,,,,194.89,,29.37,,,,,,8090429,,,,,,,,,,,,,,,,
2019-06-11,,,,,,,,,,883.0961,,,,,,,,,,,,,756.18,,,,,,,,,,,,,2953233.95,,,,,,,,,,,,,8123641,,,,,,,,,,,,,,,,
2019-06-12,,,,,,,,,,882.5936,,,,,,,,,,,,,758.44,,,,,,,,,,,,,2992077.87,,,,,,,,,,,,,8123379,,,,,,,,,,,,,,,,
2019-06-13,,,,,,,,,,876.0589,,,,,,,,,,,,,770.78,,,,,,,,,,,,,2976654.55,,,,,,,,,,,,,8015845,,,,,,,,,,,,,,,,
2019-06-14,,,,,,,,,,877.9878,,,,,,,,,,,,,775.49,,,,,,,,,,,,,2963330.88,,,,,,,,,,,,,8045893,,,,,,,,,,,,,,,,
2019-06-15,,,,,,,,,,877.0816,,,,,,,,,,,,,775,,,,,,,,,,,,,2951525.28,,,,,,,,,,,,,8006947,,,,,,,,,,,,,,,,
2019-06-16,,,,,262459.18,2915,90.03745454545455,,,866.7961,,,,,,,,,,,,,769.45,,,,,,,,120975.58,1491,81.13720992622402,,,2938699.64,,,,,,,,,,,,,7985788,,,,,,,,,,,,,,,,
2019-06-17,,184.85,,33.14,,,,,,868.4184,,,,,180.62,,37.39,,,,,,776.95,,,,,217.14,,41.21,,,,,,2928010.21,,,,,194.91,,28.7,,,,,,7977842,,,,,,,,,,,,,,,,
2019-06-18,,,,,,,,,,868.7818,,,,,,,,,,,,,778.22,,,,,,,,,,,,,2851016.98,,,,,,,,,,,,,7953351,,,,,,,,,,,,,,,,
2019-06-19,,,,,,,,,,866.239,,,,,,,,,,,,,780.26,,,,,,,,,,,,,2848418.62,,,,,,,,,,,,,7954971,,,,,,,,,,,,,,,,
2019-06-20,,,,,,,,,,863.8948,,,,,,,,,,,,,778.08,,,,,,,,,,,,,2877327.27,,,,,,,,,,,,,7943617,,,,,,,,,,,,,,,,
2019-06-21,,,,,,,,,,875.9911,,,,,,,,,,,,,779.67,,,,,,,,,,,,,2870221.59,,,,,,,,,,,,,7999415,,,,,,,,,,,,,,,,
2019-06-22,,,,,,,,,,875.8213,,,,,,,,,,,,,775.22,,,,,,,,,,,,,2860096.87,,,,,,,,,,,,,7965948,,,,,,,,,,,,,,,,
2019-06-23,,,,,270731.85,3033,89.26206726013848,,,873.3934,,,,,,,,,,,,,771.44,,,,,,,,134477.8,1624,82.80652709359606,,,2850338.62,,,,,,,,,,,,,7951257,,,,,,,,,,,,,,,,
2019-06-24,,184.68,,28.09,,,,,,900.5724,,,,,180.34,,37.29,,,,,,768.86,,,,,218.64,,42.27,,,,,,2802950.08,,,,,194.75,,26.87,,,,,,7934011,,,,,,,,,,,,,,,,
2019-06-25,,,,,,,,,,906.5343,,,,,,,,,,,,,771.85,,,,,,,,,,,,,2756308.74,,,,,,,,,,,,,7951071,,,,,,,,,,,,,,,,
2019-06-26,,,,,,,,,,903.9064,,,,,,,,,,,,,768.5,,,,,,,,,,,,,2773098.42,,,,,,,,,,,,,7953472,,,,,,,,,,,,,,,,
2019-06-27,,,,,,,,,,913.4725,,,,,,,,,,,,,773.55,,,,,,,,,,,,,2768120.07,,,,,,,,,,,,,7975239,,,,,,,,,,,,,,,,
2019-06-28,,,,,,,,,,923.35,,,,,,,,,,,,,777.87,,,,,,,,,,,,,2755645.21,,,,,,,,,,,,,8011166,,,,,,,,,,,,,,,,
2019-06-29,,,,,,,,,,,,,,,,,,,,,,,776.44,,,,,,,,,,,,,2743888.05,,,,,,,,,,,,,7943955,,,,,,,,,,,,,,,,
2019-06-30,836.1,,129.55,,315924.37,3640,86.79240934065935,198.9,1.55,920.3298,717740.35,21.6452,74.3888,576,,124.17,,,,,234.4,1.64,772.12,1012215.65,114.0644,54.5162,896.2,,125.12,,124780.13,1508,82.74544429708223,205.8,1.61,2729856.36,490857.23,0,68.968,833.4,,144.1,,73.43,,,170.6,1.63,7908939,65.1258,138.5333,148.3521,8.2,,8.5,8.9,3.25,5.53,131,122.9,129.4,2.7,-0.1,2,0.2
2019-07-01,,184.77,,30.06,,,,,,885.0837,,,,,180.56,,38.86,,,,,,771.36,,,,,220.56,,42.21,,,,,,2727195.25,,,,,195.95,,35.75,,,,,,7906630,,,,,,,,,,,,,,,,
2019-07-02,,,,,,,,,,885.1721,,,,,,,,,,,,,777.21,,,,,,,,,,,,,2753119.85,,,,,,,,,,,,,7891560,,,,,,,,,,,,,,,,
2019-07-03,,,,,,,,,,,,,,,,,,,,,,,781.04,,,,,,,,,,,,,2736183.44,,,,,,,,,,,,,7904782,,,,,,,,,,,,,,,,
2019-07-04,,,,,,,,,,904.5806,,,,,,,,,,,,,779.82,,,,,,,,,,,,,2724064.78,,,,,,,,,,,,,7890935,,,,,,,,,,,,,,,,
2019-07-05,,,,,,,,,,906.3225,,,,,,,,,,,,,778.9,,,,,,,,,,,,,2661787.57,,,,,,,,,,,,,7880654,,,,,,,,,,,,,,,,
2019-07-06,,,,,,,,,,906.0039,,,,,,,,,,,,,775.82,,,,,,,,,,,,,2650105.8,,,,,,,,,,,,,7849021,,,,,,,,,,,,,,,,
2019-07-07,,,,,225419.01,2502,90.09552757793764,,,903.6814,,,,,,,,,,,,,773.66,,,,,,,,127869.56,1482,86.28175438596492,,,2638141.77,,,,,,,,,,,,,7834501,,,,,,,,,,,,,,,,
2019-07-08,,183.92,,29.51,,,,,,901.5515,,,,,180.51,,37.07,,,,,,772.2,,,,,220.94,,42.23,,,,,,2651095.3,,,,,196.27,,24.41,,,,,,7824099,,,,,,,,,,,,,,,,
2019-07-09,,,,,,,,,,898.7876,,,,,,,,,,,,,771.8,,,,,,,,,,,,,2643554.35,,,,,,,,,,,,,7817107,,,,,,,,,,,,,,,,
2019-07-10,,,,,,,,,,895.9704,,,,,,,,,,,,,774.35,,,,,,,,,,,,,2580775.13,,,,,,,,,,,,,7837726,,,,,,,,,,,,,,,,
2019-07-11,,,,,,,,,,904.8238,,,,,,,,,,,,,775.51,,,,,,,,,,,,,2506844.29,,,,,,,,,,,,,7825632,,,,,,,,,,,,,,,,
2019-07-12,,,,,,,,,,908.0829,,,,,,,,,,,,,776.22,,,,,,,,,,,,,2497971.94,,,,,,,,,,,,,7885898,,,,,,,,,,,,,,,,
2019-07-13,,,,,,,,,,907.7002,,,,,,,,,,,,,776.4,,,,,,,,,,,,,2485235.16,,,,,,,,,,,,,7859679,,,,,,,,,,,,,,,,
2019-07-14,,,,,225622.19,2462,91.64183184402924,,,905.9061,,,,,,,,,,,,,774.59,,,,,,,,139027.89,1655,84.0047673716012,,,2475538.62,,,,,,,,,,,,,7844168,,,,,,,,,,,,,,,,
2019-07-15,,183.76,,34.36,,,,,,904.8201,,,,,180.81,,38.99,,,,,,773.02,,,,,222.56,,39.23,,,,,,2466012.77,,,,,195.67,,28.94,,,,,,7835711,,,,,,,,,,,,,,,,
2019-07-16,,,,,,,,,,903.3023,,,,,,,,,,,,,771.88,,,,,,,,,,,,,2421898.15,,,,,,,,,,,,,7875572,,,,,,,,,,,,,,,,
2019-07-17,,,,,,,,,,880.6386,,,,,,,,,,,,,773.3,,,,,,,,,,,,,2411061,,,,,,,,,,,,,7874744,,,,,,,,,,,,,,,,
2019-07-18,,,,,,,,,,880.06,,,,,,,,,,,,,770.85,,,,,,,,,,,,,2397826.73,,,,,,,,,,,,,7956442,,,,,,,,,,,,,,,,
2019-07-19,,,,,,,,,,902.7833,,,,,,,,,,,,,771.53,,,,,,,,,,,,,2496343.38,,,,,,,,,,,,,7937637,,,,,,,,,,,,,,,,
2019-07-20,,,,,,,,,,902.7389,,,,,,,,,,,,,768.18,,,,,,,,,,,,,2486744.46,,,,,,,,,,,,,7908964,,,,,,,,,,,,,,,,
2019-07-21,,,,,258314.74,2885,89.53717157712305,,,899.4521,,,,,,,,,,,,,766.43,,,,,,,,98677.69,1177,83.83830926083263,,,2476132.78,,,,,,,,,,,,,7890175,,,,,,,,,,,,,,,,
2019-07-22,,183.39,,28.48,,,,,,904.0472,,,,,180.31,,38.69,,,,,,766.05,,,,,221.21,,46.12,,,,,,2501101.68,,,,,194.68,,32.74,,,,,,7916055,,,,,,,,,,,,,,,,
2019-07-23,,,,,,,,,,899.4749,,,,,,,,,,,,,764.86,,,,,,,,,,,,,2504002.43,,,,,,,,,,,,,7926662,,,,,,,,,,,,,,,,
2019-07-24,,,,,,,,,,897.6282,,,,,,,,,,,,,767.43,,,,,,,,,,,,,2488226.2,,,,,,,,,,,,,7906555,,,,,,,,,,,,,,,,
2019-07-25,,,,,,,,,,896.864,,,,,,,,,,,,,765.16,,,,,,,,,,,,,2471832.79,,,,,,,,,,,,,7969725,,,,,,,,,,,,,,,,
2019-07-26,,,,,,,,,,906.1027,,,,,,,,,,,,,763.84,,,,,,,,,,,,,2454896.12,,,,,,,,,,,,,7939865,,,,,,,,,,,,,,,,
2019-07-27,,,,,,,,,,906.0539,,,,,,,,,,,,,768.39,,,,,,,,,,,,,2444426.71,,,,,,,,,,,,,7897203,,,,,,,,,,,,,,,,
2019-07-28,,,,,271478.63,3042,89.2434681130835,,,901.6789,,,,,,,,,,,,,765.42,,,,,,,,128747.43,1552,82.95581829896908,,,2432229.28,,,,,,,,,,,,,7868060,,,,,,,,,,,,,,,,
2019-07-29,,183.94,,30.56,,,,,,892.5073,,,,,180.76,,37.9,,,,,,763.49,,,,,218.67,,42.42,,,,,,2421065.43,,,,,194.75,,26.88,,,,,,7828526,,,,,,,,,,,,,,,,
2019-07-30,,,,,,,,,,887.1841,,,,,,,,,,,,,769.12,,,,,,,,,,,,,2411686.95,,,,,,,,,,,,,7871701,,,,,,,,,,,,,,,,
2019-07-31,832.2,,157.44,,,,,200.6,1.57,891.8143,391530.17,37.3953,21.6452,579,,153.4,,,,,236.3,1.65,772.51,773517.52,58.3744,137.847,897.2,,126.34,,,,,206.9,1.62,2400112.22,119205.2,0,0,838.2,,129.16,,78.2,,,171.8,1.63,7868666,72.3035,64.2007,104.4993,,,,,3.25,,128.2,122.1,127.6,2.8,0.4,2,0.4
2019-08-01,,,,,,,,,,890.1366,,,,,,,,,,,,,775.05,,,,,,,,,,,,,2423216.37,,,,,,,,,,,,,7859105,,,,,,,,,,,,,,,,
2019-08-02,,,,,,,,,,894.9206,,,,,,,,,,,,,773.72,,,,,,,,,,,,,2434281.19,,,,,,,,,,,,,7838049,,,,,,,,,,,,,,,,
2019-08-03,,,,,,,,,,885.3068,,,,,,,,,,,,,770.51,,,,,,,,,,,,,2421891.56,,,,,,,,,,,,,7812573,,,,,,,,,,,,,,,,
2019-08-04,,,,,266925.27,3030,88.09414851485148,,,880.0335,,,,,,,,,,,,,768.86,,,,,,,,118080.33,1425,82.86338947368421,,,2389021.11,,,,,,,,,,,,,7796864,,,,,,,,,,,,,,,,
2019-08-05,,183.27,,27,,,,,,877.6876,,,,,180.04,,36.96,,,,,,767.14,,,,,219.24,,43.78,,,,,,2331738.1,,,,,193.89,,28.14,,,,,,7807111,,,,,,,,,,,,,,,,
2019-08-06,,,,,,,,,,897.5977,,,,,,,,,,,,,766.05,,,,,,,,,,,,,2337776.67,,,,,,,,,,,,,7789142,,,,,,,,,,,,,,,,
2019-08-07,,,,,,,,,,894.3525,,,,,,,,,,,,,765.13,,,,,,,,,,,,,2335482.79,,,,,,,,,,,,,7782257,,,,,,,,,,,,,,,,
2019-08-08,,,,,,,,,,892.7427,,,,,,,,,,,,,763.67,,,,,,,,,,,,,2301007.63,,,,,,,,,,,,,7769158,,,,,,,,,,,,,,,,
2019-08-09,,,,,,,,,,879.3673,,,,,,,,,,,,,762.78,,,,,,,,,,,,,2269847.55,,,,,,,,,,,,,7812231,,,,,,,,,,,,,,,,
2019-08-10,,,,,,,,,,879.3495,,,,,,,,,,,,,765.51,,,,,,,,,,,,,2255001.36,,,,,,,,,,,,,7786325,,,,,,,,,,,,,,,,
2019-08-11,,,,,226330.52,2524,89.67136291600634,,,877.9479,,,,,,,,,,,,,763.5,,,,,,,,128916.17,1535,83.98447557003257,,,2244200.13,,,,,,,,,,,,,7771546,,,,,,,,,,,,,,,,
2019-08-12,,182.91,,23.13,,,,,,889.5554,,,,,180.57,,33.23,,,,,,762.24,,,,,220.33,,42.49,,,,,,2240167.87,,,,,194.33,,31.88,,,,,,7781001,,,,,,,,,,,,,,,,
2019-08-13,,,,,,,,,,882.8549,,,,,,,,,,,,,760.69,,,,,,,,,,,,,2229890.88,,,,,,,,,,,,,7805284,,,,,,,,,,,,,,,,
2019-08-14,,,,,,,,,,884.583,,,,,,,,,,,,,759.71,,,,,,,,,,,,,2220272.39,,,,,,,,,,,,,7786732,,,,,,,,,,,,,,,,
2019-08-15,,,,,,,,,,870.0171,,,,,,,,,,,,,767.69,,,,,,,,,,,,,2208784.89,,,,,,,,,,,,,7784507,,,,,,,,,,,,,,,,
2019-08-16,,,,,,,,,,868.6448,,,,,,,,,,,,,780.98,,,,,,,,,,,,,2197647.4,,,,,,,,,,,,,7809934,,,,,,,,,,,,,,,,
2019-08-17,,,,,,,,,,868.5142,,,,,,,,,,,,,787.9,,,,,,,,,,,,,2190639.94,,,,,,,,,,,,,7786964,,,,,,,,,,,,,,,,
2019-08-18,,,,,238106.21,2660,89.51361278195489,,,867.4178,,,,,,,,,,,,,785.42,,,,,,,,127449.71,1558,81.80340821566111,,,2182853.1,,,,,,,,,,,,,7771785,,,,,,,,,,,,,,,,
2019-08-19,,182.73,,25.32,,,,,,870.1509,,,,,181.08,,38.14,,,,,,788.08,,,,,219.34,,39.9,,,,,,2134162.23,,,,,194.83,,27.2,,,,,,7794781,,,,,,,,,,,,,,,,
2019-08-20,,,,,,,,,,868.7287,,,,,,,,,,,,,783.57,,,,,,,,,,,,,2140601.95,,,,,,,,,,,,,7790790,,,,,,,,,,,,,,,,
2019-08-21,,,,,,,,,,869.4245,,,,,,,,,,,,,782.82,,,,,,,,,,,,,2131961.83,,,,,,,,,,,,,7782306,,,,,,,,,,,,,,,,
2019-08-22,,,,,,,,,,872.0298,,,,,,,,,,,,,784.7,,,,,,,,,,,,,2129804.11,,,,,,,,,,,,,7763142,,,,,,,,,,,,,,,,
2019-08-23,,,,,,,,,,889.8724,,,,,,,,,,,,,782.94,,,,,,,,,,,,,2190631.41,,,,,,,,,,,,,7819631,,,,,,,,,,,,,,,,
2019-08-24,,,,,,,,,,888.9823,,,,,,,,,,,,,778.86,,,,,,,,,,,,,2181619.86,,,,,,,,,,,,,7795248,,,,,,,,,,,,,,,,
2019-08-25,,,,,239775.21,2659,90.17495675065814,,,887.4121,,,,,,,,,,,,,776.04,,,,,,,,126120.27,1491,84.58770623742454,,,2173604.34,,,,,,,,,,,,,7775627,,,,,,,,,,,,,,,,
2019-08-26,,185.78,,26.49,,,,,,885.0919,,,,,180.49,,40.38,,,,,,774.82,,,,,219.54,,47.37,,,,,,2269088.61,,,,,193.42,,28.03,,,,,,7734223,,,,,,,,,,,,,,,,
2019-08-27,,,,,,,,,,874.59,,,,,,,,,,,,,777.72,,,,,,,,,,,,,2268715.41,,,,,,,,,,,,,7736304,,,,,,,,,,,,,,,,
2019-08-28,,,,,,,,,,874.5857,,,,,,,,,,,,,781.31,,,,,,,,,,,,,2257401.49,,,,,,,,,,,,,7717572,,,,,,,,,,,,,,,,
2019-08-29,,,,,,,,,,872.6505,,,,,,,,,,,,,784.44,,,,,,,,,,,,,2291272.22,,,,,,,,,,,,,7765380,,,,,,,,,,,,,,,,
2019-08-30,,,,,,,,,,873.6328,,,,,,,,,,,,,778.22,,,,,,,,,,,,,2288681.19,,,,,,,,,,,,,7767270,,,,,,,,,,,,,,,,
2019-08-31,827.3,,153.04,,,,,203,1.59,862.5242,541181.72,108.6996,37.3953,579,,142.88,,,,,237.5,1.65,768.15,641918.84,221.5943,90.0216,896.2,,131.58,,,,,205.5,1.61,2280797.52,214138.69,0,0,839,,118.08,,74.48,8625,0.008635362318841,170.7,1.62,7728959,54.9959,108.1131,75.4187,,,,,3.25,,126.2,121,125.4,2.8,0.7,1.7,0.3
2019-09-01,,,,,271769.33,3058,88.8715925441465,,,858.0096,,,,,,,,,,,,,766.6,,,,,,,,129393.9,1544,83.80433937823834,,,2270077.96,,,,,,,,,,,,,7719092,,,,,,,,,,,,,,,,
2019-09-02,,183.05,,26.32,,,,,,868.6464,,,,,183.64,,38.44,,,,,,765.19,,,,,224.97,,51.91,,,,,,2255900.86,,,,,196.75,,24.93,,,,,,7699238,,,,,,,,,,,,,,,,
2019-09-03,,,,,,,,,,869.7193,,,,,,,,,,,,,769.18,,,,,,,,,,,,,2259850.52,,,,,,,,,,,,,7703696,,,,,,,,,,,,,,,,
2019-09-04,,,,,,,,,,866.3417,,,,,,,,,,,,,778.73,,,,,,,,,,,,,2187224.29,,,,,,,,,,,,,7692527,,,,,,,,,,,,,,,,
2019-09-05,,,,,,,,,,865.3406,,,,,,,,,,,,,787.09,,,,,,,,,,,,,2175235.77,,,,,,,,,,,,,7692236,,,,,,,,,,,,,,,,
2019-09-06,,,,,,,,,,872.5068,,,,,,,,,,,,,787.98,,,,,,,,,,,,,1995402.34,,,,,,,,,,,,,7728887,,,,,,,,,,,,,,,,
2019-09-07,,,,,,,,,,871.7843,,,,,,,,,,,,,784.74,,,,,,,,,,,,,1988714.61,,,,,,,,,,,,,7701391,,,,,,,,,,,,,,,,
2019-09-08,,,,,224239.29,2502,89.62401678657075,,,868.2889,,,,,,,,,,,,,782.1,,,,,,,,123563.96,1473,83.88591989137814,,,1980201.46,,,,,,,,,,,,,7685847,,,,,,,,,,,,,,,,
2019-09-09,,182.82,,28.43,,,,,,872.4257,,,,,181.9,,33.57,,,,,,780.29,,,,,222.64,,50,,,,,,2008688.87,,,,,192.1,,21.89,,,,,,7688472,,,,,,,,,,,,,,,,
2019-09-10,,,,,,,,,,878.1766,,,,,,,,,,,,,778.33,,,,,,,,,,,,,1983336.92,,,,,,,,,,,,,7734970,,,,,,,,,,,,,,,,
2019-09-11,,,,,,,,,,,,,,,,,,,,,,,780.67,,,,,,,,,,,,,2035764.48,,,,,,,,,,,,,7750682,,,,,,,,,,,,,,,,
2019-09-12,,,,,,,,,,,,,,,,,,,,,,,778.13,,,,,,,,,,,,,2051462.23,,,,,,,,,,,,,7907670,,,,,,,,,,,,,,,,
2019-09-13,,,,,,,,,,,,,,,,,,,,,,,776.68,,,,,,,,,,,,,2044098.85,,,,,,,,,,,,,7887743,,,,,,,,,,,,,,,,
2019-09-14,,,,,,,,,,,,,,,,,,,,,,,775.22,,,,,,,,,,,,,2035147.04,,,,,,,,,,,,,7871483,,,,,,,,,,,,,,,,
2019-09-15,,,,,206018.93,2297,89.69043535045712,,,,,,,,,,,,,,,,773.83,,,,,,,,112180.67,1344,83.46776041666666,,,2029535.27,,,,,,,,,,,,,7857408,,,,,,,,,,,,,,,,
2019-09-16,,182.27,,23.7,,,,,,902.51,,,,,182.44,,37.49,,,,,,772.31,,,,,223.7,,44.94,,,,,,2021592.07,,,,,191.08,,23.84,,,,,,7843228,,,,,,,,,,,,,,,,
2019-09-17,,,,,,,,,,,,,,,,,,,,,,,774.15,,,,,,,,,,,,,2008198.9,,,,,,,,,,,,,7812022,,,,,,,,,,,,,,,,
2019-09-18,,,,,,,,,,900.1805,,,,,,,,,,,,,774.82,,,,,,,,,,,,,1997574.39,,,,,,,,,,,,,7789572,,,,,,,,,,,,,,,,
2019-09-19,,,,,,,,,,898.0008,,,,,,,,,,,,,772.71,,,,,,,,,,,,,2172003.98,,,,,,,,,,,,,7833015,,,,,,,,,,,,,,,,
2019-09-20,,,,,,,,,,920.6485,,,,,,,,,,,,,770.96,,,,,,,,,,,,,2157110.71,,,,,,,,,,,,,7852686,,,,,,,,,,,,,,,,
2019-09-21,,,,,,,,,,920.5719,,,,,,,,,,,,,774.25,,,,,,,,,,,,,2147905.52,,,,,,,,,,,,,7824559,,,,,,,,,,,,,,,,
2019-09-22,,,,,259618.2,2858,90.83911826452065,,,,,,,,,,,,,,,,770.43,,,,,,,,150065.32,1808,83.00073008849557,,,2136178.68,,,,,,,,,,,,,7804041,,,,,,,,,,,,,,,,
2019-09-23,,181.31,,24.6,,,,,,928.916,,,,,182.19,,37.93,,,,,,767.38,,,,,223.73,,45.42,,,,,,2124078.26,,,,,191.54,,27.02,,,,,,7789586,,,,,,,,,,,,,,,,
2019-09-24,,,,,,,,,,935.9041,,,,,,,,,,,,,767.73,,,,,,,,,,,,,2109523.57,,,,,,,,,,,,,7869879,,,,,,,,,,,,,,,,
2019-09-25,,,,,,,,,,938.8256,,,,,,,,,,,,,766.38,,,,,,,,,,,,,2095005.59,,,,,,,,,,,,,7888645,,,,,,,,,,,,,,,,
2019-09-26,,,,,,,,,,937.5963,,,,,,,,,,,,,768.1,,,,,,,,,,,,,2202223.37,,,,,,,,,,,,,7912742,,,,,,,,,,,,,,,,
2019-09-27,,,,,,,,,,944.9469,,,,,,,,,,,,,765.35,,,,,,,,,,,,,2249423,,,,,,,,,,,,,7954600,,,,,,,,,,,,,,,,
2019-09-28,,,,,,,,,,942.0347,,,,,,,,,,,,,760.55,,,,,,,,,,,,,2238592.33,,,,,,,,,,,,,7918639,,,,,,,,,,,,,,,,
2019-09-29,,,,,350795.45,3983,88.07317348732111,,,956.8804,,,,,,,,,,,,,757.96,,,,,,,,177237.67,2192,80.85660127737226,,,2288715.77,,,,,,,,,,,,,7967144,,,,,,,,,,,,,,,,
2019-09-30,824.2,181.87,124.28,28.05,,,,200,1.57,964.5538,839746.69,0,46.831,575,181.59,126.19,34.86,,,,240,1.68,,793125.65,137.4125,269.2498,906.2,222.55,154.68,52.79,,,,207,1.6,,605149.23,0,0,839.7,190.59,102.53,26.81,76.49,8791,0.008700944147424,171,1.62,8024569,79.6508,174.9525,63.4304,8.2,,8.3,8.8,3.25,5.55,130.4,121.5,128,3,0.9,1.4,0
2019-10-01,,,,,,,,,,960.4394,,,,,,,,,,,,,,,,,,,,,,,,,,,,,,,,,,,,,,,8011490,,,,,,,,,,,,,,,,
2019-10-02,,,,,,,,,,960.3845,,,,,,,,,,,,,,,,,,,,,,,,,,,,,,,,,,,,,,,8003455,,,,,,,,,,,,,,,,
2019-10-03,,,,,,,,,,960.3511,,,,,,,,,,,,,,,,,,,,,,,,,,,,,,,,,,,,,,,7996437,,,,,,,,,,,,,,,,
2019-10-04,,,,,,,,,,960.3255,,,,,,,,,,,,,747.22,,,,,,,,,,,,,,,,,,,,,,,,,,7989836,,,,,,,,,,,,,,,,
2019-10-05,,,,,,,,,,960.280951,,,,,,,,,,,,,754.1,,,,,,,,,,,,,,,,,,,,,,,,,,7983871,,,,,,,,,,,,,,,,
2019-10-06,,,,,58253.88,679,85.79363770250369,,,960.1995,,,,,,,,,,,,,753.98,,,,,,,,25154.47,307,81.93638436482085,,,,,,,,,,,,,,,,7974424,,,,,,,,,,,,,,,,
2019-10-07,,180.87,,25.93,,,,,,958.4453,,,,,181.54,,33.13,,,,,,753.88,,,,,222.74,,61.94,,,,,,2331593.33,,,,,190.52,,28.95,,,,,,7965818,,,,,,,,,,,,,,,,
2019-10-08,,,,,,,,,,971.1489,,,,,,,,,,,,,752.73,,,,,,,,,,,,,2328452.69,,,,,,,,,,,,,7941657,,,,,,,,,,,,,,,,
2019-10-09,,,,,,,,,,968.8297,,,,,,,,,,,,,750.2,,,,,,,,,,,,,2304548.13,,,,,,,,,,,,,7939246,,,,,,,,,,,,,,,,
2019-10-10,,,,,,,,,,968.0814,,,,,,,,,,,,,748.46,,,,,,,,,,,,,2334798.22,,,,,,,,,,,,,7905747,,,,,,,,,,,,,,,,
2019-10-11,,,,,,,,,,959.3033,,,,,,,,,,,,,750.14,,,,,,,,,,,,,2441950.85,,,,,,,,,,,,,7891990,,,,,,,,,,,,,,,,
2019-10-12,,,,,,,,,,961.1003,,,,,,,,,,,,,748.02,,,,,,,,,,,,,2430912.39,,,,,,,,,,,,,7805705,,,,,,,,,,,,,,,,
2019-10-13,,,,,174903.01,1935,90.38915245478036,,,957.0932,,,,,,,,,,,,,748.02,,,,,,,,118350.86,1450,81.6212827586207,,,2418087.1,,,,,,,,,,,,,7774114,,,,,,,,,,,,,,,,
2019-10-14,,180.23,,27.01,,,,,,950.3006,,,,,181.45,,37.27,,,,,,773.75,,,,,223.51,,60.33,,,,,,2394693.34,,,,,189.47,,25.98,,,,,,7742620,,,,,,,,,,,,,,,,
2019-10-15,,,,,,,,,,939.9886,,,,,,,,,,,,,775.21,,,,,,,,,,,,,2383979.04,,,,,,,,,,,,,7725132,,,,,,,,,,,,,,,,
2019-10-16,,,,,,,,,,,,,,,,,,,,,,,774.29,,,,,,,,,,,,,2364915.32,,,,,,,,,,,,,7720703,,,,,,,,,,,,,,,,
2019-10-17,,,,,,,,,,945.4499,,,,,,,,,,,,,776.83,,,,,,,,,,,,,2360921.03,,,,,,,,,,,,,7733871,,,,,,,,,,,,,,,,
2019-10-18,,,,,,,,,,942.1264,,,,,,,,,,,,,763.54,,,,,,,,,,,,,2309110.54,,,,,,,,,,,,,7674927,,,,,,,,,,,,,,,,
2019-10-19,,,,,,,,,,939.259,,,,,,,,,,,,,775.76,,,,,,,,,,,,,2301027.73,,,,,,,,,,,,,7643313,,,,,,,,,,,,,,,,
2019-10-20,,,,,173751.99,1885,92.17612201591511,,,937.3455,,,,,,,,,,,,,774.14,,,,,,,,180578.35,2252,80.18576820603907,,,2288764.8,,,,,,,,,,,,,7624076,,,,,,,,,,,,,,,,
2019-10-21,,180.18,,29.38,,,,,,933.7214,,,,,181.76,,34.85,,,,,,784.83,,,,,224,,59.3,,,,,,2318062.05,,,,,189.54,,30.98,,,,,,7610071,,,,,,,,,,,,,,,,
2019-10-22,,,,,,,,,,947.2272,,,,,,,,,,,,,790.06,,,,,,,,,,,,,2311837.81,,,,,,,,,,,,,7596775,,,,,,,,,,,,,,,,
2019-10-23,,,,,,,,,,950.948,,,,,,,,,,,,,788.06,,,,,,,,,,,,,2303391.96,,,,,,,,,,,,,7617030,,,,,,,,,,,,,,,,
2019-10-24,,,,,,,,,,951.2242,,,,,,,,,,,,,793.46,,,,,,,,,,,,,2294021.29,,,,,,,,,,,,,7624295,,,,,,,,,,,,,,,,
2019-10-25,,,,,,,,,,952.8419,,,,,,,,,,,,,790.39,,,,,,,,,,,,,2284980.86,,,,,,,,,,,,,7621959,,,,,,,,,,,,,,,,
2019-10-26,,,,,,,,,,945.2466,,,,,,,,,,,,,789.51,,,,,,,,,,,,,2260953.15,,,,,,,,,,,,,7585561,,,,,,,,,,,,,,,,
2019-10-27,,,,,232456.85,2618,88.79176852559206,,,943.2616,,,,,,,,,,,,,786.3,,,,,,,,165243.76,2074,79.67394406943104,,,2249958.24,,,,,,,,,,,,,7561457,,,,,,,,,,,,,,,,
2019-10-28,,179.63,,32.74,,,,,,975.4971,,,,,181.93,,36.15,,,,,,783.39,,,,,223.66,,57.19,,,,,,2265306.58,,,,,189.96,,26.39,,,,,,7532809,,,,,,,,,,,,,,,,
2019-10-29,,,,,,,,,,971.5104,,,,,,,,,,,,,784.61,,,,,,,,,,,,,2281552.28,,,,,,,,,,,,,7539699,,,,,,,,,,,,,,,,
2019-10-30,,,,,,,,,,968.7977,,,,,,,,,,,,,784.72,,,,,,,,,,,,,2264730.57,,,,,,,,,,,,,7507327,,,,,,,,,,,,,,,,
2019-10-31,820.9,,128.86,,,,,196,1.55,950.0365,497481.13,48.2412,37.6309,568,,120.5,,,,,242,1.72,790,532670.29,139.0923,132.3233,918.8,,133.92,,,,,205,1.57,2259681,265242.94,103.7201,0,837.7,,88,,61.33,7073,0.008671002403506,171,1.63,7496854,64.1074,325.325,128.3265,,,,,3.25,,130.1,122.6,128.5,3.8,0.9,1.2,-0.1
2019-11-01,,,,,,,,,,,,,,,,,,,,,,,788,,,,,,,,,,,,,2266563.14,,,,,,,,,,,,,7520889,,,,,,,,,,,,,,,,
2019-11-02,,,,,,,,,,,,,,,,,,,,,,,788.94,,,,,,,,,,,,,2254994.05,,,,,,,,,,,,,7499706,,,,,,,,,,,,,,,,
2019-11-03,,,,,177002.27,1980,89.39508585858586,,,958.1744,,,,,,,,,,,,,789.46,,,,,,,,146273.25,1777,82.31471581316826,,,2236653.67,,,,,,,,,,,,,7487266,,,,,,,,,,,,,,,,
2019-11-04,,179.38,,24.16,,,,,,962.6927,,,,,182.15,,33.57,,,,,,788.44,,,,,224.74,,55.61,,,,,,2169763.26,,,,,189.39,,26.1,,,,,,7475662,,,,,,,,,,,,,,,,
2019-11-05,,,,,,,,,,977.014,,,,,,,,,,,,,786.72,,,,,,,,,,,,,2180815.9,,,,,,,,,,,,,7470431,,,,,,,,,,,,,,,,
2019-11-06,,,,,,,,,,981.9438,,,,,,,,,,,,,785.56,,,,,,,,,,,,,2169405.33,,,,,,,,,,,,,7462439,,,,,,,,,,,,,,,,
2019-11-07,,,,,,,,,,981.1355,,,,,,,,,,,,,779.59,,,,,,,,,,,,,2152231.52,,,,,,,,,,,,,7444178,,,,,,,,,,,,,,,,
2019-11-08,,,,,,,,,,983.9659,,,,,,,,,,,,,778.19,,,,,,,,,,,,,2150821.92,,,,,,,,,,,,,7444553,,,,,,,,,,,,,,,,
2019-11-09,,,,,,,,,,983.9482,,,,,,,,,,,,,775.64,,,,,,,,,,,,,2141581.97,,,,,,,,,,,,,7421512,,,,,,,,,,,,,,,,
2019-11-10,,,,,241674.8,2755,87.7222504537205,,,981.8803,,,,,,,,,,,,,774.31,,,,,,,,147497.7,1784,82.67808295964126,,,2131313.08,,,,,,,,,,,,,7406215,,,,,,,,,,,,,,,,
2019-11-11,,178.05,,23.08,,,,,,996.1782,,,,,181.56,,33.87,,,,,,773.4,,,,,225.79,,55.54,,,,,,2239087.75,,,,,188.83,,25.06,,,,,,7354188,,,,,,,,,,,,,,,,
2019-11-12,,,,,,,,,,994.0759,,,,,,,,,,,,,773.51,,,,,,,,,,,,,2257282.74,,,,,,,,,,,,,7376105,,,,,,,,,,,,,,,,
2019-11-13,,,,,,,,,,995.8334,,,,,,,,,,,,,773.3,,,,,,,,,,,,,2248445.63,,,,,,,,,,,,,7324218,,,,,,,,,,,,,,,,
2019-11-14,,,,,,,,,,1006.1159,,,,,,,,,,,,,775.02,,,,,,,,,,,,,2234435.33,,,,,,,,,,,,,7324218,,,,,,,,,,,,,,,,
2019-11-15,,,,,,,,,,1011.6203,,,,,,,,,,,,,773.02,,,,,,,,,,,,,2325563.69,,,,,,,,,,,,,7341641,,,,,,,,,,,,,,,,
2019-11-16,,,,,,,,,,1011.5276,,,,,,,,,,,,,770.78,,,,,,,,,,,,,2316578.82,,,,,,,,,,,,,7320168,,,,,,,,,,,,,,,,
2019-11-17,,,,,245360.15,2775,88.41807207207208,,,1009.082,,,,,,,,,,,,,768.9,,,,,,,,154585.3,1885,82.00811671087533,,,2306645.46,,,,,,,,,,,,,7306946,,,,,,,,,,,,,,,,
2019-11-18,,178.42,,20.63,,,,,,1011.3892,,,,,181.16,,33.25,,,,,,767.96,,,,,226.06,,66.69,,,,,,2300097.21,,,,,187.14,,27.87,,,,,,7296564,,,,,,,,,,,,,,,,
2019-11-19,,,,,,,,,,1010.5655,,,,,,,,,,,,,773.2,,,,,,,,,,,,,2289850.63,,,,,,,,,,,,,7260828,,,,,,,,,,,,,,,,
2019-11-20,,,,,,,,,,1011.6286,,,,,,,,,,,,,777.53,,,,,,,,,,,,,2269425.93,,,,,,,,,,,,,7274909,,,,,,,,,,,,,,,,
2019-11-21,,,,,,,,,,1020.2674,,,,,,,,,,,,,781.03,,,,,,,,,,,,,2267646.49,,,,,,,,,,,,,7252104,,,,,,,,,,,,,,,,
2019-11-22,,,,,,,,,,,,,,,,,,,,,,,779.61,,,,,,,,,,,,,2515887.19,,,,,,,,,,,,,7287368,,,,,,,,,,,,,,,,
2019-11-23,,,,,,,,,,1029.7478,,,,,,,,,,,,,779.36,,,,,,,,,,,,,2486610.79,,,,,,,,,,,,,7262272,,,,,,,,,,,,,,,,
2019-11-24,,,,,209121.61,2356,88.76129456706282,,,1026.9338,,,,,,,,,,,,,777.29,,,,,,,,171088.13,2094,81.70397803247373,,,2477081.54,,,,,,,,,,,,,7244263,,,,,,,,,,,,,,,,
2019-11-25,,177.57,,28.95,,,,,,1037.3846,,,,,181.06,,33.15,,,,,,775.55,,,,,227.52,,62.83,,,,,,2457501.15,,,,,186.94,,27.27,,,,,,7241455,,,,,,,,,,,,,,,,
2019-11-26,,,,,,,,,,1034.1492,,,,,,,,,,,,,776.36,,,,,,,,,,,,,2455505.23,,,,,,,,,,,,,7239833,,,,,,,,,,,,,,,,
2019-11-27,,,,,,,,,,1036.2711,,,,,,,,,,,,,774.81,,,,,,,,,,,,,2465753.11,,,,,,,,,,,,,7335323,,,,,,,,,,,,,,,,
2019-11-28,,,,,,,,,,1035.9895,,,,,,,,,,,,,770.67,,,,,,,,,,,,,2473195.65,,,,,,,,,,,,,7356163,,,,,,,,,,,,,,,,
2019-11-29,,,,,,,,,,1033.0625,,,,,,,,,,,,,766.02,,,,,,,,,,,,,2691192.17,,,,,,,,,,,,,7371202,,,,,,,,,,,,,,,,
2019-11-30,808.3,,137.56,,,,,192,1.55,1039.6318,1079297.1,106.4567,48.2412,566,,132.97,,,,,241,1.72,761.52,285649.68,236.4639,143.4404,935,,153.48,,,,,206,1.54,2677744.82,684396.63,6.72,55.4826,829.9,,91.32,,71.29,8306,0.008582952082832,171,1.64,7320813,42.5723,349.1743,152.2315,,,,,3.25,,131.2,122.6,128.9,4.5,0.4,0.9,-0.3
2019-12-01,,,,,293449.12,3337,87.93800419538508,,,1035.9671,,,,,,,,,,,,,759.02,,,,,,,,157735.2,1862,84.71278195488722,,,2664145.49,,,,,,,,,,,,,7305278,,,,,,,,,,,,,,,,
2019-12-02,,180.63,,31.82,,,,,,1058.0978,,,,,181.56,,30.7,,,,,,763.8,,,,,225.47,,60.27,,,,,,2686212.15,,,,,191.67,,30.18,,,,,,7291118,,,,,,,,,,,,,,,,
2019-12-03,,,,,,,,,,1056.4178,,,,,,,,,,,,,766.19,,,,,,,,,,,,,2682115.6,,,,,,,,,,,,,7346258,,,,,,,,,,,,,,,,
2019-12-04,,,,,,,,,,1054.7723,,,,,,,,,,,,,765.01,,,,,,,,,,,,,2667884.21,,,,,,,,,,,,,7384776,,,,,,,,,,,,,,,,
2019-12-05,,,,,,,,,,1088.1177,,,,,,,,,,,,,761.68,,,,,,,,,,,,,2682459.13,,,,,,,,,,,,,7349108,,,,,,,,,,,,,,,,
2019-12-06,,,,,,,,,,1087.76,,,,,,,,,,,,,757.21,,,,,,,,,,,,,2785186.1,,,,,,,,,,,,,7425523,,,,,,,,,,,,,,,,
2019-12-07,,,,,,,,,,1087.6154,,,,,,,,,,,,,755.08,,,,,,,,,,,,,2895165.92,,,,,,,,,,,,,7399938,,,,,,,,,,,,,,,,
2019-12-08,,,,,245101.05,2804,87.41121611982882,,,1086.0376,,,,,,,,,,,,,753.33,,,,,,,,157566.74,1866,84.44091103965702,,,2880586.44,,,,,,,,,,,,,7384726,,,,,,,,,,,,,,,,
2019-12-09,,180.4,,33.68,,,,,,,,,,,181.42,,34.24,,,,,,781.21,,,,,226.07,,61.37,,,,,,2869417.66,,,,,191.49,,27.37,,,,,,7372203,,,,,,,,,,,,,,,,
2019-12-10,,,,,,,,,,1083.3771,,,,,,,,,,,,,782.21,,,,,,,,,,,,,2933258.03,,,,,,,,,,,,,7321559,,,,,,,,,,,,,,,,
2019-12-11,,,,,,,,,,1082.9672,,,,,,,,,,,,,786.75,,,,,,,,,,,,,2918755.55,,,,,,,,,,,,,7292608,,,,,,,,,,,,,,,,
2019-12-12,,,,,,,,,,1085.7867,,,,,,,,,,,,,796.73,,,,,,,,,,,,,2905343.71,,,,,,,,,,,,,7402854,,,,,,,,,,,,,,,,
2019-12-13,,,,,,,,,,1089.1021,,,,,,,,,,,,,801.49,,,,,,,,,,,,,2956877.46,,,,,,,,,,,,,7504992,,,,,,,,,,,,,,,,
2019-12-14,,,,,,,,,,1088.0913,,,,,,,,,,,,,799.36,,,,,,,,,,,,,2943298.96,,,,,,,,,,,,,7458323,,,,,,,,,,,,,,,,
2019-12-15,,,,,270798.18,3055,88.64097545008184,,,1084.6161,,,,,,,,,,,,,797.09,,,,,,,,185392.66,2226,83.28511230907458,,,2927447.49,,,,,,,,,,,,,7434694,,,,,,,,,,,,,,,,
2019-12-16,,180.25,,31.93,,,,,,1123.6268,,,,,181.43,,33.58,,,,,,795.88,,,,,226.47,,59.6,,,,,,2914064.93,,,,,190.96,,27.33,,,,,,7469975,,,,,,,,,,,,,,,,
2019-12-17,,,,,,,,,,1108.1751,,,,,,,,,,,,,796.62,,,,,,,,,,,,,2897620.4,,,,,,,,,,,,,7468589,,,,,,,,,,,,,,,,
2019-12-18,,,,,,,,,,1104.8891,,,,,,,,,,,,,800.6,,,,,,,,,,,,,2880723.06,,,,,,,,,,,,,7461116,,,,,,,,,,,,,,,,
2019-12-19,,,,,,,,,,1108.2085,,,,,,,,,,,,,801.37,,,,,,,,,,,,,2897812.22,,,,,,,,,,,,,7520831,,,,,,,,,,,,,,,,
2019-12-20,,,,,,,,,,,,,,,,,,,,,,,804.47,,,,,,,,,,,,,3032504.94,,,,,,,,,,,,,7737922,,,,,,,,,,,,,,,,
2019-12-21,,,,,,,,,,1124.878,,,,,,,,,,,,,809.13,,,,,,,,,,,,,3016054.05,,,,,,,,,,,,,7702659,,,,,,,,,,,,,,,,
2019-12-22,,,,,283643.15,3186,89.02798179535468,,,1122.2548,,,,,,,,,,,,,806.97,,,,,,,,192430.94,2335,82.41153747323341,,,2991579,,,,,,,,,,,,,7680717,,,,,,,,,,,,,,,,
2019-12-23,,179.95,,30.48,,,,,,1120.5337,,,,,181.21,,36.97,,,,,,805.48,,,,,226.49,,60.6,,,,,,2927458.09,,,,,191.28,,29.97,,,,,,7650233,,,,,,,,,,,,,,,,
2019-12-24,,,,,,,,,,1117.5883,,,,,,,,,,,,,810.83,,,,,,,,,,,,,3053061.68,,,,,,,,,,,,,7678381,,,,,,,,,,,,,,,,
2019-12-25,,,,,,,,,,1120.5514,,,,,,,,,,,,,811.25,,,,,,,,,,,,,3034853.43,,,,,,,,,,,,,7721515,,,,,,,,,,,,,,,,
2019-12-26,,,,,,,,,,1116.4987,,,,,,,,,,,,,808.89,,,,,,,,,,,,,3014709.19,,,,,,,,,,,,,7704716,,,,,,,,,,,,,,,,
2019-12-27,,,,,,,,,,,,,,,,,,,,,,,805.65,,,,,,,,,,,,,2963891.29,,,,,,,,,,,,,7755197,,,,,,,,,,,,,,,,
2019-12-28,,,,,,,,,,,,,,,,,,,,,,,801.41,,,,,,,,,,,,,2936835.13,,,,,,,,,,,,,7708109,,,,,,,,,,,,,,,,
2019-12-29,,,,,295466.34,3334,88.6221775644871,,,,,,,,,,,,,,,,797.98,,,,,,,,211553.33,2546,83.09243126472899,,,2882886.99,,,,,,,,,,,,,7679794,,,,,,,,,,,,,,,,
2019-12-30,,179.75,,27.14,,,,,,,,,,,181.74,,37.25,,,,,,792.69,,,,,227.08,,61.9,,,,,,2860053.63,,,,,190.39,,33.21,,,,,,7624915,,,,,,,,,,,,,,,,
2019-12-31,801.8,,97.61,,,,,191,1.55,1126.6661,1294964.68,150.9977,71.8209,560,,97,,,,,239.6,1.73,792.7,640474.95,131.4011,180.2132,950,,106.58,,,,,207.2,1.53,3030459.19,679362.59,0,6.72,831.4,,61.55,,73.5,8487,0.008660303994344,170.4,1.63,7615822,119.5386,31.4957,349.1743,8.2,8.7,8.5,8.6,3.25,5.62,132.9,124.1,130.6,4.5,0,0.8,-0.1
2020-01-01,,,,,,,,,,1097.7841,,,,,,,,,,,,,793.17,,,,,,,,,,,,,3014423.97,,,,,,,,,,,,,7607244,,,,,,,,,,,,,,,,
2020-01-02,,,,,,,,,,1101.3567,,,,,,,,,,,,,786.87,,,,,,,,,,,,,3033110,,,,,,,,,,,,,7580646,,,,,,,,,,,,,,,,
2020-01-03,,,,,,,,,,,,,,,,,,,,,,,761.37,,,,,,,,,,,,,3018652.39,,,,,,,,,,,,,,,,,,,,,,,,,,,,,
2020-01-04,,,,,,,,,,,,,,,,,,,,,,,768.66,,,,,,,,,,,,,3001671.67,,,,,,,,,,,,,,,,,,,,,,,,,,,,,
2020-01-05,,,,,232600.76,2664,87.3125975975976,,,1115.8813,,,,,,,,,,,,,781.19,,,,,,,,153970.16,1829,84.18270092946966,,,2985448.43,,,,,,,,,,,,,7484039,,,,,,,,,,,,,,,,
2020-01-06,,179.67,,45.16,,,,,,1119.067,,,,,181.77,,39.99,,,,,,776.75,,,,,227.52,,69.78,,,,,,2969885.66,,,,,190.51,,37.86,,,,,,7492265,,,,,,,,,,,,,,,,
2020-01-07,,,,,,,,,,1116.5592,,,,,,,,,,,,,775.49,,,,,,,,,,,,,2950586.97,,,,,,,,,,,,,7489543,,,,,,,,,,,,,,,,
2020-01-08,,,,,,,,,,1101.263,,,,,,,,,,,,,778.64,,,,,,,,,,,,,2947433.56,,,,,,,,,,,,,7497665,,,,,,,,,,,,,,,,
2020-01-09,,,,,,,,,,1089.0647,,,,,,,,,,,,,776.38,,,,,,,,,,,,,2930488.81,,,,,,,,,,,,,7490524,,,,,,,,,,,,,,,,
2020-01-10,,,,,,,,,,1108.0814,,,,,,,,,,,,,774.66,,,,,,,,,,,,,2881879.72,,,,,,,,,,,,,7525389,,,,,,,,,,,,,,,,
2020-01-11,,,,,,,,,,1093.421,,,,,,,,,,,,,771.03,,,,,,,,,,,,,2859919.5,,,,,,,,,,,,,7504613,,,,,,,,,,,,,,,,
2020-01-12,,,,,261435.98,2894,90.33724257083621,,,1089.3231,,,,,,,,,,,,,767.8,,,,,,,,226314.92,2611,86.67748755266182,,,2826988.52,,,,,,,,,,,,,7492046,,,,,,,,,,,,,,,,
2020-01-13,,179.73,,38.64,,,,,,1089.1166,,,,,181.57,,38.27,,,,,,765.89,,,,,227.85,,62.97,,,,,,2806354.79,,,,,190.36,,37.45,,,,,,7479018,,,,,,,,,,,,,,,,
2020-01-14,,,,,,,,,,1101.125,,,,,,,,,,,,,764.28,,,,,,,,,,,,,2802394.86,,,,,,,,,,,,,7433073,,,,,,,,,,,,,,,,
2020-01-15,,,,,,,,,,1099.4373,,,,,,,,,,,,,762.35,,,,,,,,,,,,,2789299.87,,,,,,,,,,,,,7443008,,,,,,,,,,,,,,,,
2020-01-16,,,,,,,,,,1084.7599,,,,,,,,,,,,,761.06,,,,,,,,,,,,,2777652.94,,,,,,,,,,,,,7489166,,,,,,,,,,,,,,,,
2020-01-17,,,,,,,,,,1098.5608,,,,,,,,,,,,,759.68,,,,,,,,,,,,,2757185,,,,,,,,,,,,,7530829,,,,,,,,,,,,,,,,
2020-01-18,,,,,,,,,,1096.5834,,,,,,,,,,,,,756.81,,,,,,,,,,,,,2799001.84,,,,,,,,,,,,,7507568,,,,,,,,,,,,,,,,
2020-01-19,,,,,356613.11,4021,88.6876672469535,,,1113.9519,,,,,,,,,,,,,755.51,,,,,,,,293601.41,3451,85.07719791364822,,,2774823.39,,,,,,,,,,,,,7555689,,,,,,,,,,,,,,,,
2020-01-20,,179.58,,32.39,,,,,,1119.3257,,,,,181.54,,44.01,,,,,,754.72,,,,,227.77,,63.81,,,,,,2752869.17,,,,,190.3,,34,,,,,,7553030,,,,,,,,,,,,,,,,
2020-01-21,,,,,,,,,,1118.2894,,,,,,,,,,,,,754.19,,,,,,,,,,,,,2743862.15,,,,,,,,,,,,,7542454,,,,,,,,,,,,,,,,
2020-01-22,,,,,,,,,,1136.5406,,,,,,,,,,,,,753.45,,,,,,,,,,,,,2747097.3,,,,,,,,,,,,,7555760,,,,,,,,,,,,,,,,
2020-01-23,,,,,,,,,,1127.5098,,,,,,,,,,,,,753.24,,,,,,,,,,,,,2747452.14,,,,,,,,,,,,,7532237,,,,,,,,,,,,,,,,
2020-01-24,,,,,,,,,,,,,,,,,,,,,,,753.28,,,,,,,,,,,,,2747452.14,,,,,,,,,,,,,7532237,,,,,,,,,,,,,,,,
2020-01-25,,,,,,,,,,,,,,,,,,,,,,,753.33,,,,,,,,,,,,,2747452.14,,,,,,,,,,,,,7531990,,,,,,,,,,,,,,,,
2020-01-26,,,,,62736.83,715,87.74381818181818,,,,,,,,,,,,,,,,753.38,,,,,,,,49832.96,594,83.89387205387206,,,2747452.14,,,,,,,,,,,,,7531883,,,,,,,,,,,,,,,,
2020-01-27,,179.21,,55.56,,,,,,,,,,,181.16,,48.51,,,,,,753.44,,,,,227.46,,64.62,,,,,,2747452.14,,,,,189.68,,18.92,,,,,,,,,,,,,,,,,,,,,,
2020-01-28,,,,,,,,,,,,,,,,,,,,,,,753.46,,,,,,,,,,,,,2747452.14,,,,,,,,,,,,,7531700,,,,,,,,,,,,,,,,
2020-01-29,,,,,,,,,,,,,,,,,,,,,,,753.52,,,,,,,,,,,,,2741769.02,,,,,,,,,,,,,7531495,,,,,,,,,,,,,,,,
2020-01-30,,,,,,,,,,,,,,,,,,,,,,,753.65,,,,,,,,,,,,,2659448.32,,,,,,,,,,,,,7530508,,,,,,,,,,,,,,,,
2020-01-31,801.3,,78.57,,,,,189,1.53,1080.7916,322447.05,16.2845,51.6289,559,,78.86,,,,,242,1.74,753.61,348720.69,372.0394,92.5917,972,,82.69,,,,,208,1.5,2659448.32,75956.91,39.296,0,827.2,,45.98,,72.39,8269,0.00875438384327,168,1.62,7529671,54.9762,0,39.5,,,,,3.25,,131.8,124.6,130.70000000000002,5.4,1.4,0.7,-0.2
2020-02-01,,,,,,,,,,1080.7043,,,,,,,,,,,,,754.21,,,,,,,,,,,,,2625093.58,,,,,,,,,,,,,7529671,,,,,,,,,,,,,,,,
2020-02-02,,,,,2614.64,24,108.94333333333333,,,1079.7819,,,,,,,,,,,,,754.21,,,,,,,,,,,,,2625093.58,,,,,,,,,,,,,7529671,,,,,,,,,,,,,,,,
2020-02-03,,179.08,,,,,,,,1081.9132,,,,,180.99,,60,,,,,,753.94,,,,,228.23,,65.29,,,,,,2614051.29,,,,,189.13,,,,,,,,7530297,,,,,,,,,,,,,,,,
2020-02-04,,,,,,,,,,1081.3834,,,,,,,,,,,,,754,,,,,,,,,,,,,2609835.61,,,,,,,,,,,,,7529654,,,,,,,,,,,,,,,,
2020-02-05,,,,,,,,,,1080.1925,,,,,,,,,,,,,753.97,,,,,,,,,,,,,2607054.34,,,,,,,,,,,,,7529477,,,,,,,,,,,,,,,,
2020-02-06,,,,,,,,,,1080.169,,,,,,,,,,,,,754,,,,,,,,,,,,,2606343.02,,,,,,,,,,,,,7528958,,,,,,,,,,,,,,,,
2020-02-07,,,,,,,,,,1080.1511,,,,,,,,,,,,,754.04,,,,,,,,,,,,,2605872.05,,,,,,,,,,,,,7528818,,,,,,,,,,,,,,,,
2020-02-08,,,,,,,,,,1080.1244,,,,,,,,,,,,,754.19,,,,,,,,,,,,,2605872.05,,,,,,,,,,,,,7528272,,,,,,,,,,,,,,,,
2020-02-09,,,,,26592.7,285,93.30771929824562,,,,,,,,,,,,,,,,754.16,,,,,,,,7067.96,83,85.15614457831326,,,2605872.05,,,,,,,,,,,,,7527873,,,,,,,,,,,,,,,,
2020-02-10,,179.34,,,,,,,,1087.8391,,,,,181.38,,18.18,,,,,,754.01,,,,,228.29,,64.17,,,,,,2626255.16,,,,,189.79,,50,,,,,,7525249,,,,,,,,,,,,,,,,
2020-02-11,,,,,,,,,,,,,,,,,,,,,,,753.78,,,,,,,,,,,,,2630835.76,,,,,,,,,,,,,7523929,,,,,,,,,,,,,,,,
2020-02-12,,,,,,,,,,1083.4579,,,,,,,,,,,,,753.54,,,,,,,,,,,,,2643637.12,,,,,,,,,,,,,7521271,,,,,,,,,,,,,,,,
2020-02-13,,,,,,,,,,1083.3063,,,,,,,,,,,,,753.74,,,,,,,,,,,,,2641083.69,,,,,,,,,,,,,7518898,,,,,,,,,,,,,,,,
2020-02-14,,,,,,,,,,1081.1014,,,,,,,,,,,,,753.55,,,,,,,,,,,,,2638762.96,,,,,,,,,,,,,7517348,,,,,,,,,,,,,,,,
2020-02-15,,,,,,,,,,1080.5658,,,,,,,,,,,,,757.26,,,,,,,,,,,,,2636336.91,,,,,,,,,,,,,7513550,,,,,,,,,,,,,,,,
2020-02-16,,,,,78381.61,889,88.16829021372328,,,1080.0793,,,,,,,,,,,,,757.07,,,,,,,,18664.83,209,89.3054066985646,,,2644409.06,,,,,,,,,,,,,7511673,,,,,,,,,,,,,,,,
2020-02-17,,179.35,,80,,,,,,1079.2768,,,,,181.81,,30,,,,,,756.71,,,,,228.6,,64.47,,,,,,2658975.48,,,,,190.61,,65,,,,,,7510682,,,,,,,,,,,,,,,,
2020-02-18,,,,,,,,,,1078.4292,,,,,,,,,,,,,756.37,,,,,,,,,,,,,2649793.41,,,,,,,,,,,,,7513075,,,,,,,,,,,,,,,,
2020-02-19,,,,,,,,,,1082.334,,,,,,,,,,,,,756.15,,,,,,,,,,,,,2641357.69,,,,,,,,,,,,,7509291,,,,,,,,,,,,,,,,
2020-02-20,,,,,,,,,,1082.2643,,,,,,,,,,,,,755.73,,,,,,,,,,,,,2637261.72,,,,,,,,,,,,,7538835,,,,,,,,,,,,,,,,
2020-02-21,,,,,,,,,,1079.9813,,,,,,,,,,,,,755.37,,,,,,,,,,,,,2632875.86,,,,,,,,,,,,,7534960,,,,,,,,,,,,,,,,
2020-02-22,,,,,,,,,,1079.9663,,,,,,,,,,,,,754.72,,,,,,,,,,,,,2628125.88,,,,,,,,,,,,,7527246,,,,,,,,,,,,,,,,
2020-02-23,,,,,88356.52,989,89.3392517694641,,,1079.2137,,,,,,,,,,,,,754.03,,,,,,,,39847.28,447,89.14380313199105,,,2621941.1,,,,,,,,,,,,,7521837,,,,,,,,,,,,,,,,
2020-02-24,,179.34,,33.33,,,,,,1070.0253,,,,,181.76,,37.23,,,,,,753.44,,,,,229.02,,64.64,,,,,,2633649.86,,,,,190.5,,40,,,,,,7517411,,,,,,,,,,,,,,,,
2020-02-25,,,,,,,,,,1073.3999,,,,,,,,,,,,,752.64,,,,,,,,,,,,,2626659.44,,,,,,,,,,,,,7519567,,,,,,,,,,,,,,,,
2020-02-26,,,,,,,,,,1072.8441,,,,,,,,,,,,,752.07,,,,,,,,,,,,,2621398.76,,,,,,,,,,,,,7424244,,,,,,,,,,,,,,,,
2020-02-27,,,,,,,,,,1084.305,,,,,,,,,,,,,751.28,,,,,,,,,,,,,2620995.08,,,,,,,,,,,,,7421119,,,,,,,,,,,,,,,,
2020-02-28,,,,,,,,,,1083.4358,,,,,,,,,,,,,750.1,,,,,,,,,,,,,2610068.96,,,,,,,,,,,,,7425651,,,,,,,,,,,,,,,,
2020-02-29,799.1,,67.32,,,,,188,1.53,1083.4358,55416.23,23.6792,129.6806,559,,73.53,,,,,242,1.75,748.43,,60.7971,364.9835,985,,69.37,,,,,204,1.45,2595397.15,,0,0,829.5,,38.03,,12.84,1486,0.00864064602961,168,1.61,7409570,8.4371,53.5229,26.5494,,,,,3.25,,128.3,114.2,121.2,5.2,0.8,0.3,-0.1
2020-03-01,,,,,133900.6,1484,90.22951482479785,,,1081.8606,,,,,,,,,,,,,747.54,,,,,,,,79585.08,928,85.75978448275862,,,2589319.64,,,,,,,,,,,,,7405024,,,,,,,,,,,,,,,,
2020-03-02,,178.86,,35.29,,,,,,1070.6386,,,,,182.05,,36.57,,,,,,747.16,,,,,229.97,,64.65,,,,,,2583656.83,,,,,189.78,,44.23,,,,,,7410367,,,,,,,,,,,,,,,,
2020-03-03,,,,,,,,,,1071.1303,,,,,,,,,,,,,746.7,,,,,,,,,,,,,2663940.53,,,,,,,,,,,,,7407133,,,,,,,,,,,,,,,,
2020-03-04,,,,,,,,,,1069.3426,,,,,,,,,,,,,746.25,,,,,,,,,,,,,2748992.04,,,,,,,,,,,,,7444246,,,,,,,,,,,,,,,,
2020-03-05,,,,,,,,,,1078.6549,,,,,,,,,,,,,745.33,,,,,,,,,,,,,2733827.35,,,,,,,,,,,,,7454044,,,,,,,,,,,,,,,,
2020-03-06,,,,,,,,,,1074.4375,,,,,,,,,,,,,744.36,,,,,,,,,,,,,2717357.75,,,,,,,,,,,,,7532436,,,,,,,,,,,,,,,,
2020-03-07,,,,,,,,,,1071.3443,,,,,,,,,,,,,743.11,,,,,,,,,,,,,2703996.19,,,,,,,,,,,,,7512574,,,,,,,,,,,,,,,,
2020-03-08,,,,,121586.15,1351,89.99715025906735,,,1069.5035,,,,,,,,,,,,,742.23,,,,,,,,129324.36,1537,84.14076772934287,,,2692621.59,,,,,,,,,,,,,7501481,,,,,,,,,,,,,,,,
2020-03-09,,178.76,,40.63,,,,,,1059.0427,,,,,182.26,,38.34,,,,,,741.71,,,,,230.32,,63.03,,,,,,2681061.13,,,,,189.75,,42.37,,,,,,7490990,,,,,,,,,,,,,,,,
2020-03-10,,,,,,,,,,1078.9824,,,,,,,,,,,,,740.96,,,,,,,,,,,,,2667530.6,,,,,,,,,,,,,7485025,,,,,,,,,,,,,,,,
2020-03-11,,,,,,,,,,1083.0372,,,,,,,,,,,,,740.28,,,,,,,,,,,,,2655572.24,,,,,,,,,,,,,7472279,,,,,,,,,,,,,,,,
2020-03-12,,,,,,,,,,1088.9086,,,,,,,,,,,,,739.66,,,,,,,,,,,,,2640579.01,,,,,,,,,,,,,7475764,,,,,,,,,,,,,,,,
2020-03-13,,,,,,,,,,1089.4697,,,,,,,,,,,,,738.79,,,,,,,,,,,,,2625513.09,,,,,,,,,,,,,4834038,,,,,,,,,,,,,,,,
2020-03-14,,,,,,,,,,1085.7681,,,,,,,,,,,,,737.1,,,,,,,,,,,,,2610440.14,,,,,,,,,,,,,4823708,,,,,,,,,,,,,,,,
2020-03-15,,,,,144063.42,1566,91.99452107279693,,,1073.6247,,,,,,,,,,,,,735.6,,,,,,,,152700.17,1819,83.94731720725673,,,2600845.47,,,,,,,,,,,,,4816831,,,,,,,,,,,,,,,,
2020-03-16,,178.66,,38.1,,,,,,1072.7989,,,,,182.44,,37.14,,,,,,735.1,,,,,231.07,,59.97,,,,,,2578815.15,,,,,189.74,,36.16,,,,,,4813065,,,,,,,,,,,,,,,,
2020-03-17,,,,,,,,,,1078.1477,,,,,,,,,,,,,734.37,,,,,,,,,,,,,2564212.46,,,,,,,,,,,,,7399613,,,,,,,,,,,,,,,,
2020-03-18,,,,,,,,,,1074.8762,,,,,,,,,,,,,733.85,,,,,,,,,,,,,2558207.99,,,,,,,,,,,,,7374553,,,,,,,,,,,,,,,,
2020-03-19,,,,,,,,,,1062.238,,,,,,,,,,,,,733.13,,,,,,,,,,,,,2542443.68,,,,,,,,,,,,,7390288,,,,,,,,,,,,,,,,
2020-03-20,,,,,,,,,,1067.6728,,,,,,,,,,,,,731.98,,,,,,,,,,,,,2656839.26,,,,,,,,,,,,,7548639,,,,,,,,,,,,,,,,
2020-03-21,,,,,,,,,,1067.6617,,,,,,,,,,,,,729.81,,,,,,,,,,,,,2646881.99,,,,,,,,,,,,,7516546,,,,,,,,,,,,,,,,
2020-03-22,,,,,168750.22,1857,90.87249326871297,,,1064.9765,,,,,,,,,,,,,728.46,,,,,,,,177688.82,2073,85.7157838880849,,,2639023.64,,,,,,,,,,,,,7498104,,,,,,,,,,,,,,,,
2020-03-23,,178.62,,43.94,,,,,,1063.8175,,,,,182.57,,41.36,,,,,,727.8,,,,,231.21,,64.65,,,,,,2624411.47,,,,,189.74,,34.75,,,,,,7583746,,,,,,,,,,,,,,,,
2020-03-24,,,,,,,,,,1066.2225,,,,,,,,,,,,,726.93,,,,,,,,,,,,,2612757.45,,,,,,,,,,,,,7611212,,,,,,,,,,,,,,,,
2020-03-25,,,,,,,,,,1065.7751,,,,,,,,,,,,,729.89,,,,,,,,,,,,,2593833.48,,,,,,,,,,,,,7684678,,,,,,,,,,,,,,,,
2020-03-26,,,,,,,,,,1046.3198,,,,,,,,,,,,,730.41,,,,,,,,,,,,,2582839.8,,,,,,,,,,,,,7665685,,,,,,,,,,,,,,,,
2020-03-27,,,,,,,,,,1029.7183,,,,,,,,,,,,,728.92,,,,,,,,,,,,,2571044.74,,,,,,,,,,,,,7729923,,,,,,,,,,,,,,,,
2020-03-28,,,,,,,,,,1017.158,,,,,,,,,,,,,729.63,,,,,,,,,,,,,2563139.28,,,,,,,,,,,,,7693308,,,,,,,,,,,,,,,,
2020-03-29,,,,,189130.08,2117,89.33872461029759,,,1014.102,,,,,,,,,,,,,726.83,,,,,,,,167893.21,1957,85.79111394992336,,,2556686.01,,,,,,,,,,,,,7664663,,,,,,,,,,,,,,,,
2020-03-30,,178.4,,28.43,,,,,,1021.9721,,,,,182.48,,41.06,,,,,,725.44,,,,,233.01,,60.12,,,,,,2550605.86,,,,,189.46,,30.42,,,,,,7633467,,,,,,,,,,,,,,,,
2020-03-31,806.6,,89.7,,,,,187,1.51,1030.6431,146942.1,125.3363,0,556,,94.75,,,,,243,1.76,726.54,246635.57,92.6016,72.8387,995,,102.24,,,,,205,1.44,2612312.34,306884.32,17.217,30.735,843.3,,63.35,,47.83,5510,0.00868058076225,169,1.6,7625162,67.726,211.4659,36.4455,4.9,,2.9,4.8,3.25,5.6,128.3,119.3,125.2,4.3,-1.2,-0.2,-0.2
2020-04-01,,,,,,,,,,1054.6415,,,,,,,,,,,,,733.15,,,,,,,,,,,,,2605521.42,,,,,,,,,,,,,7615109,,,,,,,,,,,,,,,,
2020-04-02,,,,,,,,,,1079.9128,,,,,,,,,,,,,733.09,,,,,,,,,,,,,2589786.95,,,,,,,,,,,,,7601617,,,,,,,,,,,,,,,,
2020-04-03,,,,,,,,,,1074.1453,,,,,,,,,,,,,740.41,,,,,,,,,,,,,2578384.15,,,,,,,,,,,,,7697887,,,,,,,,,,,,,,,,
2020-04-04,,,,,,,,,,1073.9451,,,,,,,,,,,,,739.72,,,,,,,,,,,,,2563986.05,,,,,,,,,,,,,7688030,,,,,,,,,,,,,,,,
2020-04-05,,,,,200685.69,2324,86.35356712564544,,,1073.8792,,,,,,,,,,,,,738.42,,,,,,,,130802.26,1519,86.1107702435813,,,2555444.53,,,,,,,,,,,,,7674206,,,,,,,,,,,,,,,,
2020-04-06,,178.29,,20.56,,,,,,1069.9561,,,,,182.63,,43.35,,,,,,737.15,,,,,233.79,,61.73,,,,,,2548538.97,,,,,189.49,,33.61,,,,,,7665207,,,,,,,,,,,,,,,,
2020-04-07,,,,,,,,,,1071.2169,,,,,,,,,,,,,736.27,,,,,,,,,,,,,2539765.93,,,,,,,,,,,,,7666004,,,,,,,,,,,,,,,,
2020-04-08,,,,,,,,,,1062.0869,,,,,,,,,,,,,734.85,,,,,,,,,,,,,2527417.22,,,,,,,,,,,,,7658263,,,,,,,,,,,,,,,,
2020-04-09,,,,,,,,,,1059.1476,,,,,,,,,,,,,747.94,,,,,,,,,,,,,2512776.68,,,,,,,,,,,,,7635286,,,,,,,,,,,,,,,,
2020-04-10,,,,,,,,,,1057.5103,,,,,,,,,,,,,750.52,,,,,,,,,,,,,2498409.28,,,,,,,,,,,,,7634325,,,,,,,,,,,,,,,,
2020-04-11,,,,,,,,,,1056.7491,,,,,,,,,,,,,733.26,,,,,,,,,,,,,2486406.08,,,,,,,,,,,,,7609808,,,,,,,,,,,,,,,,
2020-04-12,,,,,189088.55,2146,88.11209226467847,,,1055.263,,,,,,,,,,,,,729.67,,,,,,,,111302.65,1282,86.81953978159126,,,2466046.9,,,,,,,,,,,,,7596389,,,,,,,,,,,,,,,,
2020-04-13,,178.36,,21.7,,,,,,1058.7619,,,,,182.78,,44.14,,,,,,728.66,,,,,234.14,,62.11,,,,,,2455949.25,,,,,189.49,,33.23,,,,,,7587873,,,,,,,,,,,,,,,,
2020-04-14,,,,,,,,,,1067.531,,,,,,,,,,,,,733.36,,,,,,,,,,,,,2445252.33,,,,,,,,,,,,,7545399,,,,,,,,,,,,,,,,
2020-04-15,,,,,,,,,,1076.6142,,,,,,,,,,,,,775.57,,,,,,,,,,,,,2428691.42,,,,,,,,,,,,,7498633,,,,,,,,,,,,,,,,
2020-04-16,,,,,,,,,,1084.2546,,,,,,,,,,,,,776.8,,,,,,,,,,,,,2414103.26,,,,,,,,,,,,,7504116,,,,,,,,,,,,,,,,
2020-04-17,,,,,,,,,,1105.5102,,,,,,,,,,,,,732.89,,,,,,,,,,,,,2402946.18,,,,,,,,,,,,,7560657,,,,,,,,,,,,,,,,
2020-04-18,,,,,,,,,,1103.9349,,,,,,,,,,,,,786.36,,,,,,,,,,,,,2392445.6,,,,,,,,,,,,,7530329,,,,,,,,,,,,,,,,
2020-04-19,,,,,267185.78,3055,87.45852045826514,,,1102.8847,,,,,,,,,,,,,726.98,,,,,,,,151662.01,1766,85.87882785956965,,,2382102.61,,,,,,,,,,,,,7510206,,,,,,,,,,,,,,,,
2020-04-20,,178.35,,24.8,,,,,,1122.9197,,,,,183,,42.92,,,,,,725.18,,,,,234.89,,61.2,,,,,,2374570.24,,,,,189.5,,31.25,,,,,,7542419,,,,,,,,,,,,,,,,
2020-04-21,,,,,,,,,,1116.6282,,,,,,,,,,,,,781.5,,,,,,,,,,,,,2364003.92,,,,,,,,,,,,,7532629,,,,,,,,,,,,,,,,
2020-04-22,,,,,,,,,,1114.0505,,,,,,,,,,,,,784.33,,,,,,,,,,,,,2355986.19,,,,,,,,,,,,,7564255,,,,,,,,,,,,,,,,
2020-04-23,,,,,,,,,,1112.9501,,,,,,,,,,,,,782.92,,,,,,,,,,,,,2345736.36,,,,,,,,,,,,,7583424,,,,,,,,,,,,,,,,
2020-04-24,,,,,,,,,,1111.6275,,,,,,,,,,,,,780.21,,,,,,,,,,,,,2335229.25,,,,,,,,,,,,,7629040,,,,,,,,,,,,,,,,
2020-04-25,,,,,,,,,,1104.8239,,,,,,,,,,,,,779.01,,,,,,,,,,,,,2326111.26,,,,,,,,,,,,,7592477,,,,,,,,,,,,,,,,
2020-04-26,,,,,325623.45,3654,89.11424466338259,,,1104.5195,,,,,,,,,,,,,774.8,,,,,,,,183804.88,2149,85.53042345276873,,,2317694.82,,,,,,,,,,,,,7634892,,,,,,,,,,,,,,,,
2020-04-27,,178.43,,40.25,,,,,,1116.7125,,,,,183.08,,42.43,,,,,,780.46,,,,,236.7,,59.57,,,,,,2310691.81,,,,,189.43,,28.97,,,,,,7788191,,,,,,,,,,,,,,,,
2020-04-28,,,,,,,,,,1116.5744,,,,,,,,,,,,,778.06,,,,,,,,,,,,,2298398.96,,,,,,,,,,,,,7839745,,,,,,,,,,,,,,,,
2020-04-29,,,,,,,,,,1115.6828,,,,,,,,,,,,,707.92,,,,,,,,,,,,,2277335.52,,,,,,,,,,,,,7914911,,,,,,,,,,,,,,,,
2020-04-30,808.8,,99.94,,,,,185,1.48,1150.5399,868151.14,39.5686,73.3453,564,,94.15,,,,,244,1.74,769.95,395745.95,147.9853,60.4865,1018,,107.33,,,,,205,1.41,2300390.53,38497.52,44.4575,17.217,854.5,,64.68,,58.26,6701,0.008694224742576,169,1.57,8121159,61.3796,224.0073,173.9166,,,,,3.25,,117.8,116.7,119.3,3.3,-0.9,-0.3,0
2020-05-01,,,,,,,,,,1133.2905,,,,,,,,,,,,,772.85,,,,,,,,,,,,,2291772.66,,,,,,,,,,,,,8107108,,,,,,,,,,,,,,,,
2020-05-02,,,,,,,,,,1124.9871,,,,,,,,,,,,,771.09,,,,,,,,,,,,,2284644.35,,,,,,,,,,,,,8095608,,,,,,,,,,,,,,,,
2020-05-03,,,,,265408.91,3025,87.73848264462809,,,1122.9197,,,,,,,,,,,,,774.54,,,,,,,,133781.84,1585,84.40494637223975,,,2280437.43,,,,,,,,,,,,,8089193,,,,,,,,,,,,,,,,
2020-05-04,,178.48,,33.55,,,,,,1115.8862,,,,,182.95,,42.66,,,,,,772.26,,,,,238.06,,54.17,,,,,,2274324.47,,,,,189.13,,30.64,,,,,,8090155,,,,,,,,,,,,,,,,
2020-05-05,,,,,,,,,,1111.6438,,,,,,,,,,,,,769.52,,,,,,,,,,,,,2271494.55,,,,,,,,,,,,,8080874,,,,,,,,,,,,,,,,
2020-05-06,,,,,,,,,,1116.9233,,,,,,,,,,,,,758.93,,,,,,,,,,,,,2263946.71,,,,,,,,,,,,,8076903,,,,,,,,,,,,,,,,
2020-05-07,,,,,,,,,,1115.0286,,,,,,,,,,,,,759.88,,,,,,,,,,,,,2253313.15,,,,,,,,,,,,,8070128,,,,,,,,,,,,,,,,
2020-05-08,,,,,,,,,,1114.4546,,,,,,,,,,,,,770.26,,,,,,,,,,,,,2242033.62,,,,,,,,,,,,,8048663,,,,,,,,,,,,,,,,
2020-05-09,,,,,,,,,,1116.2689,,,,,,,,,,,,,753.25,,,,,,,,,,,,,2184225.91,,,,,,,,,,,,,8048041,,,,,,,,,,,,,,,,
2020-05-10,,,,,239165.43,2739,87.31852135815991,,,1115.6132,,,,,,,,,,,,,747.42,,,,,,,,102383.86,1225,83.57866122448979,,,2175178.07,,,,,,,,,,,,,8014341,,,,,,,,,,,,,,,,
2020-05-11,,178.49,,34.25,,,,,,1117.5859,,,,,182.94,,43.23,,,,,,745.77,,,,,238.6,,56.51,,,,,,2163396.21,,,,,189.07,,34.92,,,,,,7947441,,,,,,,,,,,,,,,,
2020-05-12,,,,,,,,,,1106.3593,,,,,,,,,,,,,743.61,,,,,,,,,,,,,2176648.82,,,,,,,,,,,,,7949495,,,,,,,,,,,,,,,,
2020-05-13,,,,,,,,,,1112.4915,,,,,,,,,,,,,749.8,,,,,,,,,,,,,2163557.45,,,,,,,,,,,,,7935750,,,,,,,,,,,,,,,,
2020-05-14,,,,,,,,,,1116.502,,,,,,,,,,,,,757.19,,,,,,,,,,,,,2167308.93,,,,,,,,,,,,,7888896,,,,,,,,,,,,,,,,
2020-05-15,,,,,,,,,,1127.5919,,,,,,,,,,,,,755.99,,,,,,,,,,,,,2150043.89,,,,,,,,,,,,,7869080,,,,,,,,,,,,,,,,
2020-05-16,,,,,,,,,,1126.9192,,,,,,,,,,,,,752.54,,,,,,,,,,,,,2141147.77,,,,,,,,,,,,,7835735,,,,,,,,,,,,,,,,
2020-05-17,,,,,360738.85,4138,87.17710246495892,,,1126.3266,,,,,,,,,,,,,749.95,,,,,,,,185994.44,2247,82.77456163773921,,,2129227.87,,,,,,,,,,,,,7817750,,,,,,,,,,,,,,,,
2020-05-18,,178.47,,27.37,,,,,,1122.923,,,,,183.29,,40.88,,,,,,753.16,,,,,239.08,,55.22,,,,,,2120622.42,,,,,188.98,,32.12,,,,,,7836305,,,,,,,,,,,,,,,,
2020-05-19,,,,,,,,,,1125.0564,,,,,,,,,,,,,750.66,,,,,,,,,,,,,2111307.28,,,,,,,,,,,,,7825944,,,,,,,,,,,,,,,,
2020-05-20,,,,,,,,,,1139.739,,,,,,,,,,,,,752.06,,,,,,,,,,,,,2100438.38,,,,,,,,,,,,,7850676,,,,,,,,,,,,,,,,
2020-05-21,,,,,,,,,,1138.7651,,,,,,,,,,,,,749.86,,,,,,,,,,,,,2088806.71,,,,,,,,,,,,,8021119,,,,,,,,,,,,,,,,
2020-05-22,,,,,,,,,,1140.5088,,,,,,,,,,,,,747.47,,,,,,,,,,,,,2231584.04,,,,,,,,,,,,,7956562,,,,,,,,,,,,,,,,
2020-05-23,,,,,,,,,,1130.5257,,,,,,,,,,,,,743.3,,,,,,,,,,,,,2222706.29,,,,,,,,,,,,,7925605,,,,,,,,,,,,,,,,
2020-05-24,,,,,382021.49,4322,88.38997917630726,,,1128.8549,,,,,,,,,,,,,739.84,,,,,,,,207474.47,2519,82.36382294561334,,,2212887.15,,,,,,,,,,,,,7902386,,,,,,,,,,,,,,,,
2020-05-25,,178.54,,32.74,,,,,,1128.2572,,,,,183.5,,40.17,,,,,,738.28,,,,,239.34,,56.94,,,,,,2204609.43,,,,,189.03,,30.27,,,,,,7876442,,,,,,,,,,,,,,,,
2020-05-26,,,,,,,,,,1126.5703,,,,,,,,,,,,,737.07,,,,,,,,,,,,,2188864.13,,,,,,,,,,,,,7922121,,,,,,,,,,,,,,,,
2020-05-27,,,,,,,,,,1130.2354,,,,,,,,,,,,,737.25,,,,,,,,,,,,,2174493.51,,,,,,,,,,,,,7919185,,,,,,,,,,,,,,,,
2020-05-28,,,,,,,,,,1146.5473,,,,,,,,,,,,,736.21,,,,,,,,,,,,,2159298.9,,,,,,,,,,,,,8059350,,,,,,,,,,,,,,,,
2020-05-29,,,,,,,,,,1156.6816,,,,,,,,,,,,,731.32,,,,,,,,,,,,,2147260.14,,,,,,,,,,,,,8178171,,,,,,,,,,,,,,,,
2020-05-30,,,,,,,,,,1156.0928,,,,,,,,,,,,,728.32,,,,,,,,,,,,,2137612.53,,,,,,,,,,,,,8121403,,,,,,,,,,,,,,,,
2020-05-31,809,,109.67,,417320.62,4809,86.7790850488667,186,1.49,1141.938,729034.68,0,74.097,567,,108.3,,,,,243,1.73,724.17,529705.32,416.5074,106.5586,1046,,114.74,,211627.73,2562,82.6025487900078,206,1.38,2128120.79,225379.5,103.3955,44.4575,847.3,,70.04,,65.01,7325,0.008875085324232,168,1.58,8096578,103.855,215.4809,218.242,,,,,3.25,,118,115,118.8,2.4,-0.8,-0.3,-0.1
2020-06-01,,178.69,,28.89,,,,,,1126.9756,,,,,184.03,,43.6,,,,,,723.1,,,,,242.93,,54.25,,,,,,2111672.79,,,,,189.29,,34.79,,,,,,8086358,,,,,,,,,,,,,,,,
2020-06-02,,,,,,,,,,1126.649,,,,,,,,,,,,,721.09,,,,,,,,,,,,,2091175.1,,,,,,,,,,,,,8090829,,,,,,,,,,,,,,,,
2020-06-03,,,,,,,,,,1132.6816,,,,,,,,,,,,,719.86,,,,,,,,,,,,,2071019.64,,,,,,,,,,,,,8064855,,,,,,,,,,,,,,,,
2020-06-04,,,,,,,,,,1133.6544,,,,,,,,,,,,,720.08,,,,,,,,,,,,,2082155.61,,,,,,,,,,,,,8086289,,,,,,,,,,,,,,,,
2020-06-05,,,,,,,,,,1197.2306,,,,,,,,,,,,,724.22,,,,,,,,,,,,,2062687.11,,,,,,,,,,,,,8045394,,,,,,,,,,,,,,,,
2020-06-06,,,,,,,,,,1196.3802,,,,,,,,,,,,,721.16,,,,,,,,,,,,,2050322.14,,,,,,,,,,,,,8006558,,,,,,,,,,,,,,,,
2020-06-07,,,,,346578.88,3990,86.86187468671679,,,1192.6583,,,,,,,,,,,,,719.42,,,,,,,,200198.58,2351,85.15464908549554,,,2038736.74,,,,,,,,,,,,,7987092,,,,,,,,,,,,,,,,
2020-06-08,,178.71,,25.84,,,,,,1199.4223,,,,,184.04,,43.48,,,,,,721.12,,,,,243.26,,57.57,,,,,,2027958.29,,,,,189.39,,32.82,,,,,,8011142,,,,,,,,,,,,,,,,
2020-06-09,,,,,,,,,,1200.7868,,,,,,,,,,,,,729.55,,,,,,,,,,,,,2018129.54,,,,,,,,,,,,,8006641,,,,,,,,,,,,,,,,
2020-06-10,,,,,,,,,,1202.2148,,,,,,,,,,,,,728.23,,,,,,,,,,,,,2044292.33,,,,,,,,,,,,,7990878,,,,,,,,,,,,,,,,
2020-06-11,,,,,,,,,,1200.6506,,,,,,,,,,,,,730.27,,,,,,,,,,,,,2032581.02,,,,,,,,,,,,,7974451,,,,,,,,,,,,,,,,
2020-06-12,,,,,,,,,,1209.4576,,,,,,,,,,,,,732.57,,,,,,,,,,,,,2152448.2,,,,,,,,,,,,,7952303,,,,,,,,,,,,,,,,
2020-06-13,,,,,,,,,,1208.6427,,,,,,,,,,,,,729.38,,,,,,,,,,,,,2142192.01,,,,,,,,,,,,,7911109,,,,,,,,,,,,,,,,
2020-06-14,,,,,348765.81,3927,88.81227654698243,,,1204.4651,,,,,,,,,,,,,727.53,,,,,,,,217881.93,2567,84.87804051421894,,,2131687.55,,,,,,,,,,,,,7888209,,,,,,,,,,,,,,,,
2020-06-15,,178.6,,28.49,,,,,,1223.8291,,,,,184.13,,45.2,,,,,,726.31,,,,,243.92,,58,,,,,,2121059.39,,,,,189.54,,29.88,,,,,,7886330,,,,,,,,,,,,,,,,
2020-06-16,,,,,,,,,,1218.4341,,,,,,,,,,,,,729.31,,,,,,,,,,,,,2107860.92,,,,,,,,,,,,,7875718,,,,,,,,,,,,,,,,
2020-06-17,,,,,,,,,,1221.0731,,,,,,,,,,,,,727.98,,,,,,,,,,,,,2097548.09,,,,,,,,,,,,,7888199,,,,,,,,,,,,,,,,
2020-06-18,,,,,,,,,,1231.2567,,,,,,,,,,,,,730.94,,,,,,,,,,,,,2152932.36,,,,,,,,,,,,,7923266,,,,,,,,,,,,,,,,
2020-06-19,,,,,,,,,,1229.8528,,,,,,,,,,,,,731.78,,,,,,,,,,,,,2142448.67,,,,,,,,,,,,,7987530,,,,,,,,,,,,,,,,
2020-06-20,,,,,,,,,,1228.9512,,,,,,,,,,,,,728.07,,,,,,,,,,,,,2131185.48,,,,,,,,,,,,,7931235,,,,,,,,,,,,,,,,
2020-06-21,,,,,383051.27,4263,89.85486042692939,,,1227.6964,,,,,,,,,,,,,724.45,,,,,,,,227835.7,2650,85.9757358490566,,,2121345.51,,,,,,,,,,,,,7903007,,,,,,,,,,,,,,,,
2020-06-22,,178.67,,28.67,,,,,,1235.4604,,,,,184.3,,42.42,,,,,,725.07,,,,,244.42,,56.65,,,,,,2126283.65,,,,,189.66,,29.95,,,,,,7901640,,,,,,,,,,,,,,,,
2020-06-23,,,,,,,,,,1234.5183,,,,,,,,,,,,,729.85,,,,,,,,,,,,,2118154.9,,,,,,,,,,,,,7872062,,,,,,,,,,,,,,,,
2020-06-24,,,,,,,,,,1240.9153,,,,,,,,,,,,,730.58,,,,,,,,,,,,,2107054.17,,,,,,,,,,,,,8080373,,,,,,,,,,,,,,,,
2020-06-25,,,,,,,,,,1238.9325,,,,,,,,,,,,,726.82,,,,,,,,,,,,,2098065.9,,,,,,,,,,,,,8039950,,,,,,,,,,,,,,,,
2020-06-26,,,,,,,,,,1238.3071,,,,,,,,,,,,,731.62,,,,,,,,,,,,,2090131.99,,,,,,,,,,,,,8016966,,,,,,,,,,,,,,,,
2020-06-27,,,,,,,,,,1237.7635,,,,,,,,,,,,,729,,,,,,,,,,,,,2084409.73,,,,,,,,,,,,,7995175,,,,,,,,,,,,,,,,
2020-06-28,,,,,294920.22,3284,89.80518270401949,,,1251.8106,,,,,,,,,,,,,726.65,,,,,,,,183828.54,2151,85.46189679218968,,,2074977.66,,,,,,,,,,,,,7967348,,,,,,,,,,,,,,,,
2020-06-29,,178.87,,23.44,,,,,,1247.9068,,,,,184.87,,42.71,,,,,,722.01,,,,,247.49,,57.4,,,,,,2065952.32,,,,,189.68,,34.33,,,,,,7974606,,,,,,,,,,,,,,,,
2020-06-30,802.5,,111.29,,,,,184,1.45,1235.6766,1134394.55,65.4541,4.2689,572,,113.76,,,,,243,1.71,717.68,428536.53,165.5539,460.0641,1075,,127.23,,,,,204,1.33,2050502.12,263628.29,0,103.3955,843.2,,72.44,,81.73,9250,0.008835675675676,166,1.57,8104648,110.5799,283.5629,235.6225,3.5,,2.7,2.2,3.25,5.42,114.2,112.7,115.10000000000001,2.5,-0.1,-0.7,-0.1
2020-07-01,,,,,,,,,,1205.5017,,,,,,,,,,,,,716.34,,,,,,,,,,,,,2035869.89,,,,,,,,,,,,,8091993,,,,,,,,,,,,,,,,
2020-07-02,,,,,,,,,,1202.0393,,,,,,,,,,,,,714.81,,,,,,,,,,,,,2023747.11,,,,,,,,,,,,,8066280,,,,,,,,,,,,,,,,
2020-07-03,,,,,,,,,,1199.2958,,,,,,,,,,,,,713.52,,,,,,,,,,,,,2009182.14,,,,,,,,,,,,,8135048,,,,,,,,,,,,,,,,
2020-07-04,,,,,,,,,,1198.6142,,,,,,,,,,,,,711.02,,,,,,,,,,,,,2000272.45,,,,,,,,,,,,,8104896,,,,,,,,,,,,,,,,
2020-07-05,,,,,322213.53,3548,90.81553833145433,,,1197.9273,,,,,,,,,,,,,708.79,,,,,,,,197680.95,2310,85.57616883116883,,,1987178.95,,,,,,,,,,,,,8085044,,,,,,,,,,,,,,,,
2020-07-06,,178.76,,28.19,,,,,,1196.0348,,,,,185.01,,44.61,,,,,,707.67,,,,,248.33,,63.06,,,,,,1976382.07,,,,,189.81,,35.8,,,,,,8079649,,,,,,,,,,,,,,,,
2020-07-07,,,,,,,,,,1232.1907,,,,,,,,,,,,,709.94,,,,,,,,,,,,,1962436.24,,,,,,,,,,,,,8074160,,,,,,,,,,,,,,,,
2020-07-08,,,,,,,,,,1230.1851,,,,,,,,,,,,,715.12,,,,,,,,,,,,,1944317.36,,,,,,,,,,,,,8086293,,,,,,,,,,,,,,,,
2020-07-09,,,,,,,,,,1227.0169,,,,,,,,,,,,,717.81,,,,,,,,,,,,,2074879.43,,,,,,,,,,,,,8052440,,,,,,,,,,,,,,,,
2020-07-10,,,,,,,,,,1226.0284,,,,,,,,,,,,,715.43,,,,,,,,,,,,,2055884.41,,,,,,,,,,,,,8097607,,,,,,,,,,,,,,,,
2020-07-11,,,,,,,,,,1224.7709,,,,,,,,,,,,,711.97,,,,,,,,,,,,,2041566.26,,,,,,,,,,,,,8065641,,,,,,,,,,,,,,,,
2020-07-12,,,,,296659.86,3299,89.9241770233404,,,1226.8149,,,,,,,,,,,,,710.16,,,,,,,,246700.25,2895,85.21597582037997,,,2032754.9,,,,,,,,,,,,,8044741,,,,,,,,,,,,,,,,
2020-07-13,,178.91,,26.49,,,,,,1234.4265,,,,,185.15,,41.16,,,,,,712.17,,,,,249.44,,67.42,,,,,,2020052.39,,,,,189.79,,36.64,,,,,,8026760,,,,,,,,,,,,,,,,
2020-07-14,,,,,,,,,,1236.3603,,,,,,,,,,,,,718.48,,,,,,,,,,,,,2077638.02,,,,,,,,,,,,,8055581,,,,,,,,,,,,,,,,
2020-07-15,,,,,,,,,,1233.5083,,,,,,,,,,,,,721.04,,,,,,,,,,,,,2049844.35,,,,,,,,,,,,,8086548,,,,,,,,,,,,,,,,
2020-07-16,,,,,,,,,,1229.6847,,,,,,,,,,,,,721.74,,,,,,,,,,,,,2032806.98,,,,,,,,,,,,,8087671,,,,,,,,,,,,,,,,
2020-07-17,,,,,,,,,,1209.3807,,,,,,,,,,,,,719.25,,,,,,,,,,,,,2011681.45,,,,,,,,,,,,,8145021,,,,,,,,,,,,,,,,
2020-07-18,,,,,,,,,,1207.4455,,,,,,,,,,,,,715.11,,,,,,,,,,,,,2003891.81,,,,,,,,,,,,,8106914,,,,,,,,,,,,,,,,
2020-07-19,,,,,332835.74,3612,92.14721483942414,,,1198.0232,,,,,,,,,,,,,713.13,,,,,,,,256759.06,2971,86.42176371592056,,,1993211.64,,,,,,,,,,,,,8082492,,,,,,,,,,,,,,,,
2020-07-20,,178.9,,25.44,,,,,,1196.4701,,,,,185.24,,43.45,,,,,,711.29,,,,,250.67,,65.65,,,,,,2093030.43,,,,,190.1,,34.6,,,,,,8066424,,,,,,,,,,,,,,,,
2020-07-21,,,,,,,,,,1231.08,,,,,,,,,,,,,709.64,,,,,,,,,,,,,,,,,,,,,,,,,,7986905,,,,,,,,,,,,,,,,
2020-07-22,,,,,,,,,,1220.6733,,,,,,,,,,,,,712.67,,,,,,,,,,,,,,,,,,,,,,,,,,7979688,,,,,,,,,,,,,,,,
2020-07-23,,,,,,,,,,1229.17,,,,,,,,,,,,,708.89,,,,,,,,,,,,,2082882.13,,,,,,,,,,,,,7954597,,,,,,,,,,,,,,,,
2020-07-24,,,,,,,,,,1229.379,,,,,,,,,,,,,704.51,,,,,,,,,,,,,2071374.18,,,,,,,,,,,,,7972349,,,,,,,,,,,,,,,,
2020-07-25,,,,,,,,,,1220.7973,,,,,,,,,,,,,699.12,,,,,,,,,,,,,2061820.15,,,,,,,,,,,,,7924651,,,,,,,,,,,,,,,,
2020-07-26,,,,,351449.66,3845,91.40433289986996,,,1212.0109,,,,,,,,,,,,,695.99,,,,,,,,163001.81,1904,85.6101943277311,,,2053311.57,,,,,,,,,,,,,7898932,,,,,,,,,,,,,,,,
2020-07-27,,179.04,,29.03,,,,,,1213.8644,,,,,185.77,,44.52,,,,,,696.62,,,,,252.16,,61.76,,,,,,2060349.38,,,,,190.16,,36.34,,,,,,7873982,,,,,,,,,,,,,,,,
2020-07-28,,,,,,,,,,1220.4107,,,,,,,,,,,,,700.15,,,,,,,,,,,,,2049295.31,,,,,,,,,,,,,8016153,,,,,,,,,,,,,,,,
2020-07-29,,,,,,,,,,1221.1091,,,,,,,,,,,,,698.8,,,,,,,,,,,,,2031319.84,,,,,,,,,,,,,8091998,,,,,,,,,,,,,,,,
2020-07-30,,,,,,,,,,1218.2228,,,,,,,,,,,,,694.65,,,,,,,,,,,,,2020182.33,,,,,,,,,,,,,8156578,,,,,,,,,,,,,,,,
2020-07-31,796.5,,116.14,,,,,183,1.45,1223.7126,369920.88,115.2217,66.2435,575,,117.14,,,,,241,1.63,689.87,528346.41,103.3512,180.522,1104,,122.62,,,,,203,1.29,2000703.94,426956.47,0,0,848.8,,72.37,,88.8,9947,0.008927314768272,165,1.55,8316404,71.9305,95.6741,146.0473,,,,,3.25,,119.3,117.4,120.60000000000001,2.7,0.6,-1,0
2020-08-01,,,,,,,,,,1212.5646,,,,,,,,,,,,,686.07,,,,,,,,,,,,,1982429.02,,,,,,,,,,,,,8284285,,,,,,,,,,,,,,,,
2020-08-02,,,,,364147.71,4034,90.26963559742191,,,1206.1157,,,,,,,,,,,,,683.92,,,,,,,,267952.58,3131,85.58051101884382,,,1964011.09,,,,,,,,,,,,,8266261,,,,,,,,,,,,,,,,
2020-08-03,,178.84,,28.57,,,,,,1206.4732,,,,,186.37,,45.38,,,,,,685.53,,,,,254.32,,59.07,,,,,,1936647.16,,,,,190.46,,39.83,,,,,,8229627,,,,,,,,,,,,,,,,
2020-08-04,,,,,,,,,,1204.6454,,,,,,,,,,,,,692.4,,,,,,,,,,,,,1914080.26,,,,,,,,,,,,,8254101,,,,,,,,,,,,,,,,
2020-08-05,,,,,,,,,,1203.5012,,,,,,,,,,,,,688.42,,,,,,,,,,,,,1893153.03,,,,,,,,,,,,,8266474,,,,,,,,,,,,,,,,
2020-08-06,,,,,,,,,,1203.7141,,,,,,,,,,,,,688.04,,,,,,,,,,,,,1875574.97,,,,,,,,,,,,,8288325,,,,,,,,,,,,,,,,
2020-08-07,,,,,,,,,,1204.1007,,,,,,,,,,,,,702.86,,,,,,,,,,,,,1857614.76,,,,,,,,,,,,,8325277,,,,,,,,,,,,,,,,
2020-08-08,,,,,,,,,,1202.7193,,,,,,,,,,,,,704.85,,,,,,,,,,,,,1843375.76,,,,,,,,,,,,,8292121,,,,,,,,,,,,,,,,
2020-08-09,,,,,312538.23,3390,92.19416814159293,,,1201.6958,,,,,,,,,,,,,700.99,,,,,,,,235158.43,2705,86.9347245841035,,,1828418.72,,,,,,,,,,,,,8271415,,,,,,,,,,,,,,,,
2020-08-10,,178.92,,22.22,,,,,,1224.7903,,,,,186.71,,44.85,,,,,,707.52,,,,,255.46,,60.22,,,,,,1816658.05,,,,,190.63,,41.9,,,,,,8218494,,,,,,,,,,,,,,,,
2020-08-11,,,,,,,,,,1231.9927,,,,,,,,,,,,,710.98,,,,,,,,,,,,,1812660.52,,,,,,,,,,,,,8221143,,,,,,,,,,,,,,,,
2020-08-12,,,,,,,,,,1230.7853,,,,,,,,,,,,,709.36,,,,,,,,,,,,,1794512.02,,,,,,,,,,,,,8197839,,,,,,,,,,,,,,,,
2020-08-13,,,,,,,,,,1223.2349,,,,,,,,,,,,,707.77,,,,,,,,,,,,,1777331.98,,,,,,,,,,,,,8196599,,,,,,,,,,,,,,,,
2020-08-14,,,,,,,,,,1232.0792,,,,,,,,,,,,,707.81,,,,,,,,,,,,,1756553.15,,,,,,,,,,,,,8197747,,,,,,,,,,,,,,,,
2020-08-15,,,,,,,,,,1229.0257,,,,,,,,,,,,,705.99,,,,,,,,,,,,,1743696.47,,,,,,,,,,,,,8151194,,,,,,,,,,,,,,,,
2020-08-16,,,,,320739.32,3538,90.65554550593556,,,1219.9393,,,,,,,,,,,,,703.17,,,,,,,,262166,3119,84.05450464892594,,,1730406.31,,,,,,,,,,,,,8125470,,,,,,,,,,,,,,,,
2020-08-17,,178.87,,15.5,,,,,,1217.3011,,,,,186.74,,45.44,,,,,,708.93,,,,,255.71,,57.75,,,,,,1718883.75,,,,,190.86,,43.06,,,,,,8131615,,,,,,,,,,,,,,,,
2020-08-18,,,,,,,,,,1215.5499,,,,,,,,,,,,,729.52,,,,,,,,,,,,,1702454.83,,,,,,,,,,,,,8088266,,,,,,,,,,,,,,,,
2020-08-19,,,,,,,,,,1210.7876,,,,,,,,,,,,,736.21,,,,,,,,,,,,,1702593.34,,,,,,,,,,,,,8068105,,,,,,,,,,,,,,,,
2020-08-20,,,,,,,,,,1208.0938,,,,,,,,,,,,,736.6,,,,,,,,,,,,,1765693.79,,,,,,,,,,,,,8089109,,,,,,,,,,,,,,,,
2020-08-21,,,,,,,,,,1204.3531,,,,,,,,,,,,,744,,,,,,,,,,,,,1952630.04,,,,,,,,,,,,,8212838,,,,,,,,,,,,,,,,
2020-08-22,,,,,,,,,,1196.4428,,,,,,,,,,,,,739.62,,,,,,,,,,,,,2048970.02,,,,,,,,,,,,,8168739,,,,,,,,,,,,,,,,
2020-08-23,,,,,345815.77,3746,92.31600907634811,,,1195.8086,,,,,,,,,,,,,736.12,,,,,,,,235681.26,2731,86.29852068839253,,,2037661.76,,,,,,,,,,,,,8142907,,,,,,,,,,,,,,,,
2020-08-24,,178.88,,24.55,,,,,,1192.832,,,,,187.1,,47.41,,,,,,734.25,,,,,256.26,,58.7,,,,,,2024599.55,,,,,191.14,,39.85,,,,,,8166945,,,,,,,,,,,,,,,,
2020-08-25,,,,,,,,,,1184.693,,,,,,,,,,,,,737.2,,,,,,,,,,,,,2002982.04,,,,,,,,,,,,,8139546,,,,,,,,,,,,,,,,
2020-08-26,,,,,,,,,,1184.6341,,,,,,,,,,,,,735.29,,,,,,,,,,,,,2268888.84,,,,,,,,,,,,,8235750,,,,,,,,,,,,,,,,
2020-08-27,,,,,,,,,,1171.8036,,,,,,,,,,,,,732.36,,,,,,,,,,,,,2478155.98,,,,,,,,,,,,,8234553,,,,,,,,,,,,,,,,
2020-08-28,,,,,,,,,,1169.4557,,,,,,,,,,,,,727.56,,,,,,,,,,,,,2459828.16,,,,,,,,,,,,,8288866,,,,,,,,,,,,,,,,
2020-08-29,,,,,,,,,,1168.4369,,,,,,,,,,,,,720.62,,,,,,,,,,,,,2448566.23,,,,,,,,,,,,,8234713,,,,,,,,,,,,,,,,
2020-08-30,,,,,368095.17,4119,89.36517844136927,,,1167.355,,,,,,,,,,,,,715.33,,,,,,,,204792.78,2340,87.51828205128206,,,2438599.38,,,,,,,,,,,,,8199410,,,,,,,,,,,,,,,,
2020-08-31,794.7,178.97,116.99,22.82,,,,182,1.45,1160.3161,531608.98,0,79.1472,576,187.21,108.97,47.2,,,,241,1.63,712.03,852900.36,103.3884,89.6202,1124,257.13,109.16,58.33,,,,203,1.27,2426970.71,888827.21,0,0,859.3,191.1,68.9,39.77,106.15,11872,0.008941206199461,166,1.54,8176497,117.2625,222.3647,75.8977,,,,,3.25,,119.4,115.8,120.1,2.4,0.4,-1.2,0.1
2020-09-01,,,,,,,,,,1154.738,,,,,,,,,,,,,709.4,,,,,,,,,,,,,2414402.67,,,,,,,,,,,,,8179196,,,,,,,,,,,,,,,,
2020-09-02,,,,,,,,,,1160.0594,,,,,,,,,,,,,706.74,,,,,,,,,,,,,2400008.69,,,,,,,,,,,,,8148468,,,,,,,,,,,,,,,,
2020-09-03,,,,,,,,,,1156.2235,,,,,,,,,,,,,711.33,,,,,,,,,,,,,2385562.69,,,,,,,,,,,,,8121242,,,,,,,,,,,,,,,,
2020-09-04,,,,,,,,,,1157.3746,,,,,,,,,,,,,710.46,,,,,,,,,,,,,2432024.15,,,,,,,,,,,,,8087128,,,,,,,,,,,,,,,,
2020-09-05,,,,,,,,,,1156.2886,,,,,,,,,,,,,706.17,,,,,,,,,,,,,2411594.23,,,,,,,,,,,,,8044124,,,,,,,,,,,,,,,,
2020-09-06,,,,,351618.82,3848,91.37703222453223,,,1155.1456,,,,,,,,,,,,,703.43,,,,,,,,165860.99,1849,89.70307733910222,,,2396273.24,,,,,,,,,,,,,8016577,,,,,,,,,,,,,,,,
2020-09-07,,178.77,,29.91,,,,,,1157.1533,,,,,187.39,,47.29,,,,,,699.24,,,,,257.44,,58.8,,,,,,2444710.78,,,,,191.39,,38.79,,,,,,8016425,,,,,,,,,,,,,,,,
2020-09-08,,,,,,,,,,1154.8095,,,,,,,,,,,,,716.87,,,,,,,,,,,,,2427332.9,,,,,,,,,,,,,7992484,,,,,,,,,,,,,,,,
2020-09-09,,,,,,,,,,1149.2698,,,,,,,,,,,,,723.58,,,,,,,,,,,,,2400372.42,,,,,,,,,,,,,8037986,,,,,,,,,,,,,,,,
2020-09-10,,,,,,,,,,1155.3298,,,,,,,,,,,,,725.33,,,,,,,,,,,,,2439095.83,,,,,,,,,,,,,8151576,,,,,,,,,,,,,,,,
2020-09-11,,,,,,,,,,1173.6586,,,,,,,,,,,,,734.05,,,,,,,,,,,,,2438682.06,,,,,,,,,,,,,8184445,,,,,,,,,,,,,,,,
2020-09-12,,,,,,,,,,1172.5304,,,,,,,,,,,,,731.16,,,,,,,,,,,,,2414825.68,,,,,,,,,,,,,8138935,,,,,,,,,,,,,,,,
2020-09-13,,,,,335880.74,3655,91.89623529411764,,,1171.3607,,,,,,,,,,,,,728.32,,,,,,,,201539.11,2302,87.54956993918331,,,2395503.38,,,,,,,,,,,,,8113605,,,,,,,,,,,,,,,,
2020-09-14,,178.91,,21.74,,,,,,1169.351,,,,,187.65,,48.13,,,,,,730.94,,,,,257.48,,58.16,,,,,,2373114.98,,,,,191.51,,39.43,,,,,,8123903,,,,,,,,,,,,,,,,
2020-09-15,,,,,,,,,,1168.0471,,,,,,,,,,,,,729.5,,,,,,,,,,,,,2351620.79,,,,,,,,,,,,,8137247,,,,,,,,,,,,,,,,
2020-09-16,,,,,,,,,,1173.5291,,,,,,,,,,,,,727.34,,,,,,,,,,,,,2364305.19,,,,,,,,,,,,,8114680,,,,,,,,,,,,,,,,
2020-09-17,,,,,,,,,,1175.7347,,,,,,,,,,,,,724.47,,,,,,,,,,,,,2369198.02,,,,,,,,,,,,,8204860,,,,,,,,,,,,,,,,
2020-09-18,,,,,,,,,,1187.7741,,,,,,,,,,,,,720.37,,,,,,,,,,,,,2414596.62,,,,,,,,,,,,,8470019,,,,,,,,,,,,,,,,
2020-09-19,,,,,,,,,,1185.9817,,,,,,,,,,,,,714.24,,,,,,,,,,,,,2496639.14,,,,,,,,,,,,,8409517,,,,,,,,,,,,,,,,
2020-09-20,,,,,351486.2,3769,93.2571504377819,,,1175.1612,,,,,,,,,,,,,709.53,,,,,,,,178120.34,2046,87.05783968719453,,,2480482.76,,,,,,,,,,,,,8375657,,,,,,,,,,,,,,,,
2020-09-21,,178.91,,28.3,,,,,,1169.4886,,,,,187.67,,45.76,,,,,,715.77,,,,,257.71,,55.69,,,,,,2493390.48,,,,,191.57,,40.87,,,,,,8374129,,,,,,,,,,,,,,,,
2020-09-22,,,,,,,,,,1176.5203,,,,,,,,,,,,,721.3,,,,,,,,,,,,,2475693.2,,,,,,,,,,,,,8368211,,,,,,,,,,,,,,,,
2020-09-23,,,,,,,,,,1178.3266,,,,,,,,,,,,,747.93,,,,,,,,,,,,,2535059.68,,,,,,,,,,,,,8521602,,,,,,,,,,,,,,,,
2020-09-24,,,,,,,,,,1170.6863,,,,,,,,,,,,,753.99,,,,,,,,,,,,,2580491.64,,,,,,,,,,,,,8619307,,,,,,,,,,,,,,,,
2020-09-25,,,,,,,,,,1180.7026,,,,,,,,,,,,,749.61,,,,,,,,,,,,,2585398.08,,,,,,,,,,,,,8718064,,,,,,,,,,,,,,,,
2020-09-26,,,,,,,,,,1179.5081,,,,,,,,,,,,,741.43,,,,,,,,,,,,,2575437.06,,,,,,,,,,,,,8647298,,,,,,,,,,,,,,,,
2020-09-27,,,,,410892.09,4511,91.08669696297939,,,1188.0539,,,,,,,,,,,,,738.01,,,,,,,,203607.84,2287,89.02835155225186,,,2629529.43,,,,,,,,,,,,,8771858,,,,,,,,,,,,,,,,
2020-09-28,,179.01,,24.8,,,,,,1203.948,,,,,188.01,,46.26,,,,,,734.1,,,,,258.95,,56.4,,,,,,2616152.32,,,,,191.6,,39.4,,,,,,8715019,,,,,,,,,,,,,,,,
2020-09-29,,,,,,,,,,1210.3257,,,,,,,,,,,,,736.34,,,,,,,,,,,,,2605904.1,,,,,,,,,,,,,8932512,,,,,,,,,,,,,,,,
2020-09-30,804.6,,120.49,,,,,180,1.42,1210.3721,1269545.82,0,35.2852,579,,118.56,,,,,240,1.62,733.61,787537.51,156.6582,130.9607,1144,,121.29,,,,,204,1.25,2602380.57,560520.1,27.0029,0,867.2,,69.88,,113.44,,,164,1.47,9108439,201.708,193.0931,168.2257,3.3,,4.9,2.5,3.25,5.36,125.4,118.1,124.19999999999999,1.7,0.2,-1.2,0
2020-10-01,,,,,,,,,,1195.778,,,,,,,,,,,,,730.95,,,,,,,,,,,,,2594911.46,,,,,,,,,,,,,,,,,,,,,,,,,,,,,
2020-10-02,,,,,,,,,,,,,,,,,,,,,,,729.57,,,,,,,,,,,,,2589707.31,,,,,,,,,,,,,9077363,,,,,,,,,,,,,,,,
2020-10-03,,,,,,,,,,,,,,,,,,,,,,,728.16,,,,,,,,,,,,,2583871.87,,,,,,,,,,,,,9067463,,,,,,,,,,,,,,,,
2020-10-04,,,,,240054.11,2641,90.89515713744794,,,,,,,,,,,,,,,,726.88,,,,,,,,69191.03,763,90.68287024901704,,,2579161.34,,,,,,,,,,,,,9058681,,,,,,,,,,,,,,,,
2020-10-05,,178.96,,25.51,,,,,,1230.7734,,,,,188.37,,47.36,,,,,,725.15,,,,,259.97,,55.94,,,,,,2574280.19,,,,,191.91,,39.23,,,,,,9049797,,,,,,,,,,,,,,,,
2020-10-06,,,,,,,,,,,,,,,,,,,,,,,724.09,,,,,,,,,,,,,2568506.73,,,,,,,,,,,,,9032221,,,,,,,,,,,,,,,,
2020-10-07,,,,,,,,,,,,,,,,,,,,,,,722.78,,,,,,,,,,,,,2562577.82,,,,,,,,,,,,,9032889,,,,,,,,,,,,,,,,
2020-10-08,,,,,,,,,,1230.4878,,,,,,,,,,,,,719.72,,,,,,,,,,,,,2555800.85,,,,,,,,,,,,,9023218,,,,,,,,,,,,,,,,
2020-10-09,,,,,,,,,,1242.151,,,,,,,,,,,,,731.71,,,,,,,,,,,,,2548305.08,,,,,,,,,,,,,8979432,,,,,,,,,,,,,,,,
2020-10-10,,,,,,,,,,,,,,,,,,,,,,,745.37,,,,,,,,,,,,,2539996.35,,,,,,,,,,,,,,,,,,,,,,,,,,,,,
2020-10-11,,,,,55820.77,596,93.6590100671141,,,1240.6449,,,,,,,,,,,,,740.9,,,,,,,,34101.53,390,87.43982051282052,,,2526445.18,,,,,,,,,,,,,,,,,,,,,,,,,,,,,
2020-10-12,,178.93,,28.03,,,,,,1239.4108,,,,,188.51,,48.82,,,,,,741.88,,,,,261.1,,55.3,,,,,,2510783.57,,,,,192.08,,35.12,,,,,,,,,,,,,,,,,,,,,,
2020-10-13,,,,,,,,,,1239.9548,,,,,,,,,,,,,745.67,,,,,,,,,,,,,2497022.46,,,,,,,,,,,,,,,,,,,,,,,,,,,,,
2020-10-14,,,,,,,,,,1225.691,,,,,,,,,,,,,746.85,,,,,,,,,,,,,2477812.86,,,,,,,,,,,,,,,,,,,,,,,,,,,,,
2020-10-15,,,,,,,,,,,,,,,,,,,,,,,746.97,,,,,,,,,,,,,2459336,,,,,,,,,,,,,,,,,,,,,,,,,,,,,
2020-10-16,,,,,,,,,,1214.0494,,,,,,,,,,,,,745.21,,,,,,,,,,,,,2438824.05,,,,,,,,,,,,,,,,,,,,,,,,,,,,,
2020-10-17,,,,,,,,,,,,,,,,,,,,,,,740.77,,,,,,,,,,,,,2419677.54,,,,,,,,,,,,,,,,,,,,,,,,,,,,,
2020-10-18,,,,,292206.93,3241,90.15949706880592,,,1215.976,,,,,,,,,,,,,737.1,,,,,,,,126408.98,1391,90.87633357296909,,,2400032.43,,,,,,,,,,,,,,,,,,,,,,,,,,,,,
2020-10-19,,178.97,,25.55,,,,,,1221.2776,,,,,188.83,,47.34,,,,,,735.57,,,,,261.22,,54.47,,,,,,2450777.31,,,,,192.38,,37.8,,,,,,,,,,,,,,,,,,,,,,
2020-10-20,,,,,,,,,,1234.2225,,,,,,,,,,,,,732.86,,,,,,,,,,,,,2407824.1,,,,,,,,,,,,,,,,,,,,,,,,,,,,,
2020-10-21,,,,,,,,,,1232.4432,,,,,,,,,,,,,736.49,,,,,,,,,,,,,2478377.75,,,,,,,,,,,,,,,,,,,,,,,,,,,,,
2020-10-22,,,,,,,,,,1250.7974,,,,,,,,,,,,,735,,,,,,,,,,,,,2533609.95,,,,,,,,,,,,,,,,,,,,,,,,,,,,,
2020-10-23,,,,,,,,,,1233.6476,,,,,,,,,,,,,731.31,,,,,,,,,,,,,2513573.64,,,,,,,,,,,,,,,,,,,,,,,,,,,,,
2020-10-24,,,,,,,,,,1231.0943,,,,,,,,,,,,,727.59,,,,,,,,,,,,,2498272.66,,,,,,,,,,,,,,,,,,,,,,,,,,,,,
2020-10-25,,,,,384177.81,4240,90.60797405660378,,,1219.1961,,,,,,,,,,,,,723.62,,,,,,,,153180.43,1733,88.3903231390652,,,2478368.41,,,,,,,,,,,,,,,,,,,,,,,,,,,,,
2020-10-26,,179.01,,28,,,,,,1217.9089,,,,,189.24,,47.95,,,,,,726.99,,,,,261.47,,57.27,,,,,,2545246.03,,,,,192.61,,40.52,,,,,,,,,,,,,,,,,,,,,,
2020-10-27,,,,,,,,,,1215.2828,,,,,,,,,,,,,724.11,,,,,,,,,,,,,2520550.08,,,,,,,,,,,,,,,,,,,,,,,,,,,,,
2020-10-28,,,,,,,,,,1216.323,,,,,,,,,,,,,728.27,,,,,,,,,,,,,2500508.04,,,,,,,,,,,,,,,,,,,,,,,,,,,,,
2020-10-29,,,,,,,,,,1212.9424,,,,,,,,,,,,,721.49,,,,,,,,,,,,,2478275.94,,,,,,,,,,,,,,,,,,,,,,,,,,,,,
2020-10-30,,,,,,,,,,1213.167,,,,,,,,,,,,,718.88,,,,,,,,,,,,,2452917.95,,,,,,,,,,,,,,,,,,,,,,,,,,,,,
2020-10-31,810.2,,113.14,,,,,180,1.41,1197.4077,334481.05,66.1225,0,584,,110,,,,,242,1.61,714.21,306905.63,26.2626,123.4722,1166,,117.23,,,,,200,1.2,2430482.06,316883.07,287.8844,27.0029,872.8,,64.19,,87.16,9410,0.009262486716259,162,1.44,,101.7079,187.6445,126.553,,,,,3.25,,126.7,119,125.2,0.5,-0.3,-1.1,0
2020-11-01,,,,,430709.14,4899,87.91776689120229,,,1191.2174,,,,,,,,,,,,,708.97,,,,,,,,134124.67,1535,87.37763517915309,,,2409769.42,,,,,,,,,,,,,8794332,,,,,,,,,,,,,,,,
2020-11-02,,179.11,,28.68,,,,,,1186.5157,,,,,190.03,,50.75,,,,,,712.24,,,,,264.19,,54.51,,,,,,2387660.24,,,,,193.35,,37.13,,,,,,8793806,,,,,,,,,,,,,,,,
2020-11-03,,,,,,,,,,1207.4452,,,,,,,,,,,,,710.94,,,,,,,,,,,,,2368292.73,,,,,,,,,,,,,8837086,,,,,,,,,,,,,,,,
2020-11-04,,,,,,,,,,1204.7278,,,,,,,,,,,,,708.62,,,,,,,,,,,,,2339542.11,,,,,,,,,,,,,8858442,,,,,,,,,,,,,,,,
2020-11-05,,,,,,,,,,1201.554,,,,,,,,,,,,,708.37,,,,,,,,,,,,,2314592.66,,,,,,,,,,,,,8947815,,,,,,,,,,,,,,,,
2020-11-06,,,,,,,,,,1200.0486,,,,,,,,,,,,,706.07,,,,,,,,,,,,,2345740.33,,,,,,,,,,,,,8932352,,,,,,,,,,,,,,,,
2020-11-07,,,,,,,,,,1198.1171,,,,,,,,,,,,,702.77,,,,,,,,,,,,,2321138.83,,,,,,,,,,,,,8882086,,,,,,,,,,,,,,,,
2020-11-08,,,,,313637.06,3525,88.9750524822695,,,1193.2521,,,,,,,,,,,,,700.61,,,,,,,,109975.81,1263,87.07506730007918,,,2300382.58,,,,,,,,,,,,,8844148,,,,,,,,,,,,,,,,
2020-11-09,,179.2,,25.76,,,,,,1189.7189,,,,,190.2,,47.98,,,,,,699.13,,,,,264,,56.1,,,,,,2362778.84,,,,,193.82,,37.99,,,,,,8851354,,,,,,,,,,,,,,,,
2020-11-10,,,,,,,,,,1188.8188,,,,,,,,,,,,,697.88,,,,,,,,,,,,,,,,,,,,,,,,,,,,,,,,,,,,,,,,,,
2020-11-11,,,,,,,,,,1201.2559,,,,,,,,,,,,,695.71,,,,,,,,,,,,,2336103.43,,,,,,,,,,,,,8852526,,,,,,,,,,,,,,,,
2020-11-12,,,,,,,,,,1206.85,,,,,,,,,,,,,694.09,,,,,,,,,,,,,2308346.08,,,,,,,,,,,,,9032205,,,,,,,,,,,,,,,,
2020-11-13,,,,,,,,,,1200.6181,,,,,,,,,,,,,692,,,,,,,,,,,,,2310240.38,,,,,,,,,,,,,9154371,,,,,,,,,,,,,,,,
2020-11-14,,,,,,,,,,1197.7005,,,,,,,,,,,,,688.43,,,,,,,,,,,,,2287340.73,,,,,,,,,,,,,9093829,,,,,,,,,,,,,,,,
2020-11-15,,,,,366952.89,4066,90.2491121495327,,,1196.5342,,,,,,,,,,,,,685.4,,,,,,,,99670.57,1162,85.77501721170395,,,2265080.36,,,,,,,,,,,,,9035380,,,,,,,,,,,,,,,,
2020-11-16,,178.99,,31.2,,,,,,1208.0146,,,,,190.17,,50.15,,,,,,682.83,,,,,264.34,,59.16,,,,,,2451785.76,,,,,193.85,,41.21,,,,,,8992132,,,,,,,,,,,,,,,,
2020-11-17,,,,,,,,,,1201.9295,,,,,,,,,,,,,678.21,,,,,,,,,,,,,2431569.1,,,,,,,,,,,,,,,,,,,,,,,,,,,,,
2020-11-18,,,,,,,,,,1212.0195,,,,,,,,,,,,,677.43,,,,,,,,,,,,,2408223.77,,,,,,,,,,,,,8901792,,,,,,,,,,,,,,,,
2020-11-19,,,,,,,,,,1225.6338,,,,,,,,,,,,,676.17,,,,,,,,,,,,,2382734.21,,,,,,,,,,,,,8957375,,,,,,,,,,,,,,,,
2020-11-20,,,,,,,,,,1220.7423,,,,,,,,,,,,,673.44,,,,,,,,,,,,,2420681.79,,,,,,,,,,,,,9049367,,,,,,,,,,,,,,,,
2020-11-21,,,,,,,,,,1213.9522,,,,,,,,,,,,,669.57,,,,,,,,,,,,,2544853.64,,,,,,,,,,,,,8980621,,,,,,,,,,,,,,,,
2020-11-22,,,,,380152.14,4170,91.16358273381294,,,1213.2975,,,,,,,,,,,,,670.36,,,,,,,,122096.42,1403,87.02524590163934,,,2525181.1,,,,,,,,,,,,,8952213,,,,,,,,,,,,,,,,
2020-11-23,,179.3,,35,,,,,,1217.5052,,,,,190.61,,52.11,,,,,,668.43,,,,,264.77,,56.76,,,,,,2562172.63,,,,,194.1,,36.94,,,,,,8902650,,,,,,,,,,,,,,,,
2020-11-24,,,,,,,,,,1214.8794,,,,,,,,,,,,,669.38,,,,,,,,,,,,,2596333.75,,,,,,,,,,,,,8930376,,,,,,,,,,,,,,,,
2020-11-25,,,,,,,,,,1218.5964,,,,,,,,,,,,,677.65,,,,,,,,,,,,,2570965.67,,,,,,,,,,,,,8935293,,,,,,,,,,,,,,,,
2020-11-26,,,,,,,,,,1219.7567,,,,,,,,,,,,,680.57,,,,,,,,,,,,,2581399.77,,,,,,,,,,,,,9028273,,,,,,,,,,,,,,,,
2020-11-27,,,,,,,,,,1220.6952,,,,,,,,,,,,,678.21,,,,,,,,,,,,,2687026.26,,,,,,,,,,,,,9220074,,,,,,,,,,,,,,,,
2020-11-28,,,,,,,,,,1218.7937,,,,,,,,,,,,,673.01,,,,,,,,,,,,,2667056.1,,,,,,,,,,,,,9137396,,,,,,,,,,,,,,,,
2020-11-29,,,,,388772.51,4369,88.98432364385442,,,1215.8457,,,,,,,,,,,,,673.06,,,,,,,,123934.19,1441,86.00568355308813,,,2649568.41,,,,,,,,,,,,,9076186,,,,,,,,,,,,,,,,
2020-11-30,817.2,179.09,116.08,38.94,,,,181,1.4,1222.0864,994261.89,49.4893,0,590,191.53,104.98,51.94,,,,242,1.6,676,218509.97,138.8414,89.2124,1186,266.75,119.66,56.07,,,,198,1.4,2640929.5,1008685.25,10.6527,287.8844,874.3,194.67,65.69,44.7,130.4,13836,0.009424689216537,161,1.43,9108927,164.5553,151.0146,113.0567,,,,,3.25,,129.2,121.1,127.00000000000001,-0.5,-0.6,-0.9,-0.2
2020-12-01,,,,,,,,,,1226.9332,,,,,,,,,,,,,681.43,,,,,,,,,,,,,2723570.53,,,,,,,,,,,,,9104764,,,,,,,,,,,,,,,,
2020-12-02,,,,,,,,,,1224.2258,,,,,,,,,,,,,701.7,,,,,,,,,,,,,2842572.22,,,,,,,,,,,,,9101226,,,,,,,,,,,,,,,,
2020-12-03,,,,,,,,,,1221.0095,,,,,,,,,,,,,704.65,,,,,,,,,,,,,2877885.72,,,,,,,,,,,,,9138500,,,,,,,,,,,,,,,,
2020-12-04,,,,,,,,,,1223.4163,,,,,,,,,,,,,721.68,,,,,,,,,,,,,3017598.21,,,,,,,,,,,,,9325202,,,,,,,,,,,,,,,,
2020-12-05,,,,,,,,,,1222.3369,,,,,,,,,,,,,718.86,,,,,,,,,,,,,2998126.96,,,,,,,,,,,,,9261469,,,,,,,,,,,,,,,,
2020-12-06,,,,,357278.45,3966,90.08533787191125,,,1221.7345,,,,,,,,,,,,,717.13,,,,,,,,112378.51,1287,87.31818958818958,,,2979133.79,,,,,,,,,,,,,9217228,,,,,,,,,,,,,,,,
2020-12-07,,179.01,,33.64,,,,,,1237.1299,,,,,191.61,,57,,,,,,723.14,,,,,267.46,,57.24,,,,,,2957535.55,,,,,195,,48.42,,,,,,9199919,,,,,,,,,,,,,,,,
2020-12-08,,,,,,,,,,1235.1911,,,,,,,,,,,,,729.84,,,,,,,,,,,,,2997165.55,,,,,,,,,,,,,9198948,,,,,,,,,,,,,,,,
2020-12-09,,,,,,,,,,1263.195,,,,,,,,,,,,,738.44,,,,,,,,,,,,,2971779.85,,,,,,,,,,,,,9234943,,,,,,,,,,,,,,,,
2020-12-10,,,,,,,,,,1258.2657,,,,,,,,,,,,,742.29,,,,,,,,,,,,,2959019.45,,,,,,,,,,,,,9379249,,,,,,,,,,,,,,,,
2020-12-11,,,,,,,,,,1258.2974,,,,,,,,,,,,,743.21,,,,,,,,,,,,,3143178.37,,,,,,,,,,,,,9383707,,,,,,,,,,,,,,,,
2020-12-12,,,,,,,,,,1256.9211,,,,,,,,,,,,,739.06,,,,,,,,,,,,,3122145.96,,,,,,,,,,,,,9323169,,,,,,,,,,,,,,,,
2020-12-13,,,,,397565.98,4356,91.26859044995409,,,1256.3126,,,,,,,,,,,,,734.95,,,,,,,,123784.09,1415,87.4799222614841,,,3098690.28,,,,,,,,,,,,,9280041,,,,,,,,,,,,,,,,
2020-12-14,,178.99,,41.51,,,,,,1240.1466,,,,,192.24,,59.58,,,,,,744.06,,,,,268.31,,59.87,,,,,,3075980.47,,,,,195.58,,47.25,,,,,,9406128,,,,,,,,,,,,,,,,
2020-12-15,,,,,,,,,,1251.4955,,,,,,,,,,,,,751.93,,,,,,,,,,,,,3054487.38,,,,,,,,,,,,,9392825,,,,,,,,,,,,,,,,
2020-12-16,,,,,,,,,,1256.1891,,,,,,,,,,,,,749.47,,,,,,,,,,,,,3114972.88,,,,,,,,,,,,,9364997,,,,,,,,,,,,,,,,
2020-12-17,,,,,,,,,,1253.6378,,,,,,,,,,,,,750.69,,,,,,,,,,,,,3103187.02,,,,,,,,,,,,,9341142,,,,,,,,,,,,,,,,
2020-12-18,,,,,,,,,,1271.4417,,,,,,,,,,,,,746.23,,,,,,,,,,,,,3158892.71,,,,,,,,,,,,,,,,,,,,,,,,,,,,,
2020-12-19,,,,,,,,,,1268.2737,,,,,,,,,,,,,740.05,,,,,,,,,,,,,3147505.51,,,,,,,,,,,,,,,,,,,,,,,,,,,,,
2020-12-20,,,,,402557.77,4458,90.30008299685957,,,1266.29,,,,,,,,,,,,,734.61,,,,,,,,132746.9,1556,85.3129177377892,,,3136891.15,,,,,,,,,,,,,,,,,,,,,,,,,,,,,
2020-12-21,,179.07,,39.8,,,,,,1267.0367,,,,,193.64,,62.58,,,,,,733.74,,,,,268.55,,60.84,,,,,,3124972.59,,,,,195.62,,46.9,,,,,,9430043,,,,,,,,,,,,,,,,
2020-12-22,,,,,,,,,,1294.6969,,,,,,,,,,,,,730.19,,,,,,,,,,,,,3109172.65,,,,,,,,,,,,,9428712,,,,,,,,,,,,,,,,
2020-12-23,,,,,,,,,,1290.2354,,,,,,,,,,,,,726.49,,,,,,,,,,,,,3125953.05,,,,,,,,,,,,,9419770,,,,,,,,,,,,,,,,
2020-12-24,,,,,,,,,,1296.785,,,,,,,,,,,,,719.48,,,,,,,,,,,,,3107800.61,,,,,,,,,,,,,9411720,,,,,,,,,,,,,,,,
2020-12-25,,,,,,,,,,1300.0987,,,,,,,,,,,,,711.78,,,,,,,,,,,,,3140682.82,,,,,,,,,,,,,9552085,,,,,,,,,,,,,,,,
2020-12-26,,,,,,,,,,1290.711,,,,,,,,,,,,,701.27,,,,,,,,,,,,,3130521.12,,,,,,,,,,,,,9466542,,,,,,,,,,,,,,,,
2020-12-27,,,,,421343.45,4719,89.28659673659674,,,1282.2828,,,,,,,,,,,,,694.41,,,,,,,,148631.25,1678,88.57643027413587,,,3121091.92,,,,,,,,,,,,,9405590,,,,,,,,,,,,,,,,
2020-12-28,,179.14,,41.58,,,,,,1281.5768,,,,,193.9,,67.35,,,,,,691.66,,,,,269.1,,60.09,,,,,,3106494.36,,,,,195.5,,51.3,,,,,,9487590,,,,,,,,,,,,,,,,
2020-12-29,,,,,,,,,,1283.8953,,,,,,,,,,,,,686.43,,,,,,,,,,,,,3111766.44,,,,,,,,,,,,,9489580,,,,,,,,,,,,,,,,
2020-12-30,,,,,,,,,,1278.3107,,,,,,,,,,,,,689.42,,,,,,,,,,,,,3097098.66,,,,,,,,,,,,,9409691,,,,,,,,,,,,,,,,
2020-12-31,824,,110.99,,,,,179,1.37,1249.411,1553637.95,89.9905,89.164,593,,85.48,,,,,244,1.6,690.67,1025595.17,436.9101,120.5352,1208,,123.83,,,,,196,1.2,3127553.17,906382.98,0,10.6527,883,,69.26,,128.52,13754,0.009344190780864,161,1.41,9522523,206.8423,76.9352,200.5387,3.8,3.8,5,2.4,3.25,5.34,127.2,118.9,125.2,0.2,0.7,-0.8,-0.1
2021-01-01,,,,,,,,,,1217.8987,,,,,,,,,,,,,684.72,,,,,,,,,,,,,3079545.23,,,,,,,,,,,,,9490135,,,,,,,,,,,,,,,,
2021-01-02,,,,,,,,,,1217.8818,,,,,,,,,,,,,677.92,,,,,,,,,,,,,3051318.52,,,,,,,,,,,,,9469934,,,,,,,,,,,,,,,,
2021-01-03,,,,,422351.26,4761,88.71061961772737,,,1217.8456,,,,,,,,,,,,,673.69,,,,,,,,106308.56,1210,87.85831404958678,,,3026423.21,,,,,,,,,,,,,9451867,,,,,,,,,,,,,,,,
2021-01-04,,179.39,,47,,,,,,1231.8075,,,,,195.12,,71.89,,,,,,686.92,,,,,271.44,,60.72,,,,,,3038608.98,,,,,197.05,,58.74,,,,,,9448529,,,,,,,,,,,,,,,,
2021-01-05,,,,,,,,,,1240.6588,,,,,,,,,,,,,685.67,,,,,,,,,,,,,3011523.61,,,,,,,,,,,,,9423931,,,,,,,,,,,,,,,,
2021-01-06,,,,,,,,,,1239.9907,,,,,,,,,,,,,701.76,,,,,,,,,,,,,3037494.64,,,,,,,,,,,,,9387308,,,,,,,,,,,,,,,,
2021-01-07,,,,,,,,,,1237.5115,,,,,,,,,,,,,699.98,,,,,,,,,,,,,3002316.37,,,,,,,,,,,,,9353182,,,,,,,,,,,,,,,,
2021-01-08,,,,,,,,,,1225.9122,,,,,,,,,,,,,705.4,,,,,,,,,,,,,2967238.81,,,,,,,,,,,,,9324413,,,,,,,,,,,,,,,,
2021-01-09,,,,,,,,,,1225.0919,,,,,,,,,,,,,,,,,,,,,,,,,,2940467.85,,,,,,,,,,,,,9257954,,,,,,,,,,,,,,,,
2021-01-10,,,,,229532.73,2495,91.9970861723447,,,1223.6924,,,,,,,,,,,,,699.01,,,,,,,,104679.42,1255,83.40989641434263,,,2912839.7,,,,,,,,,,,,,9214797,,,,,,,,,,,,,,,,
2021-01-11,,179.44,,40.21,,,,,,1207.9614,,,,,195.62,,75.42,,,,,,701.3,,,,,272.26,,64.35,,,,,,2885644.45,,,,,197.15,,61.16,,,,,,9188316,,,,,,,,,,,,,,,,
2021-01-12,,,,,,,,,,1219.4733,,,,,,,,,,,,,708.8,,,,,,,,,,,,,2863170.52,,,,,,,,,,,,,9162478,,,,,,,,,,,,,,,,
2021-01-13,,,,,,,,,,1224.5122,,,,,,,,,,,,,709.28,,,,,,,,,,,,,2834599.9,,,,,,,,,,,,,9160186,,,,,,,,,,,,,,,,
2021-01-14,,,,,,,,,,1218.7333,,,,,,,,,,,,,705.56,,,,,,,,,,,,,2807166.08,,,,,,,,,,,,,9179279,,,,,,,,,,,,,,,,
2021-01-15,,,,,,,,,,1221.4413,,,,,,,,,,,,,702.53,,,,,,,,,,,,,2726452.23,,,,,,,,,,,,,9245019,,,,,,,,,,,,,,,,
2021-01-16,,,,,,,,,,1218.8013,,,,,,,,,,,,,697.91,,,,,,,,,,,,,2704784.91,,,,,,,,,,,,,9189420,,,,,,,,,,,,,,,,
2021-01-17,,,,,351734.09,3844,91.502104578564,,,1217.4875,,,,,,,,,,,,,694.05,,,,,,,,146066.09,1742,83.84964982778416,,,2677774.32,,,,,,,,,,,,,9157680,,,,,,,,,,,,,,,,
2021-01-18,,179.56,,46.15,,,,,,1223.2033,,,,,196.23,,78.04,,,,,,622.3,,,,,272.99,,69.07,,,,,,2830625.1,,,,,197.35,,59.69,,,,,,9177946,,,,,,,,,,,,,,,,
2021-01-19,,,,,,,,,,1223.6255,,,,,,,,,,,,,693.25,,,,,,,,,,,,,2802750.77,,,,,,,,,,,,,9223989,,,,,,,,,,,,,,,,
2021-01-20,,,,,,,,,,1227.0296,,,,,,,,,,,,,690.73,,,,,,,,,,,,,2766808.07,,,,,,,,,,,,,9187242,,,,,,,,,,,,,,,,
2021-01-21,,,,,,,,,,1222.3525,,,,,,,,,,,,,692.98,,,,,,,,,,,,,2731932.64,,,,,,,,,,,,,9238341,,,,,,,,,,,,,,,,
2021-01-22,,,,,,,,,,1267.6711,,,,,,,,,,,,,687.24,,,,,,,,,,,,,2736099.13,,,,,,,,,,,,,9221961,,,,,,,,,,,,,,,,
2021-01-23,,,,,,,,,,1257.4371,,,,,,,,,,,,,679.85,,,,,,,,,,,,,2710119.85,,,,,,,,,,,,,9142048,,,,,,,,,,,,,,,,
2021-01-24,,,,,425038.39,4635,91.70191801510248,,,1255.3845,,,,,,,,,,,,,674.51,,,,,,,,164010.37,1956,83.84988241308794,,,2682818.6,,,,,,,,,,,,,9088518,,,,,,,,,,,,,,,,
2021-01-25,,179.75,,61.32,,,,,,1237.8901,,,,,196.72,,79.46,,,,,,671.74,,,,,273.82,,67.96,,,,,,2699243.97,,,,,197.52,,66.07,,,,,,9058110,,,,,,,,,,,,,,,,
2021-01-26,,,,,,,,,,1237.6361,,,,,,,,,,,,,665.47,,,,,,,,,,,,,2731996.02,,,,,,,,,,,,,9023940,,,,,,,,,,,,,,,,
2021-01-27,,,,,,,,,,1256.3528,,,,,,,,,,,,,655.04,,,,,,,,,,,,,2703299.87,,,,,,,,,,,,,9052144,,,,,,,,,,,,,,,,
2021-01-28,,,,,,,,,,1257.7606,,,,,,,,,,,,,646.73,,,,,,,,,,,,,2922873.76,,,,,,,,,,,,,9023486,,,,,,,,,,,,,,,,
2021-01-29,,,,,,,,,,1255.757,,,,,,,,,,,,,639.1,,,,,,,,,,,,,2893643.34,,,,,,,,,,,,,8992275,,,,,,,,,,,,,,,,
2021-01-30,,,,,,,,,,1243.1194,,,,,,,,,,,,,626.65,,,,,,,,,,,,,2873316.21,,,,,,,,,,,,,8906433,,,,,,,,,,,,,,,,
2021-01-31,832.1,,96.26,,493389.8,5577,88.46867491482877,178,1.35,1235.6924,750940.87,0,57.9422,602,,50.8,,,,,246,1.59,620.96,918978.6,62.3268,369.7648,1232,,103.84,,175414.55,2055,85.35987834549879,196,1.18,2851310.05,504137.53,20.033,0,897.8,,52.53,,124.54,13064,0.009533067973056,161,1.39,8856542,100.0304,57.0171,22.8674,,,,,3.25,,127.7,121.5,126,-0.3,1,-0.7,-0.1
2021-02-01,,180.22,,,,,,,,1238.3717,,,,,198.78,,,,,,,,615.88,,,,,276.47,,,,,,,,2834255.22,,,,,198.17,,,,,,,,8833557,,,,,,,,,,,,,,,,
2021-02-02,,,,,,,,,,1234.914,,,,,,,,,,,,,610.86,,,,,,,,,,,,,2818222.09,,,,,,,,,,,,,8828275,,,,,,,,,,,,,,,,
2021-02-03,,,,,,,,,,1229.2692,,,,,,,,,,,,,608.72,,,,,,,,,,,,,2796410.81,,,,,,,,,,,,,8843202,,,,,,,,,,,,,,,,
2021-02-04,,,,,,,,,,1229.3721,,,,,,,,,,,,,603.4,,,,,,,,,,,,,2776623.35,,,,,,,,,,,,,8867924,,,,,,,,,,,,,,,,
2021-02-05,,,,,,,,,,1224.5277,,,,,,,,,,,,,599.93,,,,,,,,,,,,,2756085.68,,,,,,,,,,,,,8921978,,,,,,,,,,,,,,,,
2021-02-06,,,,,,,,,,1217.3344,,,,,,,,,,,,,595.42,,,,,,,,,,,,,2739825.69,,,,,,,,,,,,,8872441,,,,,,,,,,,,,,,,
2021-02-07,,,,,500253.88,5716,87.51817354793562,,,1221.913,,,,,,,,,,,,,593.86,,,,,,,,183498.53,2132,86.06872889305816,,,2727920.63,,,,,,,,,,,,,8884540,,,,,,,,,,,,,,,,
2021-02-08,,179.93,,69.23,,,,,,1221.8787,,,,,198.72,,73.51,,,,,,600.46,,,,,276.12,,69.3,,,,,,,,,,,198.65,,61.99,,,,,,8880297,,,,,,,,,,,,,,,,
2021-02-09,,,,,,,,,,1217.0801,,,,,,,,,,,,,591.91,,,,,,,,,,,,,,,,,,,,,,,,,,8909807,,,,,,,,,,,,,,,,
2021-02-10,,,,,,,,,,1216.7994,,,,,,,,,,,,,601.6,,,,,,,,,,,,,,,,,,,,,,,,,,8901661,,,,,,,,,,,,,,,,
2021-02-11,,,,,,,,,,,,,,,,,,,,,,,601.63,,,,,,,,,,,,,,,,,,,,,,,,,,8901192,,,,,,,,,,,,,,,,
2021-02-12,,,,,,,,,,,,,,,,,,,,,,,601.8,,,,,,,,,,,,,,,,,,,,,,,,,,8901104,,,,,,,,,,,,,,,,
2021-02-13,,,,,,,,,,,,,,,,,,,,,,,601.84,,,,,,,,,,,,,,,,,,,,,,,,,,8900827,,,,,,,,,,,,,,,,
2021-02-14,,,,,113790.7,1269,89.66958234830575,,,,,,,,,,,,,,,,602.12,,,,,,,,,,,,,,,,,,,,,,,,,,8899929,,,,,,,,,,,,,,,,
2021-02-15,,180.58,,44.44,,,,,,,,,,,199.3,,,,,,,,602.01,,,,,273.84,,66.29,,,,,,,,,,,199.85,,,,,,,,8898769,,,,,,,,,,,,,,,,
2021-02-16,,,,,,,,,,,,,,,,,,,,,,,601.81,,,,,,,,,,,,,,,,,,,,,,,,,,8897150,,,,,,,,,,,,,,,,
2021-02-17,,,,,,,,,,,,,,,,,,,,,,,601.92,,,,,,,,,,,,,2712712.97,,,,,,,,,,,,,8895906,,,,,,,,,,,,,,,,
2021-02-18,,,,,,,,,,1222.9771,,,,,,,,,,,,,601.61,,,,,,,,,,,,,2785084.89,,,,,,,,,,,,,8889254,,,,,,,,,,,,,,,,
2021-02-19,,,,,,,,,,1220.5446,,,,,,,,,,,,,601.16,,,,,,,,,,,,,2785184.05,,,,,,,,,,,,,8872663,,,,,,,,,,,,,,,,
2021-02-20,,,,,,,,,,1217.7743,,,,,,,,,,,,,598.97,,,,,,,,,,,,,2763147.52,,,,,,,,,,,,,8849823,,,,,,,,,,,,,,,,
2021-02-21,,,,,124582.3,1402,88.86041369472183,,,1210.1543,,,,,,,,,,,,,596.05,,,,,,,,30027.89,375,80.07437333333333,,,2738442.24,,,,,,,,,,,,,8828197,,,,,,,,,,,,,,,,
2021-02-22,,180.75,,48.15,,,,,,1218.4396,,,,,199.5,,71.08,,,,,,594.18,,,,,269.22,,62.38,,,,,,2715740.71,,,,,199.86,,68.32,,,,,,8802251,,,,,,,,,,,,,,,,
2021-02-23,,,,,,,,,,1213.6063,,,,,,,,,,,,,592.22,,,,,,,,,,,,,2696433.46,,,,,,,,,,,,,8778682,,,,,,,,,,,,,,,,
2021-02-24,,,,,,,,,,,,,,,,,,,,,,,590.79,,,,,,,,,,,,,2780237.96,,,,,,,,,,,,,8754393,,,,,,,,,,,,,,,,
2021-02-25,,,,,,,,,,1202.8225,,,,,,,,,,,,,587.18,,,,,,,,,,,,,2758093.84,,,,,,,,,,,,,8718517,,,,,,,,,,,,,,,,
2021-02-26,,,,,,,,,,1203.7363,,,,,,,,,,,,,583.79,,,,,,,,,,,,,2736875.85,,,,,,,,,,,,,8692495,,,,,,,,,,,,,,,,
2021-02-27,,,,,,,,,,1201.8328,,,,,,,,,,,,,577.31,,,,,,,,,,,,,2713797.75,,,,,,,,,,,,,8628252,,,,,,,,,,,,,,,,
2021-02-28,843,,56.98,,399496.9,4513,88.52136051407047,180,1.35,1220.8273,525406.57,0,26.2859,620,,25.38,,,,,250,1.57,573.07,269705.46,0,146.2849,1263,,26.77,,99545.7,1225,81.26179591836734,194,1.14,,179755.82,0,20.033,910,,26.27,,110.63,11722,0.009437809247569,163,1.39,8590698,38.1847,28.5141,62.3359,,,,,3.25,,132.8,124.2,131,-0.2,0.6,-0.3,0.2
2021-03-01,,181.02,,60,,,,,,1216.0499,,,,,201.76,,70.13,,,,,,570.67,,,,,266.33,,62.52,,,,,,2683254.83,,,,,201.29,,60.53,,,,,,8566478,,,,,,,,,,,,,,,,
2021-03-02,,,,,,,,,,1213.2039,,,,,,,,,,,,,564.14,,,,,,,,,,,,,2660930.63,,,,,,,,,,,,,8544953,,,,,,,,,,,,,,,,
2021-03-03,,,,,,,,,,1210.6983,,,,,,,,,,,,,561.3,,,,,,,,,,,,,2638166.76,,,,,,,,,,,,,8518491,,,,,,,,,,,,,,,,
2021-03-04,,,,,,,,,,1211.3222,,,,,,,,,,,,,557.91,,,,,,,,,,,,,2616614.39,,,,,,,,,,,,,8505464,,,,,,,,,,,,,,,,
2021-03-05,,,,,,,,,,1205.7673,,,,,,,,,,,,,554.25,,,,,,,,,,,,,2591976,,,,,,,,,,,,,8497997,,,,,,,,,,,,,,,,
2021-03-06,,,,,,,,,,1203.8842,,,,,,,,,,,,,545.72,,,,,,,,,,,,,2573833.69,,,,,,,,,,,,,8445653,,,,,,,,,,,,,,,,
2021-03-07,,,,,350311.46,3929,89.16046322219394,,,1203.0261,,,,,,,,,,,,,538.26,,,,,,,,126504.66,1542,82.03933852140078,,,2557443.86,,,,,,,,,,,,,8416140,,,,,,,,,,,,,,,,
2021-03-08,,181.39,,55.3,,,,,,1208.294,,,,,202.36,,66.5,,,,,,533.61,,,,,264.97,,63.37,,,,,,2538125.53,,,,,200.67,,63.07,,,,,,8398794,,,,,,,,,,,,,,,,
2021-03-09,,,,,,,,,,1199.4237,,,,,,,,,,,,,530.78,,,,,,,,,,,,,2521087.55,,,,,,,,,,,,,8375972,,,,,,,,,,,,,,,,
2021-03-10,,,,,,,,,,1199.7741,,,,,,,,,,,,,,,,,,,,,,,,,,2500232.81,,,,,,,,,,,,,8367144,,,,,,,,,,,,,,,,
2021-03-11,,,,,,,,,,1201.0183,,,,,,,,,,,,,,,,,,,,,,,,,,2476054.21,,,,,,,,,,,,,8333670,,,,,,,,,,,,,,,,
2021-03-12,,,,,,,,,,1198.2575,,,,,,,,,,,,,,,,,,,,,,,,,,2432049.3,,,,,,,,,,,,,8371484,,,,,,,,,,,,,,,,
2021-03-13,,,,,,,,,,1196.5827,,,,,,,,,,,,,,,,,,,,,,,,,,2411582.13,,,,,,,,,,,,,8305416,,,,,,,,,,,,,,,,
2021-03-14,,,,,421986.94,4728,89.25273688663283,,,1192.4078,,,,,,,,,,,,,,,,,,,,,135397.52,1643,82.40871576384662,,,2394319.7,,,,,,,,,,,,,8271742,,,,,,,,,,,,,,,,
2021-03-15,,181.77,,47.12,,,,,,1207.4345,,,,,202.59,,65.12,,,,,,558.65,,,,,265.88,,61.06,,,,,,2373684.7,,,,,201.38,,58.42,,,,,,8255741,,,,,,,,,,,,,,,,
2021-03-16,,,,,,,,,,1205.3758,,,,,,,,,,,,,511.37,,,,,,,,,,,,,2397751.72,,,,,,,,,,,,,8269782,,,,,,,,,,,,,,,,
2021-03-17,,,,,,,,,,1207.0778,,,,,,,,,,,,,509.3,,,,,,,,,,,,,2380224.9,,,,,,,,,,,,,8256519,,,,,,,,,,,,,,,,
2021-03-18,,,,,,,,,,1199.6682,,,,,,,,,,,,,513.88,,,,,,,,,,,,,,,,,,,,,,,,,,8311170,,,,,,,,,,,,,,,,
2021-03-19,,,,,,,,,,1201.3921,,,,,,,,,,,,,524.65,,,,,,,,,,,,,,,,,,,,,,,,,,8391896,,,,,,,,,,,,,,,,
2021-03-20,,,,,,,,,,1198.6964,,,,,,,,,,,,,520.06,,,,,,,,,,,,,,,,,,,,,,,,,,8329766,,,,,,,,,,,,,,,,
2021-03-21,,,,,424277.42,4824,87.95137230514096,,,1192.6584,,,,,,,,,,,,,523.11,,,,,,,,105774.86,1243,85.09642799678198,,,2305828.55,,,,,,,,,,,,,8300489,,,,,,,,,,,,,,,,
2021-03-22,,181.66,,49.58,,,,,,1208.7969,,,,,203.25,,63.48,,,,,,527.65,,,,,265.33,,58.76,,,,,,2289964.87,,,,,201.67,,60.61,,,,,,8296779,,,,,,,,,,,,,,,,
2021-03-23,,,,,,,,,,1210.9616,,,,,,,,,,,,,534.3,,,,,,,,,,,,,2271113.1,,,,,,,,,,,,,8302392,,,,,,,,,,,,,,,,
2021-03-24,,,,,,,,,,1199.946,,,,,,,,,,,,,537.48,,,,,,,,,,,,,2247410.12,,,,,,,,,,,,,8355222,,,,,,,,,,,,,,,,
2021-03-25,,,,,,,,,,1192.1814,,,,,,,,,,,,,543.19,,,,,,,,,,,,,2224096.13,,,,,,,,,,,,,8317374,,,,,,,,,,,,,,,,
2021-03-26,,,,,,,,,,1198.3381,,,,,,,,,,,,,548.32,,,,,,,,,,,,,2203806.46,,,,,,,,,,,,,8365394,,,,,,,,,,,,,,,,
2021-03-27,,,,,,,,,,1196.067,,,,,,,,,,,,,544.44,,,,,,,,,,,,,2190157.98,,,,,,,,,,,,,8312263,,,,,,,,,,,,,,,,
2021-03-28,,,,,445704.5,4987,89.3732705033086,,,1195.0048,,,,,,,,,,,,,541.18,,,,,,,,119181.01,1349,88.34767234988881,,,2178274.31,,,,,,,,,,,,,8276061,,,,,,,,,,,,,,,,
2021-03-29,,182.39,,47.45,,,,,,1193.1974,,,,,206.48,,60.09,,,,,,,,,,,265.33,,55.11,,,,,,2165104.5,,,,,202.35,,63.73,,,,,,8257521,,,,,,,,,,,,,,,,
2021-03-30,,,,,,,,,,1196.4193,,,,,,,,,,,,,,,,,,,,,,,,,,2147095.87,,,,,,,,,,,,,8384485,,,,,,,,,,,,,,,,
2021-03-31,865,,91.38,,,,,183,1.34,1202.2355,590753.88,344.9842,0,639,,35.12,,,,,252,1.53,540.21,345089.77,0,0,1285,,38.13,,,,,193,1.11,2166133.39,98132.58,0,0,927,,35.26,,108.08,11672,0.009259766963674,163,1.37,8366822,43.0551,850.2281,28.5141,9.6,,14.6,9.5,3.25,5.37,128.1,119,126.7,0.4,-0.5,0,0.3
2021-04-01,,,,,,,,,,1217.8007,,,,,,,,,,,,,541.62,,,,,,,,,,,,,2165498.36,,,,,,,,,,,,,8349613,,,,,,,,,,,,,,,,
2021-04-02,,,,,,,,,,1215.4231,,,,,,,,,,,,,542.75,,,,,,,,,,,,,2165923.61,,,,,,,,,,,,,8370236,,,,,,,,,,,,,,,,
2021-04-03,,,,,,,,,,1208.8793,,,,,,,,,,,,,544.68,,,,,,,,,,,,,2147195.78,,,,,,,,,,,,,8338262,,,,,,,,,,,,,,,,
2021-04-04,,,,,455397.59,5210,87.40836660268714,,,1206.0836,,,,,,,,,,,,,544.27,,,,,,,,102812.92,1188,86.54286195286195,,,2133286.86,,,,,,,,,,,,,8328190,,,,,,,,,,,,,,,,
2021-04-05,,182.73,,41.18,,,,,,1205.8528,,,,,207.35,,57.03,,,,,,543.18,,,,,265.75,,54.65,,,,,,2123737.96,,,,,203.24,,56.69,,,,,,8314038,,,,,,,,,,,,,,,,
2021-04-06,,,,,,,,,,1204.4318,,,,,,,,,,,,,547.93,,,,,,,,,,,,,2111546.56,,,,,,,,,,,,,8347067,,,,,,,,,,,,,,,,
2021-04-07,,,,,,,,,,1205.411,,,,,,,,,,,,,547.88,,,,,,,,,,,,,2099367.03,,,,,,,,,,,,,8349399,,,,,,,,,,,,,,,,
2021-04-08,,,,,,,,,,1201.2343,,,,,,,,,,,,,549.15,,,,,,,,,,,,,2082495.21,,,,,,,,,,,,,8390866,,,,,,,,,,,,,,,,
2021-04-09,,,,,,,,,,1207.165,,,,,,,,,,,,,547.91,,,,,,,,,,,,,2066627.46,,,,,,,,,,,,,8491356,,,,,,,,,,,,,,,,
2021-04-10,,,,,,,,,,1205.2603,,,,,,,,,,,,,544.97,,,,,,,,,,,,,2051569.12,,,,,,,,,,,,,8449176,,,,,,,,,,,,,,,,
2021-04-11,,,,,315966.25,3485,90.66463414634147,,,1204.4329,,,,,,,,,,,,,543.85,,,,,,,,88083.5,995,88.52613065326634,,,2036277.54,,,,,,,,,,,,,8421289,,,,,,,,,,,,,,,,
2021-04-12,,182.84,,43.8,,,,,,1225.2256,,,,,207.86,,56.03,,,,,,543.85,,,,,265.59,,58.22,,,,,,2122522.39,,,,,203.52,,55.87,,,,,,8454414,,,,,,,,,,,,,,,,
2021-04-13,,,,,,,,,,1222.8076,,,,,,,,,,,,,540.93,,,,,,,,,,,,,2108189.74,,,,,,,,,,,,,8430732,,,,,,,,,,,,,,,,
2021-04-14,,,,,,,,,,1233.0444,,,,,,,,,,,,,539.76,,,,,,,,,,,,,2095161,,,,,,,,,,,,,8449141,,,,,,,,,,,,,,,,
2021-04-15,,,,,,,,,,1216.3009,,,,,,,,,,,,,538.03,,,,,,,,,,,,,2084969.33,,,,,,,,,,,,,8476034,,,,,,,,,,,,,,,,
2021-04-16,,,,,,,,,,1227.3951,,,,,,,,,,,,,535.65,,,,,,,,,,,,,2073108.08,,,,,,,,,,,,,8512844,,,,,,,,,,,,,,,,
2021-04-17,,,,,,,,,,,,,,,,,,,,,,,532.02,,,,,,,,,,,,,2062777.78,,,,,,,,,,,,,8465758,,,,,,,,,,,,,,,,
2021-04-18,,,,,435183.09,4697,92.65128592718757,,,1201.04,,,,,,,,,,,,,527.22,,,,,,,,112256.95,1276,87.97566614420063,,,2054095.87,,,,,,,,,,,,,8435320,,,,,,,,,,,,,,,,
2021-04-19,,182.84,,49.14,,,,,,1211.0986,,,,,208.29,,55.71,,,,,,524.87,,,,,265.74,,57.49,,,,,,2042117.12,,,,,203.89,,48.6,,,,,,8446637,,,,,,,,,,,,,,,,
2021-04-20,,,,,,,,,,1217.3508,,,,,,,,,,,,,524.9,,,,,,,,,,,,,2032226.45,,,,,,,,,,,,,8490399,,,,,,,,,,,,,,,,
2021-04-21,,,,,,,,,,1209.3147,,,,,,,,,,,,,532.15,,,,,,,,,,,,,2022385.97,,,,,,,,,,,,,8481326,,,,,,,,,,,,,,,,
2021-04-22,,,,,,,,,,1258.1279,,,,,,,,,,,,,529.43,,,,,,,,,,,,,2007455.47,,,,,,,,,,,,,8500315,,,,,,,,,,,,,,,,
2021-04-23,,,,,,,,,,1254.4213,,,,,,,,,,,,,529.43,,,,,,,,,,,,,1995351.89,,,,,,,,,,,,,8633953,,,,,,,,,,,,,,,,
2021-04-24,,,,,,,,,,1249.4279,,,,,,,,,,,,,529.43,,,,,,,,,,,,,1985226.65,,,,,,,,,,,,,8565801,,,,,,,,,,,,,,,,
2021-04-25,,,,,488818.6,5402,90.4884487226953,,,1244.0801,,,,,,,,,,,,,529.43,,,,,,,,123095.5,1294,95.12789799072642,,,1974301.44,,,,,,,,,,,,,8545265,,,,,,,,,,,,,,,,
2021-04-26,,183.23,,42.99,,,,,,1235.5798,,,,,210.76,,55.63,,,,,,529.43,,,,,265.33,,57.82,,,,,,1964316.79,,,,,205.89,,53.01,,,,,,8549069,,,,,,,,,,,,,,,,
2021-04-27,,,,,,,,,,1233.6176,,,,,,,,,,,,,529.43,,,,,,,,,,,,,1953445.96,,,,,,,,,,,,,8613802,,,,,,,,,,,,,,,,
2021-04-28,,,,,,,,,,1240.6025,,,,,,,,,,,,,529.43,,,,,,,,,,,,,1941637.37,,,,,,,,,,,,,8759201,,,,,,,,,,,,,,,,
2021-04-29,,,,,,,,,,1234.8709,,,,,,,,,,,,,529.43,,,,,,,,,,,,,1931910.73,,,,,,,,,,,,,8915190,,,,,,,,,,,,,,,,
2021-04-30,888,,79.13,,,,,185,1.31,1231.1893,731178.78,0,9.268,658,,42.05,,,,,255,1.51,517.96,1269000.03,0,0,1305,,32.97,,,,,194,1.1,,155107.46,53.212,0,944,,50.98,,118.71,12687,0.009356821943722,166,1.36,9030644,113.9896,0,787.5517,,,,,3.25,,127.6,118.2,125.9,0.9,-0.3,0.2,0.1
2021-05-01,,,,,,,,,,1224.0456,,,,,,,,,,,,,517.96,,,,,,,,,,,,,1950325.9,,,,,,,,,,,,,9007691,,,,,,,,,,,,,,,,
2021-05-02,,,,,446246.86,4891,91.23836843181354,,,1223.7108,,,,,,,,,,,,,517.96,,,,,,,,63732.63,699,91.1768669527897,,,1942764.34,,,,,,,,,,,,,8993025,,,,,,,,,,,,,,,,
2021-05-03,,184,,40,,,,,,1223.5871,,,,,214,,54.98,,,,,,517.96,,,,,264.93,,55.43,,,,,,1939174.48,,,,,207.77,,51.28,,,,,,8981699,,,,,,,,,,,,,,,,
2021-05-04,,,,,,,,,,1223.3694,,,,,,,,,,,,,,,,,,,,,,,,,,1934506.15,,,,,,,,,,,,,8969700,,,,,,,,,,,,,,,,
2021-05-05,,,,,,,,,,1223.1707,,,,,,,,,,,,,517.96,,,,,,,,,,,,,1929326.42,,,,,,,,,,,,,8916817,,,,,,,,,,,,,,,,
2021-05-06,,,,,,,,,,1228.4074,,,,,,,,,,,,,514.9,,,,,,,,,,,,,1949723.6,,,,,,,,,,,,,8889287,,,,,,,,,,,,,,,,
2021-05-07,,,,,,,,,,1222.1561,,,,,,,,,,,,,538.99,,,,,,,,,,,,,1938181.04,,,,,,,,,,,,,8855782,,,,,,,,,,,,,,,,
2021-05-08,,,,,,,,,,1222.1526,,,,,,,,,,,,,580.17,,,,,,,,,,,,,1930302.77,,,,,,,,,,,,,8807364,,,,,,,,,,,,,,,,
2021-05-09,,,,,218284.66,2345,93.08514285714286,,,1219.7445,,,,,,,,,,,,,579.25,,,,,,,,34225.67,390,87.7581282051282,,,1916150.43,,,,,,,,,,,,,8736894,,,,,,,,,,,,,,,,
2021-05-10,,184.2,,48.65,,,,,,1217.5442,,,,,214.5,,55.31,,,,,,579.03,,,,,265.12,,51.45,,,,,,1906434.5,,,,,208.66,,53.38,,,,,,8712463,,,,,,,,,,,,,,,,
2021-05-11,,,,,,,,,,1214.9229,,,,,,,,,,,,,595.53,,,,,,,,,,,,,1894448.05,,,,,,,,,,,,,8709638,,,,,,,,,,,,,,,,
2021-05-12,,,,,,,,,,1215.259,,,,,,,,,,,,,594.92,,,,,,,,,,,,,1885105.86,,,,,,,,,,,,,8718039,,,,,,,,,,,,,,,,
2021-05-13,,,,,,,,,,1211.1969,,,,,,,,,,,,,594.87,,,,,,,,,,,,,1875821.74,,,,,,,,,,,,,8697846,,,,,,,,,,,,,,,,
2021-05-14,,,,,,,,,,1210.2928,,,,,,,,,,,,,593.65,,,,,,,,,,,,,1866661.32,,,,,,,,,,,,,8716404,,,,,,,,,,,,,,,,
2021-05-15,,,,,,,,,,1208.8499,,,,,,,,,,,,,596.1,,,,,,,,,,,,,1855670.68,,,,,,,,,,,,,8665720,,,,,,,,,,,,,,,,
2021-05-16,,,,,449254.25,4938,90.97898946942082,,,1205.4633,,,,,,,,,,,,,594.95,,,,,,,,75087.29,850,88.33798823529412,,,1844833.04,,,,,,,,,,,,,8639973,,,,,,,,,,,,,,,,
2021-05-17,,184.35,,40.2,,,,,,1209.9304,,,,,214.52,,56.31,,,,,,594.96,,,,,264.76,,54.79,,,,,,1835098.16,,,,,208.44,,54.1,,,,,,8626943,,,,,,,,,,,,,,,,
2021-05-18,,,,,,,,,,1211.0431,,,,,,,,,,,,,597.79,,,,,,,,,,,,,1826502.75,,,,,,,,,,,,,8680900,,,,,,,,,,,,,,,,
2021-05-19,,,,,,,,,,1207.2338,,,,,,,,,,,,,597.79,,,,,,,,,,,,,1815897.06,,,,,,,,,,,,,8678090,,,,,,,,,,,,,,,,
2021-05-20,,,,,,,,,,1206.3642,,,,,,,,,,,,,597.79,,,,,,,,,,,,,1806472.59,,,,,,,,,,,,,8644072,,,,,,,,,,,,,,,,
2021-05-21,,,,,,,,,,1207.9735,,,,,,,,,,,,,597.79,,,,,,,,,,,,,1901791.93,,,,,,,,,,,,,8689108,,,,,,,,,,,,,,,,
2021-05-22,,,,,,,,,,1204.4402,,,,,,,,,,,,,597.79,,,,,,,,,,,,,1891647.94,,,,,,,,,,,,,8651409,,,,,,,,,,,,,,,,
2021-05-23,,,,,450152.66,4956,90.82983454398709,,,1200.5834,,,,,,,,,,,,,597.79,,,,,,,,80666.79,848,95.12593160377358,,,1879923.4,,,,,,,,,,,,,8622427,,,,,,,,,,,,,,,,
2021-05-24,,184.53,,40.54,,,,,,1202.3023,,,,,214.38,,54.15,,,,,,599.09,,,,,264.33,,52.65,,,,,,1873444.65,,,,,208.38,,48.07,,,,,,8609361,,,,,,,,,,,,,,,,
2021-05-25,,,,,,,,,,1214.996,,,,,,,,,,,,,596.8,,,,,,,,,,,,,1939091.89,,,,,,,,,,,,,8620613,,,,,,,,,,,,,,,,
2021-05-26,,,,,,,,,,1210.9021,,,,,,,,,,,,,598.18,,,,,,,,,,,,,1930175.58,,,,,,,,,,,,,8604334,,,,,,,,,,,,,,,,
2021-05-27,,,,,,,,,,1219.7201,,,,,,,,,,,,,596.08,,,,,,,,,,,,,1916932.89,,,,,,,,,,,,,8592617,,,,,,,,,,,,,,,,
2021-05-28,,,,,,,,,,1213.1287,,,,,,,,,,,,,592.41,,,,,,,,,,,,,1905286.27,,,,,,,,,,,,,8697876,,,,,,,,,,,,,,,,
2021-05-29,,,,,,,,,,1212.4666,,,,,,,,,,,,,592.32,,,,,,,,,,,,,1893892.73,,,,,,,,,,,,,8648262,,,,,,,,,,,,,,,,
2021-05-30,,,,,495942.02,4663,106.35685610122239,,,1212.2355,,,,,,,,,,,,,584.96,,,,,,,,69224.75,757,91.44616908850726,,,1885841.14,,,,,,,,,,,,,8616872,,,,,,,,,,,,,,,,
2021-05-31,907,185.62,76,37.61,,,,189,1.32,1217.1469,605659.05,0,335.7162,664,220.02,63.3,54.61,,,,254,1.49,574.12,137748.22,626.8261,0,1326,264.47,44.12,52.21,,,,194,1.08,1879711.81,224100.13,0,53.212,964,210.7,44.11,45.68,108.68,11727,0.009267502345016,168,1.36,8593409,93.92,0,0,,,,,3.25,,127.5,118.4,125.4,1.3,-0.2,0.3,0.1
2021-06-01,,,,,,,,,,1208.9082,,,,,,,,,,,,,545.62,,,,,,,,,,,,,1874371.54,,,,,,,,,,,,,8589703,,,,,,,,,,,,,,,,
2021-06-02,,,,,,,,,,1204.6954,,,,,,,,,,,,,539.94,,,,,,,,,,,,,1883091.83,,,,,,,,,,,,,8576495,,,,,,,,,,,,,,,,
2021-06-03,,,,,,,,,,1201.534,,,,,,,,,,,,,532.57,,,,,,,,,,,,,1871858.9,,,,,,,,,,,,,8557388,,,,,,,,,,,,,,,,
2021-06-04,,,,,,,,,,1198.43,,,,,,,,,,,,,512.14,,,,,,,,,,,,,1857171.67,,,,,,,,,,,,,8572577,,,,,,,,,,,,,,,,
2021-06-05,,,,,,,,,,1194.3383,,,,,,,,,,,,,506.85,,,,,,,,,,,,,1846426.78,,,,,,,,,,,,,8538758,,,,,,,,,,,,,,,,
2021-06-06,,,,,397488.77,3215,123.63569828926904,,,1192.7899,,,,,,,,,,,,,495.02,,,,,,,,64839.62,706,91.84082152974504,,,1831214.45,,,,,,,,,,,,,8516768,,,,,,,,,,,,,,,,
2021-06-07,,185.63,,35.24,,,,,,1191.6768,,,,,221.16,,54.12,,,,,,547.25,,,,,264.49,,54.11,,,,,,1821163.17,,,,,211.13,,45.41,,,,,,8515330,,,,,,,,,,,,,,,,
2021-06-08,,,,,,,,,,1185.7077,,,,,,,,,,,,,548.12,,,,,,,,,,,,,1812638.68,,,,,,,,,,,,,8487927,,,,,,,,,,,,,,,,
2021-06-09,,,,,,,,,,1182.0002,,,,,,,,,,,,,536.94,,,,,,,,,,,,,1877726.7,,,,,,,,,,,,,8534264,,,,,,,,,,,,,,,,
2021-06-10,,,,,,,,,,1182.1353,,,,,,,,,,,,,525.29,,,,,,,,,,,,,1872371.86,,,,,,,,,,,,,8549222,,,,,,,,,,,,,,,,
2021-06-11,,,,,,,,,,1180.8983,,,,,,,,,,,,,539.97,,,,,,,,,,,,,1938831,,,,,,,,,,,,,8637726,,,,,,,,,,,,,,,,
2021-06-12,,,,,,,,,,1179.0409,,,,,,,,,,,,,534.71,,,,,,,,,,,,,1931271.24,,,,,,,,,,,,,8623156,,,,,,,,,,,,,,,,
2021-06-13,,,,,357912.12,3974,90.06344237544036,,,1177.0825,,,,,,,,,,,,,533,,,,,,,,58908.95,639,92.18928012519562,,,1922016.7,,,,,,,,,,,,,8608481,,,,,,,,,,,,,,,,
2021-06-14,,185.97,,37.5,,,,,,1173.3806,,,,,222.3,,56.98,,,,,,532.01,,,,,264.43,,50.72,,,,,,1916643.35,,,,,212.12,,52.67,,,,,,8599424,,,,,,,,,,,,,,,,
2021-06-15,,,,,,,,,,1180.5345,,,,,,,,,,,,,534.24,,,,,,,,,,,,,1907993.92,,,,,,,,,,,,,8633477,,,,,,,,,,,,,,,,
2021-06-16,,,,,,,,,,1175.2502,,,,,,,,,,,,,536.92,,,,,,,,,,,,,1926015.48,,,,,,,,,,,,,8614089,,,,,,,,,,,,,,,,
2021-06-17,,,,,,,,,,1171.9961,,,,,,,,,,,,,554.26,,,,,,,,,,,,,1912805.66,,,,,,,,,,,,,8598645,,,,,,,,,,,,,,,,
2021-06-18,,,,,,,,,,1192.0363,,,,,,,,,,,,,578.55,,,,,,,,,,,,,1953727.95,,,,,,,,,,,,,8618028,,,,,,,,,,,,,,,,
2021-06-19,,,,,,,,,,1189.6873,,,,,,,,,,,,,575.94,,,,,,,,,,,,,1942407.08,,,,,,,,,,,,,8583082,,,,,,,,,,,,,,,,
2021-06-20,,,,,320935.12,3028,105.98914134742404,,,1179.1674,,,,,,,,,,,,,573.7,,,,,,,,42653.91,473,90.17739957716702,,,1932879.47,,,,,,,,,,,,,8561075,,,,,,,,,,,,,,,,
2021-06-21,,186.1,,37.5,,,,,,1176.4728,,,,,223.09,,56.79,,,,,,576.03,,,,,264.55,,46.08,,,,,,1951513.33,,,,,212.73,,48.91,,,,,,8573611,,,,,,,,,,,,,,,,
2021-06-22,,,,,,,,,,1173.1281,,,,,,,,,,,,,581.46,,,,,,,,,,,,,1912428.37,,,,,,,,,,,,,8563688,,,,,,,,,,,,,,,,
2021-06-23,,,,,,,,,,1182.1547,,,,,,,,,,,,,579.61,,,,,,,,,,,,,1898548.48,,,,,,,,,,,,,8611599,,,,,,,,,,,,,,,,
2021-06-24,,,,,,,,,,1174.2301,,,,,,,,,,,,,582.66,,,,,,,,,,,,,1875317.26,,,,,,,,,,,,,8622979,,,,,,,,,,,,,,,,
2021-06-25,,,,,,,,,,1177.5517,,,,,,,,,,,,,580.11,,,,,,,,,,,,,1858874.76,,,,,,,,,,,,,8714442,,,,,,,,,,,,,,,,
2021-06-26,,,,,,,,,,1174.0853,,,,,,,,,,,,,,,,,,,,,,,,,,1847595.33,,,,,,,,,,,,,8645938,,,,,,,,,,,,,,,,
2021-06-27,,,,,428197.55,4748,90.1848251895535,,,1171.1588,,,,,,,,,,,,,580.11,,,,,,,,54515.64,577,94.48117850953206,,,1837244.67,,,,,,,,,,,,,8611215,,,,,,,,,,,,,,,,
2021-06-28,,187.04,,34.92,,,,,,1173.2187,,,,,225.86,,57.22,,,,,,568.22,,,,,264.5,,49.07,,,,,,1838100.48,,,,,215.25,,51.13,,,,,,8612881,,,,,,,,,,,,,,,,
2021-06-29,,,,,,,,,,1190.0463,,,,,,,,,,,,,603.77,,,,,,,,,,,,,1829216.06,,,,,,,,,,,,,8585705,,,,,,,,,,,,,,,,
2021-06-30,933,,79.18,,,,,194,1.32,1182.5001,416446.58,0,0,677,,54.07,,,,,262,1.51,600.87,1233640.91,0,622.7367,1315,,39.58,,,,,191,1.07,1816469.25,263566.05,0,0,986,,51.71,,96.52,10364,0.009313006561173,168,1.33,8547418,87.6912,0,0,10.1,,12.7,10.2,3.25,5.42,128.6,118.8,126.30000000000001,1.1,-0.4,0.7,0.2
2021-07-01,,,,,,,,,,1180.7511,,,,,,,,,,,,,591.79,,,,,,,,,,,,,1795305.87,,,,,,,,,,,,,8534855,,,,,,,,,,,,,,,,
2021-07-02,,,,,,,,,,1187.2179,,,,,,,,,,,,,587.59,,,,,,,,,,,,,1769256.82,,,,,,,,,,,,,8533830,,,,,,,,,,,,,,,,
2021-07-03,,,,,,,,,,1184.0537,,,,,,,,,,,,,582.46,,,,,,,,,,,,,1759838.78,,,,,,,,,,,,,8503980,,,,,,,,,,,,,,,,
2021-07-04,,,,,450743.67,5055,89.16788724035608,,,1183.1844,,,,,,,,,,,,,579.93,,,,,,,,53168.54,582,91.35487972508591,,,1753121.54,,,,,,,,,,,,,8483317,,,,,,,,,,,,,,,,
2021-07-05,,187.58,,37.97,,,,,,1179.8155,,,,,227.78,,54.75,,,,,,580.68,,,,,264.25,,47.46,,,,,,1895185.68,,,,,216.15,,48.34,,,,,,8473283,,,,,,,,,,,,,,,,
2021-07-06,,,,,,,,,,1179.294,,,,,,,,,,,,,581.64,,,,,,,,,,,,,1881425.78,,,,,,,,,,,,,8457722,,,,,,,,,,,,,,,,
2021-07-07,,,,,,,,,,1175.7244,,,,,,,,,,,,,569.93,,,,,,,,,,,,,1920192.35,,,,,,,,,,,,,8440545,,,,,,,,,,,,,,,,
2021-07-08,,,,,,,,,,1169.0259,,,,,,,,,,,,,566.31,,,,,,,,,,,,,1909218.77,,,,,,,,,,,,,8418278,,,,,,,,,,,,,,,,
2021-07-09,,,,,,,,,,1159.608,,,,,,,,,,,,,564.62,,,,,,,,,,,,,1823527.57,,,,,,,,,,,,,8414785,,,,,,,,,,,,,,,,
2021-07-10,,,,,,,,,,1157.3723,,,,,,,,,,,,,561.05,,,,,,,,,,,,,1812621.54,,,,,,,,,,,,,8383941,,,,,,,,,,,,,,,,
2021-07-11,,,,,362070.38,3933,92.0595931858632,,,1156.4018,,,,,,,,,,,,,556.68,,,,,,,,54006.95,550,98.19445454545455,,,1806259.09,,,,,,,,,,,,,8364263,,,,,,,,,,,,,,,,
2021-07-12,,187.47,,32.97,,,,,,1148.4713,,,,,228.26,,55.18,,,,,,555.49,,,,,264.51,,48.65,,,,,,1799807.11,,,,,216.85,,42.79,,,,,,8349096,,,,,,,,,,,,,,,,
2021-07-13,,,,,,,,,,1144.8751,,,,,,,,,,,,,550.12,,,,,,,,,,,,,1935681.31,,,,,,,,,,,,,8333043,,,,,,,,,,,,,,,,
2021-07-14,,,,,,,,,,1143.1218,,,,,,,,,,,,,550.08,,,,,,,,,,,,,1922258.99,,,,,,,,,,,,,8352331,,,,,,,,,,,,,,,,
2021-07-15,,,,,,,,,,1141.5452,,,,,,,,,,,,,550.75,,,,,,,,,,,,,1913457.18,,,,,,,,,,,,,8341155,,,,,,,,,,,,,,,,
2021-07-16,,,,,,,,,,1142.8252,,,,,,,,,,,,,553.82,,,,,,,,,,,,,1902471.13,,,,,,,,,,,,,8469127,,,,,,,,,,,,,,,,
2021-07-17,,,,,,,,,,1141.3168,,,,,,,,,,,,,552.69,,,,,,,,,,,,,1884940.99,,,,,,,,,,,,,8442795,,,,,,,,,,,,,,,,
2021-07-18,,,,,370124.2,4052,91.34358341559724,,,1140.1231,,,,,,,,,,,,,551.67,,,,,,,,55670.93,610,91.26381967213115,,,1875867.63,,,,,,,,,,,,,8428159,,,,,,,,,,,,,,,,
2021-07-19,,187.45,,40.66,,,,,,1137.6103,,,,,225.02,,49.61,,,,,,550.73,,,,,263.7,,49.05,,,,,,1866320.14,,,,,217.61,,38.85,,,,,,8482068,,,,,,,,,,,,,,,,
2021-07-20,,,,,,,,,,1146.1488,,,,,,,,,,,,,555.68,,,,,,,,,,,,,1857858.11,,,,,,,,,,,,,8460838,,,,,,,,,,,,,,,,
2021-07-21,,,,,,,,,,1146.2886,,,,,,,,,,,,,554.71,,,,,,,,,,,,,1846187.08,,,,,,,,,,,,,8440243,,,,,,,,,,,,,,,,
2021-07-22,,,,,,,,,,1141.7934,,,,,,,,,,,,,555.21,,,,,,,,,,,,,1854970.21,,,,,,,,,,,,,8493275,,,,,,,,,,,,,,,,
2021-07-23,,,,,,,,,,1161.4265,,,,,,,,,,,,,554.25,,,,,,,,,,,,,1823771.72,,,,,,,,,,,,,8766738,,,,,,,,,,,,,,,,
2021-07-24,,,,,,,,,,1160.334,,,,,,,,,,,,,552.86,,,,,,,,,,,,,1816618.43,,,,,,,,,,,,,8734995,,,,,,,,,,,,,,,,
2021-07-25,,,,,355324.82,3868,91.86267321613236,,,1155.9881,,,,,,,,,,,,,552.01,,,,,,,,53384.65,572,93.3298076923077,,,1810373.84,,,,,,,,,,,,,8699297,,,,,,,,,,,,,,,,
2021-07-26,,188.03,,41.18,,,,,,1158.4726,,,,,223.87,,35.23,,,,,,551.2,,,,,264.29,,51.49,,,,,,1776845.31,,,,,217.93,,41.18,,,,,,8667019,,,,,,,,,,,,,,,,
2021-07-27,,,,,,,,,,1155.3711,,,,,,,,,,,,,552.47,,,,,,,,,,,,,1757527.13,,,,,,,,,,,,,8672967,,,,,,,,,,,,,,,,
2021-07-28,,,,,,,,,,1160.1429,,,,,,,,,,,,,551.36,,,,,,,,,,,,,1719354.37,,,,,,,,,,,,,8710906,,,,,,,,,,,,,,,,
2021-07-29,,,,,,,,,,1156.1456,,,,,,,,,,,,,550.49,,,,,,,,,,,,,1826712.55,,,,,,,,,,,,,8796623,,,,,,,,,,,,,,,,
2021-07-30,,,,,,,,,,1153.8173,,,,,,,,,,,,,549.31,,,,,,,,,,,,,1831853.08,,,,,,,,,,,,,8792932,,,,,,,,,,,,,,,,
2021-07-31,960,,74.41,,,,,200,1.32,1151.2689,343723.29,0,0,689,,60.62,,,,,265,1.5,547.9,203113.16,0,0,1321,,38.88,,,,,192,1.07,,511688.38,265.7401,0,1005.1,,45.91,,87.03,,,169,1.31,8754941,69.7312,0,0,,,,,3.25,,125,114.1,120.4,1,0.3,0.8,0.1
2021-08-01,,,,,415913.87,4584,90.73164703315881,,,1149.9572,,,,,,,,,,,,,543.45,,,,,,,,56906.39,604,94.2158774834437,,,1813505.13,,,,,,,,,,,,,8741038,,,,,,,,,,,,,,,,
2021-08-02,,188.99,,33.03,,,,,,1149.1146,,,,,225.89,,44.42,,,,,,545.32,,,,,263.96,,45.33,,,,,,1831000.31,,,,,219.67,,41.54,,,,,,8742167,,,,,,,,,,,,,,,,
2021-08-03,,,,,,,,,,1145.8026,,,,,,,,,,,,,542.5,,,,,,,,,,,,,1822346.8,,,,,,,,,,,,,8728703,,,,,,,,,,,,,,,,
2021-08-04,,,,,,,,,,1147.1623,,,,,,,,,,,,,539.19,,,,,,,,,,,,,1812162.53,,,,,,,,,,,,,8720137,,,,,,,,,,,,,,,,
2021-08-05,,,,,,,,,,1144.5814,,,,,,,,,,,,,536.13,,,,,,,,,,,,,1797554.66,,,,,,,,,,,,,8768946,,,,,,,,,,,,,,,,
2021-08-06,,,,,,,,,,1142.5707,,,,,,,,,,,,,533.37,,,,,,,,,,,,,1943827.73,,,,,,,,,,,,,8859907,,,,,,,,,,,,,,,,
2021-08-07,,,,,,,,,,1140.3784,,,,,,,,,,,,,530.5,,,,,,,,,,,,,1936875.56,,,,,,,,,,,,,8830674,,,,,,,,,,,,,,,,
2021-08-08,,,,,353983.48,3798,93.20260136914166,,,1139.6527,,,,,,,,,,,,,527.38,,,,,,,,45986.68,448,102.64883928571429,,,1930959.73,,,,,,,,,,,,,8810584,,,,,,,,,,,,,,,,
2021-08-09,,188.94,,23.53,,,,,,1143.1126,,,,,225.61,,50.89,,,,,,525.43,,,,,264.55,,43.37,,,,,,1923113.86,,,,,219.59,,39.61,,,,,,8821593,,,,,,,,,,,,,,,,
2021-08-10,,,,,,,,,,1140.2512,,,,,,,,,,,,,522.49,,,,,,,,,,,,,1926051.91,,,,,,,,,,,,,8838935,,,,,,,,,,,,,,,,
2021-08-11,,,,,,,,,,1136.5748,,,,,,,,,,,,,519.7,,,,,,,,,,,,,1916977.58,,,,,,,,,,,,,8922148,,,,,,,,,,,,,,,,
2021-08-12,,,,,,,,,,1133.2573,,,,,,,,,,,,,516.78,,,,,,,,,,,,,1906950.98,,,,,,,,,,,,,8943116,,,,,,,,,,,,,,,,
2021-08-13,,,,,,,,,,1124.082,,,,,,,,,,,,,514.1,,,,,,,,,,,,,1895226.57,,,,,,,,,,,,,9089024,,,,,,,,,,,,,,,,
2021-08-14,,,,,,,,,,1122.0686,,,,,,,,,,,,,511.49,,,,,,,,,,,,,1885754.09,,,,,,,,,,,,,9055973,,,,,,,,,,,,,,,,
2021-08-15,,,,,342482.44,3635,94.21800275103163,,,1117.8969,,,,,,,,,,,,,508.95,,,,,,,,44765.89,481,93.06837837837838,,,1874649.65,,,,,,,,,,,,,9034261,,,,,,,,,,,,,,,,
2021-08-16,,188.84,,24.8,,,,,,1119.7529,,,,,225.52,,49.76,,,,,,506.36,,,,,264.48,,42.99,,,,,,1852164.54,,,,,219.85,,38.02,,,,,,9144501,,,,,,,,,,,,,,,,
2021-08-17,,,,,,,,,,1123.5972,,,,,,,,,,,,,503.97,,,,,,,,,,,,,1828380.41,,,,,,,,,,,,,9206307,,,,,,,,,,,,,,,,
2021-08-18,,,,,,,,,,1140.458,,,,,,,,,,,,,501.46,,,,,,,,,,,,,1806242.52,,,,,,,,,,,,,9181117,,,,,,,,,,,,,,,,
2021-08-19,,,,,,,,,,1137.3335,,,,,,,,,,,,,498.96,,,,,,,,,,,,,1781199.24,,,,,,,,,,,,,9173852,,,,,,,,,,,,,,,,
2021-08-20,,,,,,,,,,1135.8942,,,,,,,,,,,,,496.07,,,,,,,,,,,,,1800587.78,,,,,,,,,,,,,9271093,,,,,,,,,,,,,,,,
2021-08-21,,,,,,,,,,1130.9737,,,,,,,,,,,,,493.32,,,,,,,,,,,,,1729734.79,,,,,,,,,,,,,9242995,,,,,,,,,,,,,,,,
2021-08-22,,,,,319729.68,3448,92.72902552204177,,,1126.9935,,,,,,,,,,,,,490.82,,,,,,,,43577.2,474,91.93502109704642,,,1683715.81,,,,,,,,,,,,,9225682,,,,,,,,,,,,,,,,
2021-08-23,,189.06,,17.43,,,,,,1127.0579,,,,,225.07,,47.65,,,,,,488.25,,,,,264.36,,42.96,,,,,,1657728.07,,,,,219.85,,36.03,,,,,,9213159,,,,,,,,,,,,,,,,
2021-08-24,,,,,,,,,,1125.8814,,,,,,,,,,,,,482.73,,,,,,,,,,,,,1627840.74,,,,,,,,,,,,,9232237,,,,,,,,,,,,,,,,
2021-08-25,,,,,,,,,,1126.9883,,,,,,,,,,,,,479.99,,,,,,,,,,,,,1603050.23,,,,,,,,,,,,,9241446,,,,,,,,,,,,,,,,
2021-08-26,,,,,,,,,,1123.3104,,,,,,,,,,,,,477.39,,,,,,,,,,,,,1633080.22,,,,,,,,,,,,,9199510,,,,,,,,,,,,,,,,
2021-08-27,,,,,,,,,,1136.8658,,,,,,,,,,,,,474.69,,,,,,,,,,,,,1704411.23,,,,,,,,,,,,,9336592,,,,,,,,,,,,,,,,
2021-08-28,,,,,,,,,,1135.6767,,,,,,,,,,,,,472.04,,,,,,,,,,,,,1676845.89,,,,,,,,,,,,,9291906,,,,,,,,,,,,,,,,
2021-08-29,,,,,314462,3388,92.8164108618654,,,1133.6992,,,,,,,,,,,,,469.35,,,,,,,,40337.22,439,91.88432801822323,,,1654815.62,,,,,,,,,,,,,9255070,,,,,,,,,,,,,,,,
2021-08-30,,189.63,,27.97,,,,,,1132.4283,,,,,224.79,,38.54,,,,,,466.8,,,,,264.51,,37.72,,,,,,1627747.5,,,,,220.66,,36.33,,,,,,9309966,,,,,,,,,,,,,,,,
2021-08-31,951,,92.04,,,,,206,1.37,1132.8839,483994.99,495.948,0,681,,45.67,,,,,273,1.56,460.08,289525.8,0,0,1318,,29.94,,,,,193,1.08,1652158.69,498161.31,265.7401,0,1021.3,,44.78,,88.08,9281,0.009490356642603,170,1.29,9457063,110.9608,906.8078,0,,,,,3.25,,124.3,114,119.00000000000001,0.8,0.1,0.8,0.2
2021-09-01,,,,,,,,,,1131.4498,,,,,,,,,,,,,457.66,,,,,,,,,,,,,1628573.48,,,,,,,,,,,,,9536114,,,,,,,,,,,,,,,,
2021-09-02,,,,,,,,,,1129.2452,,,,,,,,,,,,,455.79,,,,,,,,,,,,,1621407.44,,,,,,,,,,,,,9579305,,,,,,,,,,,,,,,,
2021-09-03,,,,,,,,,,1124.6408,,,,,,,,,,,,,453.87,,,,,,,,,,,,,1601536.93,,,,,,,,,,,,,9609355,,,,,,,,,,,,,,,,
2021-09-04,,,,,,,,,,1123.5188,,,,,,,,,,,,,451.79,,,,,,,,,,,,,1577314.18,,,,,,,,,,,,,9574456,,,,,,,,,,,,,,,,
2021-09-05,,,,,309672.78,3300,93.84023636363636,,,1122.8471,,,,,,,,,,,,,451.79,,,,,,,,32925.97,350,94.0742,,,1561983.82,,,,,,,,,,,,,9553678,,,,,,,,,,,,,,,,
2021-09-06,,189.56,,26.62,,,,,,1132.4424,,,,,224.42,,38.45,,,,,,473.38,,,,,264.01,,35.1,,,,,,1553409.7,,,,,219.92,,33.53,,,,,,9569500,,,,,,,,,,,,,,,,
2021-09-07,,,,,,,,,,1148.1874,,,,,,,,,,,,,455.97,,,,,,,,,,,,,1571591.93,,,,,,,,,,,,,9593730,,,,,,,,,,,,,,,,
2021-09-08,,,,,,,,,,1151.3983,,,,,,,,,,,,,463.92,,,,,,,,,,,,,1551411.95,,,,,,,,,,,,,9612681,,,,,,,,,,,,,,,,
2021-09-09,,,,,,,,,,1149.9292,,,,,,,,,,,,,462.02,,,,,,,,,,,,,1683475.7,,,,,,,,,,,,,9598128,,,,,,,,,,,,,,,,
2021-09-10,,,,,,,,,,1126.0115,,,,,,,,,,,,,459.66,,,,,,,,,,,,,1740632.09,,,,,,,,,,,,,9848891,,,,,,,,,,,,,,,,
2021-09-11,,,,,,,,,,1122.7408,,,,,,,,,,,,,457.74,,,,,,,,,,,,,1724151.68,,,,,,,,,,,,,9825008,,,,,,,,,,,,,,,,
2021-09-12,,,,,246308.15,2663,92.49273375891852,,,1118.1038,,,,,,,,,,,,,455.76,,,,,,,,39602.36,406,97.54275862068965,,,1716588.74,,,,,,,,,,,,,9807344,,,,,,,,,,,,,,,,
2021-09-13,,189.51,,24.52,,,,,,1132.0396,,,,,224.59,,38.19,,,,,,462.18,,,,,264.21,,31.87,,,,,,1807392.24,,,,,219.54,,20.61,,,,,,9796713,,,,,,,,,,,,,,,,
2021-09-14,,,,,,,,,,1129.4189,,,,,,,,,,,,,463.03,,,,,,,,,,,,,1930694.06,,,,,,,,,,,,,9803367,,,,,,,,,,,,,,,,
2021-09-15,,,,,,,,,,1124.2923,,,,,,,,,,,,,474.43,,,,,,,,,,,,,2027590.59,,,,,,,,,,,,,9876190,,,,,,,,,,,,,,,,
2021-09-16,,,,,,,,,,1116.2586,,,,,,,,,,,,,478.44,,,,,,,,,,,,,2011953.68,,,,,,,,,,,,,9855701,,,,,,,,,,,,,,,,
2021-09-17,,,,,,,,,,1123.4032,,,,,,,,,,,,,479.21,,,,,,,,,,,,,2004473.93,,,,,,,,,,,,,9898190,,,,,,,,,,,,,,,,
2021-09-18,,,,,,,,,,,,,,,,,,,,,,,479.64,,,,,,,,,,,,,1997146.81,,,,,,,,,,,,,10010090,,,,,,,,,,,,,,,,
2021-09-19,,,,,300185.44,3235,92.79302627511592,,,1124.3793,,,,,,,,,,,,,477.74,,,,,,,,45693.05,462,98.90270562770563,,,1967937.12,,,,,,,,,,,,,9973268,,,,,,,,,,,,,,,,
2021-09-20,,189.82,,33.33,,,,,,1123.0733,,,,,224.1,,34.51,,,,,,475.88,,,,,264,,36.55,,,,,,1934745.73,,,,,219.72,,28.15,,,,,,9935587,,,,,,,,,,,,,,,,
2021-09-21,,,,,,,,,,1122.5703,,,,,,,,,,,,,473.85,,,,,,,,,,,,,1916931.36,,,,,,,,,,,,,9920177,,,,,,,,,,,,,,,,
2021-09-22,,,,,,,,,,1131.5593,,,,,,,,,,,,,475.67,,,,,,,,,,,,,2046152.65,,,,,,,,,,,,,9879364,,,,,,,,,,,,,,,,
2021-09-23,,,,,,,,,,1130.6031,,,,,,,,,,,,,482.74,,,,,,,,,,,,,2101792.47,,,,,,,,,,,,,9883001,,,,,,,,,,,,,,,,
2021-09-24,,,,,,,,,,1156.2919,,,,,,,,,,,,,480.72,,,,,,,,,,,,,2199199.31,,,,,,,,,,,,,9945636,,,,,,,,,,,,,,,,
2021-09-25,,,,,,,,,,1155.8343,,,,,,,,,,,,,479.33,,,,,,,,,,,,,2175647.94,,,,,,,,,,,,,9892392,,,,,,,,,,,,,,,,
2021-09-26,,,,,193098.78,2123,90.95561940650023,,,1156.5986,,,,,,,,,,,,,483.58,,,,,,,,33045.79,343,96.3434110787172,,,2160429.73,,,,,,,,,,,,,10002459,,,,,,,,,,,,,,,,
2021-09-27,,189.45,,20.69,,,,,,1173.2623,,,,,224.74,,35.87,,,,,,483.31,,,,,264,,32.64,,,,,,2245595.48,,,,,219.71,,26.26,,,,,,10142808,,,,,,,,,,,,,,,,
2021-09-28,,,,,,,,,,1176.8691,,,,,,,,,,,,,481.46,,,,,,,,,,,,,2284039.37,,,,,,,,,,,,,10247004,,,,,,,,,,,,,,,,
2021-09-29,,,,,,,,,,1177.6668,,,,,,,,,,,,,482.72,,,,,,,,,,,,,2314179.06,,,,,,,,,,,,,10622212,,,,,,,,,,,,,,,,
2021-09-30,942,,95.3,,,,,206,1.38,1180.0569,1358709.44,0,7.669,669,,53.26,,,,,272,1.58,485.11,780355.18,537.1543,0,1274,,29.17,,,,,190,1.1,2282103.61,1037400.42,0,248.5084,1019,,37.62,,67.22,7153,0.009397455613029,168,1.28,10955851,141.7516,0,367.0545,8.6,,10.7,8.9,3.25,5.54,127.6,117.2,124.5,0.7,0,0.8,0
2021-10-01,,,,,,,,,,1163.5289,,,,,,,,,,,,,488.6,,,,,,,,,,,,,2242902.43,,,,,,,,,,,,,10936422,,,,,,,,,,,,,,,,
2021-10-02,,,,,,,,,,1155.3458,,,,,,,,,,,,,494.66,,,,,,,,,,,,,2220868.38,,,,,,,,,,,,,,,,,,,,,,,,,,,,,
2021-10-03,,,,,262940.82,2869,91.64894388288602,,,1149.107,,,,,,,,,,,,,492.93,,,,,,,,26001.19,272,95.59261029411765,,,2201867.98,,,,,,,,,,,,,10917492,,,,,,,,,,,,,,,,
2021-10-04,,190.79,,17.24,,,,,,1148.5971,,,,,224.87,,30.53,,,,,,491.13,,,,,264.19,,34.99,,,,,,2190041.53,,,,,218.19,,24.9,,,,,,10911670,,,,,,,,,,,,,,,,
2021-10-05,,,,,,,,,,,,,,,,,,,,,,,489.73,,,,,,,,,,,,,2179987.72,,,,,,,,,,,,,10902902,,,,,,,,,,,,,,,,
2021-10-06,,,,,,,,,,1146.8286,,,,,,,,,,,,,488.13,,,,,,,,,,,,,2167562.55,,,,,,,,,,,,,10893763,,,,,,,,,,,,,,,,
2021-10-07,,,,,,,,,,1146.5295,,,,,,,,,,,,,486.71,,,,,,,,,,,,,2154023.66,,,,,,,,,,,,,10884370,,,,,,,,,,,,,,,,
2021-10-08,,,,,,,,,,1149.52,,,,,,,,,,,,,485.48,,,,,,,,,,,,,2140544.96,,,,,,,,,,,,,10860211,,,,,,,,,,,,,,,,
2021-10-09,,,,,,,,,,1141.57,,,,,,,,,,,,,482.34,,,,,,,,,,,,,2133454.87,,,,,,,,,,,,,10922613,,,,,,,,,,,,,,,,
2021-10-10,,,,,76075.78,781,97.4081690140845,,,1140.2,,,,,,,,,,,,,477.56,,,,,,,,9566.11,103,92.87485436893203,,,2107427.08,,,,,,,,,,,,,10894541,,,,,,,,,,,,,,,,
2021-10-11,,189.88,,20.56,,,,,,1135.53,,,,,222.82,,35.32,,,,,,490.34,,,,,263.93,,40.84,,,,,,2078491.51,,,,,218.64,,34.17,,,,,,10874885,,,,,,,,,,,,,,,,
2021-10-12,,,,,,,,,,1139.79,,,,,,,,,,,,,488.91,,,,,,,,,,,,,2042818.35,,,,,,,,,,,,,10874521,,,,,,,,,,,,,,,,
2021-10-13,,,,,,,,,,1145.59,,,,,,,,,,,,,492.95,,,,,,,,,,,,,2026086.86,,,,,,,,,,,,,10864307,,,,,,,,,,,,,,,,
2021-10-14,,,,,,,,,,1130.15,,,,,,,,,,,,,494.12,,,,,,,,,,,,,2048815.75,,,,,,,,,,,,,10858373,,,,,,,,,,,,,,,,
2021-10-15,,,,,,,,,,1131.64,,,,,,,,,,,,,496.97,,,,,,,,,,,,,2169758.61,,,,,,,,,,,,,10854775,,,,,,,,,,,,,,,,
2021-10-16,,,,,,,,,,1128.26,,,,,,,,,,,,,492.94,,,,,,,,,,,,,2159770.22,,,,,,,,,,,,,10814246,,,,,,,,,,,,,,,,
2021-10-17,,,,,238597.45,2669,89.39582240539528,,,1127.36,,,,,,,,,,,,,490.34,,,,,,,,41667.17,444,93.84497747747747,,,2150966.18,,,,,,,,,,,,,10789188,,,,,,,,,,,,,,,,
2021-10-18,,190.06,,22.32,,,,,,1125,,,,,222.78,,33.9,,,,,,488.3,,,,,264.44,,36.48,,,,,,2138867.55,,,,,218.59,,31.98,,,,,,10791695,,,,,,,,,,,,,,,,
2021-10-19,,,,,,,,,,1135.52,,,,,,,,,,,,,483.83,,,,,,,,,,,,,2191016,,,,,,,,,,,,,10790324,,,,,,,,,,,,,,,,
2021-10-20,,,,,,,,,,1145.52,,,,,,,,,,,,,486.71,,,,,,,,,,,,,,,,,,,,,,,,,,10802529,,,,,,,,,,,,,,,,
2021-10-21,,,,,,,,,,1151.6,,,,,,,,,,,,,478.26,,,,,,,,,,,,,2158172.81,,,,,,,,,,,,,10829858,,,,,,,,,,,,,,,,
2021-10-22,,,,,,,,,,1148.6,,,,,,,,,,,,,480.93,,,,,,,,,,,,,,,,,,,,,,,,,,10883335,,,,,,,,,,,,,,,,
2021-10-23,,,,,,,,,,1123.91,,,,,,,,,,,,,476.99,,,,,,,,,,,,,,,,,,,,,,,,,,10850558,,,,,,,,,,,,,,,,
2021-10-24,,,,,239275.25,2647,90.3948809973555,,,1123.05,,,,,,,,,,,,,467.49,,,,,,,,25916.26,282,91.90163120567377,,,,,,,,,,,,,,,,10824397,,,,,,,,,,,,,,,,
2021-10-25,,190.03,,26.51,,,,,,1113.54,,,,,222.7,,31.11,,,,,,480.57,,,,,264.25,,36.98,,,,,,,,,,,218.46,,25.56,,,,,,10825191,,,,,,,,,,,,,,,,
2021-10-26,,,,,,,,,,1119.22,,,,,,,,,,,,,470.16,,,,,,,,,,,,,,,,,,,,,,,,,,10796668,,,,,,,,,,,,,,,,
2021-10-27,,,,,,,,,,1115,,,,,,,,,,,,,492.57,,,,,,,,,,,,,,,,,,,,,,,,,,10822198,,,,,,,,,,,,,,,,
2021-10-28,,,,,,,,,,1137.53,,,,,,,,,,,,,491.29,,,,,,,,,,,,,,,,,,,,,,,,,,10766134,,,,,,,,,,,,,,,,
2021-10-29,,,,,,,,,,1137.417131,,,,,,,,,,,,,493.69,,,,,,,,,,,,,,,,,,,,,,,,,,10944398,,,,,,,,,,,,,,,,
2021-10-30,,,,,,,,,,1136.97,,,,,,,,,,,,,488.74,,,,,,,,,,,,,2284506.02,,,,,,,,,,,,,10884110,,,,,,,,,,,,,,,,
2021-10-31,927,,81.15,,286142.88,3211,89.1133229523513,207,1.41,1124.44,713478.27,0,154.6983,673,,45.53,,,,,270,1.56,483.48,737833.52,579.4688,440.4106,1285,,22.1,,501.11,7,71.58714285714285,191,1.1,2271632.46,570925.81,191.6414,0,1012,,24.51,,47.51,5044,0.009419111816019,171,1.31,10847771,179.4019,0,0,,,,,3.25,,126.4,117.5,122.89999999999999,1.5,0.7,0.8,-0.1
2021-11-01,,190.14,,21.24,,,,,,1139.31,,,,,220.61,,28.74,,,,,,486.06,,,,,263.7,,32.59,,,,,,2257678.43,,,,,218.2,,27.2,,,,,,10793698,,,,,,,,,,,,,,,,
2021-11-02,,,,,,,,,,1169.84,,,,,,,,,,,,,488.56,,,,,,,,,,,,,,,,,,,,,,,,,,10839225,,,,,,,,,,,,,,,,
2021-11-03,,,,,,,,,,1168.31,,,,,,,,,,,,,498.32,,,,,,,,,,,,,,,,,,,,,,,,,,10842315,,,,,,,,,,,,,,,,
2021-11-04,,,,,,,,,,1170.47,,,,,,,,,,,,,501.7,,,,,,,,,,,,,2304532.11,,,,,,,,,,,,,10868506,,,,,,,,,,,,,,,,
2021-11-05,,,,,,,,,,1144.63,,,,,,,,,,,,,505.41,,,,,,,,,,,,,2451125.52,,,,,,,,,,,,,10982616,,,,,,,,,,,,,,,,
2021-11-06,,,,,,,,,,1142.95,,,,,,,,,,,,,503.94,,,,,,,,,,,,,,,,,,,,,,,,,,10946204,,,,,,,,,,,,,,,,
2021-11-07,,,,,214732.12,2366,90.7574471682164,,,1146.5,,,,,,,,,,,,,502.45,,,,,,,,27353.85,289,94.65,,,2425910.45,,,,,,,,,,,,,10922052,,,,,,,,,,,,,,,,
2021-11-08,,189.99,,21.14,,,,,,1157,,,,,220.05,,26.58,,,,,,506.83,,,,,263.91,,32.04,,,,,,2402338.9,,,,,218.56,,28.64,,,,,,10938281,,,,,,,,,,,,,,,,
2021-11-09,,,,,,,,,,1152.97,,,,,,,,,,,,,505.16,,,,,,,,,,,,,2429289.2,,,,,,,,,,,,,10972163,,,,,,,,,,,,,,,,
2021-11-10,,,,,,,,,,1152.67,,,,,,,,,,,,,509.63,,,,,,,,,,,,,2421024.78,,,,,,,,,,,,,10959714,,,,,,,,,,,,,,,,
2021-11-11,,,,,,,,,,1157.68,,,,,,,,,,,,,512.68,,,,,,,,,,,,,2410917.96,,,,,,,,,,,,,10972629,,,,,,,,,,,,,,,,
2021-11-12,,,,,,,,,,1178.9,,,,,,,,,,,,,514.89,,,,,,,,,,,,,2425196.91,,,,,,,,,,,,,11101002,,,,,,,,,,,,,,,,
2021-11-13,,,,,,,,,,1176.35,,,,,,,,,,,,,513.06,,,,,,,,,,,,,2414858.46,,,,,,,,,,,,,11048166,,,,,,,,,,,,,,,,
2021-11-14,,,,,221395.82,2422,91.41033030553263,,,1175.05,,,,,,,,,,,,,511.48,,,,,,,,53106.56,544,97.62235294117647,,,2407144.48,,,,,,,,,,,,,11014230,,,,,,,,,,,,,,,,
2021-11-15,,189.69,,22.31,,,,,,1173.17,,,,,220.54,,34.21,,,,,,516.03,,,,,264.03,,33.44,,,,,,2419287.3,,,,,218.23,,31.06,,,,,,11064833,,,,,,,,,,,,,,,,
2021-11-16,,,,,,,,,,1179.81,,,,,,,,,,,,,518.85,,,,,,,,,,,,,2428206.92,,,,,,,,,,,,,11062345,,,,,,,,,,,,,,,,
2021-11-17,,,,,,,,,,1185.2,,,,,,,,,,,,,520.22,,,,,,,,,,,,,2447588.67,,,,,,,,,,,,,11124428,,,,,,,,,,,,,,,,
2021-11-18,,,,,,,,,,1180.31,,,,,,,,,,,,,524.25,,,,,,,,,,,,,2576558.27,,,,,,,,,,,,,11155540,,,,,,,,,,,,,,,,
2021-11-19,,,,,,,,,,1189.65,,,,,,,,,,,,,525.26,,,,,,,,,,,,,2652681.56,,,,,,,,,,,,,11243187,,,,,,,,,,,,,,,,
2021-11-20,,,,,,,,,,1188.02,,,,,,,,,,,,,523.95,,,,,,,,,,,,,2632895.91,,,,,,,,,,,,,11191260,,,,,,,,,,,,,,,,
2021-11-21,,,,,237781.7,2640,90.06882575757575,,,1187.12,,,,,,,,,,,,,522.62,,,,,,,,49590.55,541,91.66460258780037,,,2625691.12,,,,,,,,,,,,,11159221,,,,,,,,,,,,,,,,
2021-11-22,,189.73,,30.83,,,,,,1185.03,,,,,220.35,,30.21,,,,,,521.31,,,,,263.63,,34.09,,,,,,2617590.21,,,,,218.61,,32.93,,,,,,11190239,,,,,,,,,,,,,,,,
2021-11-23,,,,,,,,,,1197.02,,,,,,,,,,,,,526.52,,,,,,,,,,,,,2799556.42,,,,,,,,,,,,,11173537,,,,,,,,,,,,,,,,
2021-11-24,,,,,,,,,,1193.6,,,,,,,,,,,,,529.7,,,,,,,,,,,,,2772578.31,,,,,,,,,,,,,11180911,,,,,,,,,,,,,,,,
2021-11-25,,,,,,,,,,1189.08,,,,,,,,,,,,,531.06,,,,,,,,,,,,,2800123.27,,,,,,,,,,,,,11099138,,,,,,,,,,,,,,,,
2021-11-26,,,,,,,,,,1202.77,,,,,,,,,,,,,540.33,,,,,,,,,,,,,2871488.89,,,,,,,,,,,,,11082725,,,,,,,,,,,,,,,,
2021-11-27,,,,,,,,,,1201.03,,,,,,,,,,,,,538.84,,,,,,,,,,,,,2861665.16,,,,,,,,,,,,,11100759,,,,,,,,,,,,,,,,
2021-11-28,,,,,266316.28,2941,90.55296837810269,,,1199.62,,,,,,,,,,,,,537.47,,,,,,,,40106.82,422,95.03985781990521,,,2825472.32,,,,,,,,,,,,,11060866,,,,,,,,,,,,,,,,
2021-11-29,,190.03,,21.18,,,,,,1198.86,,,,,219.46,,31.97,,,,,,527.94,,,,,263.65,,42.01,,,,,,2812814.64,,,,,218.35,,27,,,,,,11072990,,,,,,,,,,,,,,,,
2021-11-30,925,,75.09,,,,,205,1.4,1200.33,777830.24,112.7776,0,676,,65.17,,,,,270,1.56,526.09,895395.99,0,326.1097,1254,,29,,,,,186,1.1,2805064.4,934394.55,0,191.6414,1000,,26.37,,60.55,6493,0.009325427383336,171,1.33,11036806,120.5201,132.1756,22.6707,,,,,3.25,,124.8,116.9,122.6,2.3,0.4,0.8,-0.2
2021-12-01,,,,,,,,,,1202.54,,,,,,,,,,,,,540.18,,,,,,,,,,,,,2793627.49,,,,,,,,,,,,,11023335,,,,,,,,,,,,,,,,
2021-12-02,,,,,,,,,,1200.04,,,,,,,,,,,,,536.41,,,,,,,,,,,,,2785306.23,,,,,,,,,,,,,11014777,,,,,,,,,,,,,,,,
2021-12-03,,,,,,,,,,1197.59,,,,,,,,,,,,,533.43,,,,,,,,,,,,,2775438.19,,,,,,,,,,,,,10996635,,,,,,,,,,,,,,,,
2021-12-04,,,,,,,,,,1195.89,,,,,,,,,,,,,530.4,,,,,,,,,,,,,2765534.85,,,,,,,,,,,,,10932471,,,,,,,,,,,,,,,,
2021-12-05,,,,,291443.46,3224,90.39809553349876,,,1195.44,,,,,,,,,,,,,527.82,,,,,,,,39609.04,419,94.53231503579953,,,2756010.77,,,,,,,,,,,,,10903003,,,,,,,,,,,,,,,,
2021-12-06,,189.85,,22.81,,,,,,1193.88,,,,,219.04,,32.66,,,,,,525.67,,,,,263.65,,38.92,,,,,,2745965.16,,,,,217.6,,29.89,,,,,,10880726,,,,,,,,,,,,,,,,
2021-12-07,,,,,,,,,,1192.52,,,,,,,,,,,,,523.28,,,,,,,,,,,,,2881163.79,,,,,,,,,,,,,10862353,,,,,,,,,,,,,,,,
2021-12-08,,,,,,,,,,1191.4,,,,,,,,,,,,,520.76,,,,,,,,,,,,,2807526.62,,,,,,,,,,,,,10833552,,,,,,,,,,,,,,,,
2021-12-09,,,,,,,,,,1192.83,,,,,,,,,,,,,517.54,,,,,,,,,,,,,2806019.83,,,,,,,,,,,,,10888297,,,,,,,,,,,,,,,,
2021-12-10,,,,,,,,,,1188.55,,,,,,,,,,,,,514.4,,,,,,,,,,,,,2841313.49,,,,,,,,,,,,,10986030,,,,,,,,,,,,,,,,
2021-12-11,,,,,,,,,,1187.7,,,,,,,,,,,,,511.77,,,,,,,,,,,,,2831552.95,,,,,,,,,,,,,10934875,,,,,,,,,,,,,,,,
2021-12-12,,,,,274973.19,3092,88.93052716688227,,,1186.89,,,,,,,,,,,,,509.68,,,,,,,,42049.46,429,98.01738927738927,,,2819840.83,,,,,,,,,,,,,10901843,,,,,,,,,,,,,,,,
2021-12-13,,189.72,,28.24,,,,,,1201.72,,,,,218.84,,36.37,,,,,,507.75,,,,,263.52,,40.84,,,,,,2885201.88,,,,,217.9,,27.72,,,,,,10884819,,,,,,,,,,,,,,,,
2021-12-14,,,,,,,,,,1204.98,,,,,,,,,,,,,507.3,,,,,,,,,,,,,2858256.98,,,,,,,,,,,,,10861427,,,,,,,,,,,,,,,,
2021-12-15,,,,,,,,,,1204.61,,,,,,,,,,,,,508.3,,,,,,,,,,,,,2882665.78,,,,,,,,,,,,,10949726,,,,,,,,,,,,,,,,
2021-12-16,,,,,,,,,,1197.83,,,,,,,,,,,,,512.4,,,,,,,,,,,,,2887041.64,,,,,,,,,,,,,10941399,,,,,,,,,,,,,,,,
2021-12-17,,,,,,,,,,1193.88,,,,,,,,,,,,,513.14,,,,,,,,,,,,,3010286.83,,,,,,,,,,,,,11241608,,,,,,,,,,,,,,,,
2021-12-18,,,,,,,,,,,,,,,,,,,,,,,510.45,,,,,,,,,,,,,2995170.91,,,,,,,,,,,,,11166692,,,,,,,,,,,,,,,,
2021-12-19,,,,,265708.1,2893,91.84517801590044,,,1188.94,,,,,,,,,,,,,507.76,,,,,,,,43096.53,474,90.92094936708861,,,2972120.82,,,,,,,,,,,,,11111150,,,,,,,,,,,,,,,,
2021-12-20,,189.93,,34.41,,,,,,1189.58,,,,,218.81,,33.29,,,,,,517.6,,,,,263.55,,40.61,,,,,,2951311.28,,,,,217.65,,29.23,,,,,,11070663,,,,,,,,,,,,,,,,
2021-12-21,,,,,,,,,,1192.79,,,,,,,,,,,,,529.62,,,,,,,,,,,,,2932485.75,,,,,,,,,,,,,11077033,,,,,,,,,,,,,,,,
2021-12-22,,,,,,,,,,1209.42,,,,,,,,,,,,,534.35,,,,,,,,,,,,,3054385.82,,,,,,,,,,,,,11054053,,,,,,,,,,,,,,,,
2021-12-23,,,,,,,,,,1206.01,,,,,,,,,,,,,542.65,,,,,,,,,,,,,3036863.79,,,,,,,,,,,,,11158295,,,,,,,,,,,,,,,,
2021-12-24,,,,,,,,,,1207.94,,,,,,,,,,,,,551.81,,,,,,,,,,,,,3051288.99,,,,,,,,,,,,,11281126,,,,,,,,,,,,,,,,
2021-12-25,,,,,,,,,,1207.01,,,,,,,,,,,,,549.56,,,,,,,,,,,,,3030664.16,,,,,,,,,,,,,11150951,,,,,,,,,,,,,,,,
2021-12-26,,,,,316519.83,3570,88.66101680672269,,,1208.38,,,,,,,,,,,,,548.14,,,,,,,,41022.19,439,93.44462414578588,,,3014257.74,,,,,,,,,,,,,11086034,,,,,,,,,,,,,,,,
2021-12-27,,190.01,,32.61,,,,,,1212.53,,,,,218.26,,37.35,,,,,,555.86,,,,,263.91,,40.07,,,,,,2984320.95,,,,,217.34,,33.49,,,,,,11048251,,,,,,,,,,,,,,,,
2021-12-28,,,,,,,,,,1222.22,,,,,,,,,,,,,551.42,,,,,,,,,,,,,2957834.5,,,,,,,,,,,,,11010840,,,,,,,,,,,,,,,,
2021-12-29,,,,,,,,,,1223.56,,,,,,,,,,,,,560.85,,,,,,,,,,,,,2932365.28,,,,,,,,,,,,,11142641,,,,,,,,,,,,,,,,
2021-12-30,,,,,,,,,,1222.68,,,,,,,,,,,,,563.43,,,,,,,,,,,,,2975139.72,,,,,,,,,,,,,11062745,,,,,,,,,,,,,,,,
2021-12-31,942,,104.27,,,,,203,1.41,1209.32,736503.48,0,90.9769,678,,46.39,,,,,268,1.56,587.76,1271221.02,0,253.3591,1214,,29.21,,,,,187,1.1,2992034.21,882806.53,0,0,994,,36.31,,55.18,5823,0.009476215009445,167,1.31,11019339,141.8261,0,63.3946,7.8,9.2,8.9,7.8,3.25,5.63,124.7,117,122.7,1.5,-0.3,0.7,-0.2
2022-01-01,,,,,,,,,,1046.57,,,,,,,,,,,,,582.25,,,,,,,,,,,,,2984071.79,,,,,,,,,,,,,11004805,,,,,,,,,,,,,,,,
2022-01-02,,,,,371452.91,4201,88.42011663889551,,,1046.36,,,,,,,,,,,,,576.93,,,,,,,,46532.31,500,93.06462,,,2978967.67,,,,,,,,,,,,,10993637,,,,,,,,,,,,,,,,
2022-01-03,,190.05,,38.36,,,,,,1040.1,,,,,216.19,,39.51,,,,,,571.16,,,,,263.66,,41.02,,,,,,2974746.25,,,,,217.48,,31.02,,,,,,10984557,,,,,,,,,,,,,,,,
2022-01-04,,,,,,,,,,1054.6,,,,,,,,,,,,,573.04,,,,,,,,,,,,,2970999.02,,,,,,,,,,,,,11030342,,,,,,,,,,,,,,,,
2022-01-05,,,,,,,,,,1049.87,,,,,,,,,,,,,570.25,,,,,,,,,,,,,2948658.89,,,,,,,,,,,,,11050179,,,,,,,,,,,,,,,,
2022-01-06,,,,,,,,,,1056.55,,,,,,,,,,,,,566.16,,,,,,,,,,,,,2913264.05,,,,,,,,,,,,,11015440,,,,,,,,,,,,,,,,
2022-01-07,,,,,,,,,,1069.62,,,,,,,,,,,,,575.48,,,,,,,,,,,,,2908706.06,,,,,,,,,,,,,11052293,,,,,,,,,,,,,,,,
2022-01-08,,,,,,,,,,1066.3,,,,,,,,,,,,,570.03,,,,,,,,,,,,,2898384.08,,,,,,,,,,,,,11017421,,,,,,,,,,,,,,,,
2022-01-09,,,,,197384.87,2191,90.08894112277498,,,1065.81,,,,,,,,,,,,,565.28,,,,,,,,28487.32,307,92.79257328990228,,,2888676.19,,,,,,,,,,,,,10994527,,,,,,,,,,,,,,,,
2022-01-10,,189.78,,36.08,,,,,,1064.38,,,,,216.89,,43.4,,,,,,566.8,,,,,263.87,,39.04,,,,,,2914690.99,,,,,218.11,,33.33,,,,,,10992781,,,,,,,,,,,,,,,,
2022-01-11,,,,,,,,,,1064.26,,,,,,,,,,,,,564.42,,,,,,,,,,,,,2920884.07,,,,,,,,,,,,,10988080,,,,,,,,,,,,,,,,
2022-01-12,,,,,,,,,,1068.18,,,,,,,,,,,,,564.68,,,,,,,,,,,,,2896599.67,,,,,,,,,,,,,10976927,,,,,,,,,,,,,,,,
2022-01-13,,,,,,,,,,1065.75,,,,,,,,,,,,,563.29,,,,,,,,,,,,,2875890.65,,,,,,,,,,,,,11008350,,,,,,,,,,,,,,,,
2022-01-14,,,,,,,,,,1115.01,,,,,,,,,,,,,566.95,,,,,,,,,,,,,2868020.67,,,,,,,,,,,,,10983160,,,,,,,,,,,,,,,,
2022-01-15,,,,,,,,,,1113.25,,,,,,,,,,,,,561.66,,,,,,,,,,,,,2855803.15,,,,,,,,,,,,,10947957,,,,,,,,,,,,,,,,
2022-01-16,,,,,294391.8,3287,89.56245816854275,,,1112.23,,,,,,,,,,,,,560.4,,,,,,,,47136.17,502,93.89675298804781,,,2846585.93,,,,,,,,,,,,,10925886,,,,,,,,,,,,,,,,
2022-01-17,,190.09,,31.88,,,,,,1111.13,,,,,217.54,,44.2,,,,,,561.5,,,,,264.11,,41.94,,,,,,2840111.5,,,,,217.75,,40,,,,,,10912569,,,,,,,,,,,,,,,,
2022-01-18,,,,,,,,,,1110.5,,,,,,,,,,,,,559.47,,,,,,,,,,,,,2828614.14,,,,,,,,,,,,,10923488,,,,,,,,,,,,,,,,
2022-01-19,,,,,,,,,,1106.06,,,,,,,,,,,,,557.16,,,,,,,,,,,,,2810933.89,,,,,,,,,,,,,10947974,,,,,,,,,,,,,,,,
2022-01-20,,,,,,,,,,1107.68,,,,,,,,,,,,,558.9,,,,,,,,,,,,,2802036.31,,,,,,,,,,,,,10947393,,,,,,,,,,,,,,,,
2022-01-21,,,,,,,,,,1117.98,,,,,,,,,,,,,558.43,,,,,,,,,,,,,2811874.95,,,,,,,,,,,,,10959053,,,,,,,,,,,,,,,,
2022-01-22,,,,,,,,,,1104.94,,,,,,,,,,,,,555.18,,,,,,,,,,,,,2791864.47,,,,,,,,,,,,,10923209,,,,,,,,,,,,,,,,
2022-01-23,,,,,290558.65,3144,92.41687340966921,,,1104.52,,,,,,,,,,,,,551.72,,,,,,,,43058.79,463,92.9995464362851,,,2785921.77,,,,,,,,,,,,,10900804,,,,,,,,,,,,,,,,
2022-01-24,,189.98,,32.79,,,,,,1121.85,,,,,216.07,,43.2,,,,,,549.6,,,,,264.03,,37.87,,,,,,2781687.24,,,,,217.94,,30.28,,,,,,10963455,,,,,,,,,,,,,,,,
2022-01-25,,,,,,,,,,1118.61,,,,,,,,,,,,,546.16,,,,,,,,,,,,,2780134.04,,,,,,,,,,,,,10945964,,,,,,,,,,,,,,,,
2022-01-26,,,,,,,,,,1123.21,,,,,,,,,,,,,538.9,,,,,,,,,,,,,2772895.17,,,,,,,,,,,,,10970087,,,,,,,,,,,,,,,,
2022-01-27,,,,,,,,,,1135.56,,,,,,,,,,,,,530.57,,,,,,,,,,,,,2769763.63,,,,,,,,,,,,,10988213,,,,,,,,,,,,,,,,
2022-01-28,,,,,,,,,,1149.28,,,,,,,,,,,,,522.24,,,,,,,,,,,,,2767051.93,,,,,,,,,,,,,11029442,,,,,,,,,,,,,,,,
2022-01-29,,,,,,,,,,1157.8,,,,,,,,,,,,,516.51,,,,,,,,,,,,,2686245.77,,,,,,,,,,,,,11066785,,,,,,,,,,,,,,,,
2022-01-30,,,,,284673.05,3120,91.24136217948718,,,1156.62,,,,,,,,,,,,,514.15,,,,,,,,28546.7,284,100.51654929577465,,,2686094.44,,,,,,,,,,,,,11054195,,,,,,,,,,,,,,,,
2022-01-31,947,189.55,88.48,36.84,,,,199,1.33,,223424.68,175.3618,0,684,216.63,56.66,46.28,,,,270,1.54,514.15,142439.73,0,0,1177,264.45,22.24,38.57,,,,189,1.19,,91505.18,0,0,992,219.72,31.06,37.04,59.01,6229,0.009473430727244,165,1.29,11054001,51.2527,0,0,,,,,3.25,,125.3,119.6,124.5,0.9,0.4,0.6,-0.2
2022-02-01,,,,,,,,,,,,,,,,,,,,,,,514.15,,,,,,,,,,,,,2686094.44,,,,,,,,,,,,,11054001,,,,,,,,,,,,,,,,
2022-02-02,,,,,,,,,,,,,,,,,,,,,,,514.15,,,,,,,,,,,,,2686094.44,,,,,,,,,,,,,11054001,,,,,,,,,,,,,,,,
2022-02-03,,,,,,,,,,,,,,,,,,,,,,,511.53,,,,,,,,,,,,,2686094.44,,,,,,,,,,,,,11054001,,,,,,,,,,,,,,,,
2022-02-04,,,,,,,,,,,,,,,,,,,,,,,508.85,,,,,,,,,,,,,2686094.44,,,,,,,,,,,,,11053915,,,,,,,,,,,,,,,,
2022-02-05,,,,,,,,,,,,,,,,,,,,,,,506.32,,,,,,,,,,,,,2685624.59,,,,,,,,,,,,,11053350,,,,,,,,,,,,,,,,
2022-02-06,,,,,0,0,,,,,,,,,,,,,,,,,503.78,,,,,,,,117.79,1,117.79,,,2685624.59,,,,,,,,,,,,,11052536,,,,,,,,,,,,,,,,
2022-02-07,,189.92,,,,,,,,1144.35,,,,,215.97,,33.33,,,,,,501.58,,,,,264.35,,100,,,,,,2684704.67,,,,,218.11,,66.67,,,,,,11049172,,,,,,,,,,,,,,,,
2022-02-08,,,,,,,,,,1154.79,,,,,,,,,,,,,504.22,,,,,,,,,,,,,2684248.18,,,,,,,,,,,,,11044444,,,,,,,,,,,,,,,,
2022-02-09,,,,,,,,,,1158.9,,,,,,,,,,,,,502.98,,,,,,,,,,,,,2679293.29,,,,,,,,,,,,,11035037,,,,,,,,,,,,,,,,
2022-02-10,,,,,,,,,,1158.35,,,,,,,,,,,,,504.56,,,,,,,,,,,,,2677447.34,,,,,,,,,,,,,11021339,,,,,,,,,,,,,,,,
2022-02-11,,,,,,,,,,1157.29,,,,,,,,,,,,,499.06,,,,,,,,,,,,,2673443.18,,,,,,,,,,,,,11004986,,,,,,,,,,,,,,,,
2022-02-12,,,,,,,,,,1156.04,,,,,,,,,,,,,494.91,,,,,,,,,,,,,2669472.53,,,,,,,,,,,,,10978842,,,,,,,,,,,,,,,,
2022-02-13,,,,,163589.46,1861,87.90406233207953,,,1155.73,,,,,,,,,,,,,492.28,,,,,,,,19551.95,217,90.10115207373272,,,2665314.66,,,,,,,,,,,,,10957106,,,,,,,,,,,,,,,,
2022-02-14,,190.22,,43.9,,,,,,1154.49,,,,,216.28,,53,,,,,,487.03,,,,,263.91,,47.8,,,,,,2660035.87,,,,,218.03,,53.16,,,,,,10942599,,,,,,,,,,,,,,,,
2022-02-15,,,,,,,,,,1152.04,,,,,,,,,,,,,481.76,,,,,,,,,,,,,2652768.84,,,,,,,,,,,,,10922795,,,,,,,,,,,,,,,,
2022-02-16,,,,,,,,,,1153.13,,,,,,,,,,,,,476.69,,,,,,,,,,,,,2646909.86,,,,,,,,,,,,,10904463,,,,,,,,,,,,,,,,
2022-02-17,,,,,,,,,,1155,,,,,,,,,,,,,471.57,,,,,,,,,,,,,2641510.35,,,,,,,,,,,,,10885901,,,,,,,,,,,,,,,,
2022-02-18,,,,,,,,,,1154.18,,,,,,,,,,,,,467.79,,,,,,,,,,,,,2634901.35,,,,,,,,,,,,,10908305,,,,,,,,,,,,,,,,
2022-02-19,,,,,,,,,,1152.66,,,,,,,,,,,,,464.89,,,,,,,,,,,,,2631823.24,,,,,,,,,,,,,10859371,,,,,,,,,,,,,,,,
2022-02-20,,,,,228733.38,2486,92.00860016090104,,,1152.23,,,,,,,,,,,,,457.97,,,,,,,,25458.73,278,91.5781654676259,,,2628989.52,,,,,,,,,,,,,10819864,,,,,,,,,,,,,,,,
2022-02-21,,190.17,,39.58,,,,,,1149.85,,,,,214.57,,42.51,,,,,,464.9,,,,,264.18,,47.87,,,,,,2624779.79,,,,,218.26,,50.86,,,,,,10803285,,,,,,,,,,,,,,,,
2022-02-22,,,,,,,,,,1154.91,,,,,,,,,,,,,478.97,,,,,,,,,,,,,2621254.22,,,,,,,,,,,,,10818006,,,,,,,,,,,,,,,,
2022-02-23,,,,,,,,,,1158.03,,,,,,,,,,,,,477.01,,,,,,,,,,,,,2611133.79,,,,,,,,,,,,,10800388,,,,,,,,,,,,,,,,
2022-02-24,,,,,,,,,,1154.62,,,,,,,,,,,,,478.26,,,,,,,,,,,,,2604450.21,,,,,,,,,,,,,10781227,,,,,,,,,,,,,,,,
2022-02-25,,,,,,,,,,1161.29,,,,,,,,,,,,,478.64,,,,,,,,,,,,,2598737.16,,,,,,,,,,,,,10824150,,,,,,,,,,,,,,,,
2022-02-26,,,,,,,,,,1159.79,,,,,,,,,,,,,477.08,,,,,,,,,,,,,2590029.29,,,,,,,,,,,,,10775707,,,,,,,,,,,,,,,,
2022-02-27,,,,,277734.71,3105,89.44757165861513,,,1159.51,,,,,,,,,,,,,475.26,,,,,,,,31517.73,327,96.38449541284403,,,2585886.13,,,,,,,,,,,,,10740515,,,,,,,,,,,,,,,,
2022-02-28,948,,102.17,33.77,,,,198,1.32,1179.43,262014.37,0,160.9069,682,,68.29,50.81,,,,270,1.54,499.15,1140956.43,450.6334,0,1132,,20.32,42.63,,,,189,1.23,2580582.62,36911.56,0,0,1000,,30.86,37.5,37.25,,,165,1.28,10721762,27.0313,0,0,,,,,3.25,,125,118,123.9,0.9,0.6,0.5,0.1
2022-03-01,,,,,,,,,,983.96,,,,,,,,,,,,,505.39,,,,,,,,,,,,,2578743.88,,,,,,,,,,,,,10723902,,,,,,,,,,,,,,,,
2022-03-02,,,,,,,,,,981,,,,,,,,,,,,,520.58,,,,,,,,,,,,,2573733.34,,,,,,,,,,,,,10731402,,,,,,,,,,,,,,,,
2022-03-03,,,,,,,,,,978.93,,,,,,,,,,,,,521.68,,,,,,,,,,,,,2569948.45,,,,,,,,,,,,,10674847,,,,,,,,,,,,,,,,
2022-03-04,,,,,,,,,,1002.5,,,,,,,,,,,,,517.54,,,,,,,,,,,,,2563393.87,,,,,,,,,,,,,10659007,,,,,,,,,,,,,,,,
2022-03-05,,,,,,,,,,992.68,,,,,,,,,,,,,516.2,,,,,,,,,,,,,2558013.41,,,,,,,,,,,,,10628504,,,,,,,,,,,,,,,,
2022-03-06,,,,,297111.14,3354,88.58412045319022,,,992.3,,,,,,,,,,,,,517.14,,,,,,,,27130.72,288,94.20388888888888,,,2555536.36,,,,,,,,,,,,,10608669,,,,,,,,,,,,,,,,
2022-03-07,,190.2,,35.71,,,,,,1045.4,,,,,215.57,,47.81,,,,,,516.01,,,,,263.84,,38,,,,,,2550192.66,,,,,217.54,,31.62,,,,,,10623321,,,,,,,,,,,,,,,,
2022-03-08,,,,,,,,,,1051.3,,,,,,,,,,,,,517.96,,,,,,,,,,,,,2547025.62,,,,,,,,,,,,,10628212,,,,,,,,,,,,,,,,
2022-03-09,,,,,,,,,,1081.29,,,,,,,,,,,,,516.4,,,,,,,,,,,,,2542289.24,,,,,,,,,,,,,10647774,,,,,,,,,,,,,,,,
2022-03-10,,,,,,,,,,1109.24,,,,,,,,,,,,,520.03,,,,,,,,,,,,,2538285.88,,,,,,,,,,,,,10767337,,,,,,,,,,,,,,,,
2022-03-11,,,,,,,,,,1135.71,,,,,,,,,,,,,523.86,,,,,,,,,,,,,2532311.51,,,,,,,,,,,,,10940250,,,,,,,,,,,,,,,,
2022-03-12,,,,,,,,,,1135.01,,,,,,,,,,,,,522.56,,,,,,,,,,,,,2527256.87,,,,,,,,,,,,,10986472,,,,,,,,,,,,,,,,
2022-03-13,,,,,322252.85,3713,86.79042553191489,,,1134.5,,,,,,,,,,,,,521.54,,,,,,,,24450.19,265,92.2648679245283,,,2524111.94,,,,,,,,,,,,,10964332,,,,,,,,,,,,,,,,
2022-03-14,,190.62,,34.38,,,,,,1135.78,,,,,215.87,,48.46,,,,,,527.44,,,,,263.45,,36.1,,,,,,2523248.56,,,,,217.45,,30.43,,,,,,10969268,,,,,,,,,,,,,,,,
2022-03-15,,,,,,,,,,1150.62,,,,,,,,,,,,,524.62,,,,,,,,,,,,,2522370.4,,,,,,,,,,,,,10969067,,,,,,,,,,,,,,,,
2022-03-16,,,,,,,,,,,,,,,,,,,,,,,526.19,,,,,,,,,,,,,2521606.16,,,,,,,,,,,,,10967591,,,,,,,,,,,,,,,,
2022-03-17,,,,,,,,,,1147.48,,,,,,,,,,,,,510.84,,,,,,,,,,,,,2520692.79,,,,,,,,,,,,,10980457,,,,,,,,,,,,,,,,
2022-03-18,,,,,,,,,,1166.88,,,,,,,,,,,,,522.64,,,,,,,,,,,,,2519315.72,,,,,,,,,,,,,11050773,,,,,,,,,,,,,,,,
2022-03-19,,,,,,,,,,1165.24,,,,,,,,,,,,,519.24,,,,,,,,,,,,,2568413.54,,,,,,,,,,,,,11030968,,,,,,,,,,,,,,,,
2022-03-20,,,,,317386.09,3529,89.93655143100028,,,1164.55,,,,,,,,,,,,,517.09,,,,,,,,2979.46,33,90.28666666666666,,,2567902.64,,,,,,,,,,,,,11002293,,,,,,,,,,,,,,,,
2022-03-21,,190.98,,31.03,,,,,,1169.64,,,,,215.38,,49.28,,,,,,514.79,,,,,264.03,,43.59,,,,,,2565755.27,,,,,219.05,,30.07,,,,,,11006449,,,,,,,,,,,,,,,,
2022-03-22,,,,,,,,,,1174.91,,,,,,,,,,,,,512.28,,,,,,,,,,,,,2559487.06,,,,,,,,,,,,,11007523,,,,,,,,,,,,,,,,
2022-03-23,,,,,,,,,,1167.91,,,,,,,,,,,,,510.94,,,,,,,,,,,,,2554758.81,,,,,,,,,,,,,10992559,,,,,,,,,,,,,,,,
2022-03-24,,,,,,,,,,1180.55,,,,,,,,,,,,,509.27,,,,,,,,,,,,,2547846.9,,,,,,,,,,,,,10908562,,,,,,,,,,,,,,,,
2022-03-25,,,,,,,,,,1176.36,,,,,,,,,,,,,506.81,,,,,,,,,,,,,2543708.22,,,,,,,,,,,,,,,,,,,,,,,,,,,,,
2022-03-26,,,,,,,,,,1167.88,,,,,,,,,,,,,506.73,,,,,,,,,,,,,2538968.62,,,,,,,,,,,,,,,,,,,,,,,,,,,,,
2022-03-27,,,,,338627.23,3778,89.63134727368978,,,1165.83,,,,,,,,,,,,,506.73,,,,,,,,29851.8,321,92.99626168224299,,,2536291.94,,,,,,,,,,,,,,,,,,,,,,,,,,,,,
2022-03-28,,191.01,,36.94,,,,,,1163.22,,,,,212.53,,46.79,,,,,,501.79,,,,,263.57,,43.85,,,,,,2527860.95,,,,,218.16,,33.03,,,,,,,,,,,,,,,,,,,,,,
2022-03-29,,,,,,,,,,1160.19,,,,,,,,,,,,,500.77,,,,,,,,,,,,,2542788.83,,,,,,,,,,,,,,,,,,,,,,,,,,,,,
2022-03-30,,,,,,,,,,1157.21,,,,,,,,,,,,,504.49,,,,,,,,,,,,,2530309.67,,,,,,,,,,,,,,,,,,,,,,,,,,,,,
2022-03-31,970,,99.55,,,,,199,1.3,1164.42,480611.87,0,0,688,,52.41,,,,,269,1.52,502.95,284863.39,0,20.7822,1164,,24.02,,,,,186,1.18,2515066.21,108488.05,87.7054,0,992,,36.56,,51.1,5452,0.00937270726339,165,1.29,,36.0971,317.5828,0,5,,5,5.1,3.25,5.49,116.1,114.1,116.19999999999999,1.5,0,0.2,0
2022-04-01,,,,,,,,,,1168.25,,,,,,,,,,,,,501.44,,,,,,,,,,,,,2505730.94,,,,,,,,,,,,,,,,,,,,,,,,,,,,,
2022-04-02,,,,,,,,,,1188.03,,,,,,,,,,,,,500.83,,,,,,,,,,,,,2491069.45,,,,,,,,,,,,,,,,,,,,,,,,,,,,,
2022-04-03,,,,,295483.87,3302,89.48633252574197,,,1183.73,,,,,,,,,,,,,500.39,,,,,,,,39130.7,414,94.51859903381643,,,2474811.72,,,,,,,,,,,,,,,,,,,,,,,,,,,,,
2022-04-04,,190.56,,29.55,,,,,,1183.36,,,,,213.41,,50,,,,,,500.01,,,,,263.51,,40.54,,,,,,2468234.65,,,,,218.54,,27.58,,,,,,,,,,,,,,,,,,,,,,
2022-04-05,,,,,,,,,,1183.07,,,,,,,,,,,,,499.6,,,,,,,,,,,,,2462822.22,,,,,,,,,,,,,,,,,,,,,,,,,,,,,
2022-04-06,,,,,,,,,,1195.76,,,,,,,,,,,,,499.31,,,,,,,,,,,,,2453093.55,,,,,,,,,,,,,10945197,,,,,,,,,,,,,,,,
2022-04-07,,,,,,,,,,1193.92,,,,,,,,,,,,,498.81,,,,,,,,,,,,,2437840.05,,,,,,,,,,,,,10942246,,,,,,,,,,,,,,,,
2022-04-08,,,,,,,,,,1191.95,,,,,,,,,,,,,498.5,,,,,,,,,,,,,2430526.82,,,,,,,,,,,,,11013654,,,,,,,,,,,,,,,,
2022-04-09,,,,,,,,,,1187.88,,,,,,,,,,,,,498.38,,,,,,,,,,,,,2426365.07,,,,,,,,,,,,,11013654,,,,,,,,,,,,,,,,
2022-04-10,,,,,187631.38,2115,88.71460047281325,,,1187.69,,,,,,,,,,,,,497.96,,,,,,,,22512.43,238,94.59004201680672,,,2418449.02,,,,,,,,,,,,,11013654,,,,,,,,,,,,,,,,
2022-04-11,,191.15,,32.61,,,,,,1194.53,,,,,212.88,,64.15,,,,,,497.7,,,,,263.53,,35.82,,,,,,2411650.85,,,,,217.01,,32.72,,,,,,10882043,,,,,,,,,,,,,,,,
2022-04-12,,,,,,,,,,1198.6,,,,,,,,,,,,,497.53,,,,,,,,,,,,,2404243.8,,,,,,,,,,,,,10917166,,,,,,,,,,,,,,,,
2022-04-13,,,,,,,,,,1196.17,,,,,,,,,,,,,497.32,,,,,,,,,,,,,2392980.3,,,,,,,,,,,,,10900727,,,,,,,,,,,,,,,,
2022-04-14,,,,,,,,,,1195.26,,,,,,,,,,,,,497.13,,,,,,,,,,,,,2383997.15,,,,,,,,,,,,,10882581,,,,,,,,,,,,,,,,
2022-04-15,,,,,,,,,,1193.2,,,,,,,,,,,,,496.71,,,,,,,,,,,,,2469108.14,,,,,,,,,,,,,10946503,,,,,,,,,,,,,,,,
2022-04-16,,,,,,,,,,1211.74,,,,,,,,,,,,,496.52,,,,,,,,,,,,,2461766.18,,,,,,,,,,,,,10979235,,,,,,,,,,,,,,,,
2022-04-17,,,,,319586.7,3542,90.2277526821005,,,,,,,,,,,,,,,,496.35,,,,,,,,43557.44,478,91.12435146443515,,,2457974.83,,,,,,,,,,,,,10957118,,,,,,,,,,,,,,,,
2022-04-18,,190.69,,23.81,,,,,,1210.06,,,,,212.6,,58.33,,,,,,491.71,,,,,263.71,,44.72,,,,,,2450673.53,,,,,217.62,,30.4,,,,,,10957118,,,,,,,,,,,,,,,,
2022-04-19,,,,,,,,,,1229.66,,,,,,,,,,,,,490.78,,,,,,,,,,,,,2443408.35,,,,,,,,,,,,,10968538,,,,,,,,,,,,,,,,
2022-04-20,,,,,,,,,,1234.46,,,,,,,,,,,,,485.51,,,,,,,,,,,,,2437358.92,,,,,,,,,,,,,10991048,,,,,,,,,,,,,,,,
2022-04-21,,,,,,,,,,1232.56,,,,,,,,,,,,,485.4,,,,,,,,,,,,,2430660.28,,,,,,,,,,,,,11071733,,,,,,,,,,,,,,,,
2022-04-22,,,,,,,,,,1240.35,,,,,,,,,,,,,485.2,,,,,,,,,,,,,2424695.02,,,,,,,,,,,,,11104596,,,,,,,,,,,,,,,,
2022-04-23,,,,,,,,,,1239.6,,,,,,,,,,,,,485.19,,,,,,,,,,,,,2417344.44,,,,,,,,,,,,,11062985,,,,,,,,,,,,,,,,
2022-04-24,,,,,367119.36,4067,90.26785345463486,,,1238.06,,,,,,,,,,,,,485.03,,,,,,,,58202.18,603,96.52102819237147,,,2406992.39,,,,,,,,,,,,,11094761,,,,,,,,,,,,,,,,
2022-04-25,,190.6,,19.63,,,,,,1237.81,,,,,212.69,,54.72,,,,,,484.8,,,,,263.65,,41.02,,,,,,2428471.62,,,,,217.28,,34.93,,,,,,11142420,,,,,,,,,,,,,,,,
2022-04-26,,,,,,,,,,1240.29,,,,,,,,,,,,,481.8,,,,,,,,,,,,,2421083.95,,,,,,,,,,,,,11213339,,,,,,,,,,,,,,,,
2022-04-27,,,,,,,,,,1254.11,,,,,,,,,,,,,481.7,,,,,,,,,,,,,2449821.62,,,,,,,,,,,,,11338552,,,,,,,,,,,,,,,,
2022-04-28,,,,,,,,,,1298.67,,,,,,,,,,,,,479.56,,,,,,,,,,,,,2443222.32,,,,,,,,,,,,,11458110,,,,,,,,,,,,,,,,
2022-04-29,,,,,,,,,,1327.98,,,,,,,,,,,,,478.98,,,,,,,,,,,,,2563229.03,,,,,,,,,,,,,11662202,,,,,,,,,,,,,,,,
2022-04-30,976,,91.55,,,,,203,1.32,1327.55,1668471.64,175.0449,0,688,,34.12,,,,,269,1.52,476.64,0,0,0,1159,,25.25,,,,,187,1.19,2555770.81,436816.88,0,87.7054,1011,,27.53,,53.07,5551,0.00956043956044,165,1.27,11662202,70.4376,0,0,,,,,3.25,,79.4,93.5,86.8,2.1,0.4,0,-0.2
2022-05-01,,,,,313428.25,3438,91.16586678301339,,,1322.31,,,,,,,,,,,,,476.57,,,,,,,,40522.59,421,96.25318289786223,,,2552015.84,,,,,,,,,,,,,11662202,,,,,,,,,,,,,,,,
2022-05-02,,191.09,,33.7,,,,,,1321.91,,,,,212.37,,64.15,,,,,,476.5,,,,,263.6,,39.12,,,,,,2550118.51,,,,,217.8,,32.21,,,,,,11661486,,,,,,,,,,,,,,,,
2022-05-03,,,,,,,,,,1321.68,,,,,,,,,,,,,473.18,,,,,,,,,,,,,2545085.53,,,,,,,,,,,,,11661486,,,,,,,,,,,,,,,,
2022-05-04,,,,,,,,,,1321.61,,,,,,,,,,,,,473.11,,,,,,,,,,,,,2541300.16,,,,,,,,,,,,,11661398,,,,,,,,,,,,,,,,
2022-05-05,,,,,,,,,,1323.43,,,,,,,,,,,,,473.04,,,,,,,,,,,,,2536937.08,,,,,,,,,,,,,11628218,,,,,,,,,,,,,,,,
2022-05-06,,,,,,,,,,1320.67,,,,,,,,,,,,,472.96,,,,,,,,,,,,,2533237.82,,,,,,,,,,,,,11586446,,,,,,,,,,,,,,,,
2022-05-07,,,,,,,,,,1318.75,,,,,,,,,,,,,472.89,,,,,,,,,,,,,2599336.05,,,,,,,,,,,,,11573798,,,,,,,,,,,,,,,,
2022-05-08,,,,,143787.27,1536,93.61150390625,,,1316.91,,,,,,,,,,,,,472.82,,,,,,,,23669.21,245,96.60902040816326,,,2591406.8,,,,,,,,,,,,,11527574,,,,,,,,,,,,,,,,
2022-05-09,,190.88,,19.4,,,,,,1320.45,,,,,212.63,,60,,,,,,472.75,,,,,263.53,,40.15,,,,,,2580430.47,,,,,217.49,,30.86,,,,,,11554350,,,,,,,,,,,,,,,,
2022-05-10,,,,,,,,,,1317.82,,,,,,,,,,,,,472.68,,,,,,,,,,,,,2575616.87,,,,,,,,,,,,,11524009,,,,,,,,,,,,,,,,
2022-05-11,,,,,,,,,,1320.14,,,,,,,,,,,,,472.59,,,,,,,,,,,,,2566943.49,,,,,,,,,,,,,11500504,,,,,,,,,,,,,,,,
2022-05-12,,,,,,,,,,1317.96,,,,,,,,,,,,,472.5,,,,,,,,,,,,,2576480.8,,,,,,,,,,,,,11604735,,,,,,,,,,,,,,,,
2022-05-13,,,,,,,,,,1314.99,,,,,,,,,,,,,472.37,,,,,,,,,,,,,2621936.16,,,,,,,,,,,,,11606786,,,,,,,,,,,,,,,,
2022-05-14,,,,,,,,,,1314.13,,,,,,,,,,,,,472.25,,,,,,,,,,,,,2616465.18,,,,,,,,,,,,,11570689,,,,,,,,,,,,,,,,
2022-05-15,,,,,228906.54,2422,94.51137076796036,,,1309.27,,,,,,,,,,,,,472.17,,,,,,,,56944.46,592,96.18996621621622,,,2609415.05,,,,,,,,,,,,,11533953,,,,,,,,,,,,,,,,
2022-05-16,,190.54,,37.29,,,,,,1307.61,,,,,212.4,,63.64,,,,,,472.14,,,,,263.56,,41.02,,,,,,2602466.33,,,,,218.02,,31.06,,,,,,11568752,,,,,,,,,,,,,,,,
2022-05-17,,,,,,,,,,1305.85,,,,,,,,,,,,,475.35,,,,,,,,,,,,,2598072.19,,,,,,,,,,,,,11565913,,,,,,,,,,,,,,,,
2022-05-18,,,,,,,,,,1304.64,,,,,,,,,,,,,475.32,,,,,,,,,,,,,2593758.27,,,,,,,,,,,,,11552232,,,,,,,,,,,,,,,,
2022-05-19,,,,,,,,,,1297.7,,,,,,,,,,,,,475.27,,,,,,,,,,,,,2654893.63,,,,,,,,,,,,,11532985,,,,,,,,,,,,,,,,
2022-05-20,,,,,,,,,,1287.36,,,,,,,,,,,,,475.21,,,,,,,,,,,,,2650777.94,,,,,,,,,,,,,11607450,,,,,,,,,,,,,,,,
2022-05-21,,,,,,,,,,1285.58,,,,,,,,,,,,,475.13,,,,,,,,,,,,,2641179.6,,,,,,,,,,,,,11572958,,,,,,,,,,,,,,,,
2022-05-22,,,,,195915.96,2016,97.18053571428571,,,1285.45,,,,,,,,,,,,,475.07,,,,,,,,60093.47,629,95.5381081081081,,,2632508.07,,,,,,,,,,,,,11547161,,,,,,,,,,,,,,,,
2022-05-23,,191.16,,31.67,,,,,,1289.25,,,,,213.75,,57.89,,,,,,475.01,,,,,263.74,,39.89,,,,,,2625553.39,,,,,217.67,,30.92,,,,,,11501108,,,,,,,,,,,,,,,,
2022-05-24,,,,,,,,,,1292,,,,,,,,,,,,,474.94,,,,,,,,,,,,,2621132.82,,,,,,,,,,,,,11496109,,,,,,,,,,,,,,,,
2022-05-25,,,,,,,,,,1294.73,,,,,,,,,,,,,474.88,,,,,,,,,,,,,2616360.45,,,,,,,,,,,,,11579297,,,,,,,,,,,,,,,,
2022-05-26,,,,,,,,,,1283.35,,,,,,,,,,,,,474.58,,,,,,,,,,,,,2587592.17,,,,,,,,,,,,,11611001,,,,,,,,,,,,,,,,
2022-05-27,,,,,,,,,,1287.95,,,,,,,,,,,,,472.88,,,,,,,,,,,,,2688012.12,,,,,,,,,,,,,11647638,,,,,,,,,,,,,,,,
2022-05-28,,,,,,,,,,1296.19,,,,,,,,,,,,,471.41,,,,,,,,,,,,,2680815.66,,,,,,,,,,,,,11602630,,,,,,,,,,,,,,,,
2022-05-29,,,,,167273.3,1711,97.76347165400351,,,1290.89,,,,,,,,,,,,,469.34,,,,,,,,59085.42,635,93.04790551181102,,,2675733.62,,,,,,,,,,,,,11561593,,,,,,,,,,,,,,,,
2022-05-30,,190.77,,22.73,,,,,,1288.82,,,,,214.86,,60.9,,,,,,467.48,,,,,263.6,,39.06,,,,,,2665601.52,,,,,217.98,,28.97,,,,,,11526951,,,,,,,,,,,,,,,,
2022-05-31,958,,63.07,,,,,202,1.33,1291.36,262076.87,0,78.6512,688,,36.41,,,,,269,1.52,465.85,0,0,0,1189,,22.81,,,,,186,1.16,2655799.82,317347.26,0,0,1022,,23.7,,59.32,,,167,1.27,11577169,122.249,0,302.7742,,,,,3.25,,80,93.9,87.69999999999999,2.1,-0.2,-0.2,-0.1
2022-06-01,,,,,,,,,,1288.77,,,,,,,,,,,,,464.98,,,,,,,,,,,,,2632296.18,,,,,,,,,,,,,11610201,,,,,,,,,,,,,,,,
2022-06-02,,,,,,,,,,1286.44,,,,,,,,,,,,,465.44,,,,,,,,,,,,,2631759.3,,,,,,,,,,,,,11793338,,,,,,,,,,,,,,,,
2022-06-03,,,,,,,,,,1296.09,,,,,,,,,,,,,463.89,,,,,,,,,,,,,2626180.09,,,,,,,,,,,,,11774421,,,,,,,,,,,,,,,,
2022-06-04,,,,,,,,,,1292.94,,,,,,,,,,,,,463.71,,,,,,,,,,,,,2621299.83,,,,,,,,,,,,,11760413,,,,,,,,,,,,,,,,
2022-06-05,,,,,154506.38,1638,94.32623931623931,,,1291.88,,,,,,,,,,,,,465.64,,,,,,,,43732.74,458,95.48633187772926,,,2618997.74,,,,,,,,,,,,,11743133,,,,,,,,,,,,,,,,
2022-06-06,,190.89,,33.33,,,,,,1291.69,,,,,215.16,,66.15,,,,,,464.65,,,,,263.52,,35.13,,,,,,2612822.17,,,,,217.68,,33.2,,,,,,11734708,,,,,,,,,,,,,,,,
2022-06-07,,,,,,,,,,1289.47,,,,,,,,,,,,,464.32,,,,,,,,,,,,,2648794.53,,,,,,,,,,,,,11761591,,,,,,,,,,,,,,,,
2022-06-08,,,,,,,,,,1298.41,,,,,,,,,,,,,461.53,,,,,,,,,,,,,2644485.14,,,,,,,,,,,,,11732720,,,,,,,,,,,,,,,,
2022-06-09,,,,,,,,,,1301.3,,,,,,,,,,,,,463.99,,,,,,,,,,,,,2638982.21,,,,,,,,,,,,,11753885,,,,,,,,,,,,,,,,
2022-06-10,,,,,,,,,,1286.39,,,,,,,,,,,,,460.26,,,,,,,,,,,,,2819708.89,,,,,,,,,,,,,11799803,,,,,,,,,,,,,,,,
2022-06-11,,,,,,,,,,1281.39,,,,,,,,,,,,,457.39,,,,,,,,,,,,,2831867.1,,,,,,,,,,,,,11765069,,,,,,,,,,,,,,,,
2022-06-12,,,,,196522.47,2099,93.62671272034302,,,1272.76,,,,,,,,,,,,,455.15,,,,,,,,53176.5,555,95.81351351351351,,,2827820.56,,,,,,,,,,,,,11735735,,,,,,,,,,,,,,,,
2022-06-13,,191.07,,32.61,,,,,,1268.92,,,,,215.2,,58.31,,,,,,456.29,,,,,263.51,,35.74,,,,,,2821829.79,,,,,217.32,,30,,,,,,11735501,,,,,,,,,,,,,,,,
2022-06-14,,,,,,,,,,1266.95,,,,,,,,,,,,,466.8,,,,,,,,,,,,,2939813.53,,,,,,,,,,,,,11735067,,,,,,,,,,,,,,,,
2022-06-15,,,,,,,,,,1269.76,,,,,,,,,,,,,474.48,,,,,,,,,,,,,2931604,,,,,,,,,,,,,11705672,,,,,,,,,,,,,,,,
2022-06-16,,,,,,,,,,1260.69,,,,,,,,,,,,,472.49,,,,,,,,,,,,,2986380.74,,,,,,,,,,,,,11641920,,,,,,,,,,,,,,,,
2022-06-17,,,,,,,,,,1262.55,,,,,,,,,,,,,470.74,,,,,,,,,,,,,3060562.81,,,,,,,,,,,,,11712378,,,,,,,,,,,,,,,,
2022-06-18,,,,,,,,,,1237.68,,,,,,,,,,,,,468.54,,,,,,,,,,,,,3065998.37,,,,,,,,,,,,,11614714,,,,,,,,,,,,,,,,
2022-06-19,,,,,239633.35,2516,95.24377980922098,,,1236.93,,,,,,,,,,,,,465.81,,,,,,,,50769.94,517,98.20104448742747,,,3066605.17,,,,,,,,,,,,,11536207,,,,,,,,,,,,,,,,
2022-06-20,,190.93,,30.3,,,,,,1246.91,,,,,215.06,,52.54,,,,,,467,,,,,263.36,,34.18,,,,,,3039933.64,,,,,217.38,,29.93,,,,,,11504967,,,,,,,,,,,,,,,,
2022-06-21,,,,,,,,,,1251.84,,,,,,,,,,,,,480.89,,,,,,,,,,,,,3050439.62,,,,,,,,,,,,,11494353,,,,,,,,,,,,,,,,
2022-06-22,,,,,,,,,,1252.87,,,,,,,,,,,,,500.78,,,,,,,,,,,,,3036226.16,,,,,,,,,,,,,11464751,,,,,,,,,,,,,,,,
2022-06-23,,,,,,,,,,1259.78,,,,,,,,,,,,,497.23,,,,,,,,,,,,,3026292.61,,,,,,,,,,,,,11373674,,,,,,,,,,,,,,,,
2022-06-24,,,,,,,,,,1260.67,,,,,,,,,,,,,498.89,,,,,,,,,,,,,3014751.48,,,,,,,,,,,,,,,,,,,,,,,,,,,,,
2022-06-25,,,,,,,,,,1258.84,,,,,,,,,,,,,496.86,,,,,,,,,,,,,2993977.42,,,,,,,,,,,,,11449947,,,,,,,,,,,,,,,,
2022-06-26,,,,,258982.9,2700,95.9195925925926,,,1258.07,,,,,,,,,,,,,493.94,,,,,,,,55897.63,589,94.90259762308999,,,2970736.74,,,,,,,,,,,,,11413174,,,,,,,,,,,,,,,,
2022-06-27,,191.19,,29.76,,,,,,1257.33,,,,,215.82,,47.23,,,,,,491.65,,,,,263.35,,34.61,,,,,,2926215.56,,,,,217.84,,23.9,,,,,,11355839,,,,,,,,,,,,,,,,
2022-06-28,,,,,,,,,,1276.44,,,,,,,,,,,,,492.62,,,,,,,,,,,,,2906202.96,,,,,,,,,,,,,11425513,,,,,,,,,,,,,,,,
2022-06-29,,,,,,,,,,1278.23,,,,,,,,,,,,,490.47,,,,,,,,,,,,,2911995.24,,,,,,,,,,,,,11408419,,,,,,,,,,,,,,,,
2022-06-30,971,,48.93,,,,,205,1.33,1265.38,579164.44,0,66.0582,699,,53.29,,,,,273,1.52,483.13,1102255.99,232.3564,429.8512,1195,,19.6,,,,,186,1.15,2944674.75,667733.27,0,0,1038,,19.56,,61.3,6394,0.009587112918361,168,1.26,11403854,107.11,214.5076,0,-3.3,,3.6,3.1,3.25,4.62,82.9,96.7,91,2.5,0,-0.3,0.1
2022-07-01,,,,,,,,,,995.72,,,,,,,,,,,,,485.21,,,,,,,,,,,,,2926583.18,,,,,,,,,,,,,11491056,,,,,,,,,,,,,,,,
2022-07-02,,,,,,,,,,986.88,,,,,,,,,,,,,477.91,,,,,,,,,,,,,2920857.88,,,,,,,,,,,,,11469439,,,,,,,,,,,,,,,,
2022-07-03,,,,,316231.76,3454,91.55522872032427,,,986.66,,,,,,,,,,,,,473.33,,,,,,,,45436.92,473,96.06114164904862,,,2913877.23,,,,,,,,,,,,,,,,,,,,,,,,,,,,,
2022-07-04,,191.32,,33.33,,,,,,1001.02,,,,,216.67,,50.53,,,,,,475.8,,,,,263.38,,32.33,,,,,,2960969.15,,,,,217.81,,29.11,,,,,,11445441,,,,,,,,,,,,,,,,
2022-07-05,,,,,,,,,,1040.67,,,,,,,,,,,,,479.82,,,,,,,,,,,,,2949753.05,,,,,,,,,,,,,11474657,,,,,,,,,,,,,,,,
2022-07-06,,,,,,,,,,1065.89,,,,,,,,,,,,,476.69,,,,,,,,,,,,,2937640.63,,,,,,,,,,,,,11457268,,,,,,,,,,,,,,,,
2022-07-07,,,,,,,,,,1073.76,,,,,,,,,,,,,478.99,,,,,,,,,,,,,2929014.57,,,,,,,,,,,,,11469028,,,,,,,,,,,,,,,,
2022-07-08,,,,,,,,,,1078.66,,,,,,,,,,,,,483.59,,,,,,,,,,,,,2914493.64,,,,,,,,,,,,,11483106,,,,,,,,,,,,,,,,
2022-07-09,,,,,,,,,,1077.76,,,,,,,,,,,,,478.81,,,,,,,,,,,,,2905693.47,,,,,,,,,,,,,11473256,,,,,,,,,,,,,,,,
2022-07-10,,,,,229905.91,2452,93.76260603588906,,,1077.15,,,,,,,,,,,,,476.7,,,,,,,,52787.86,539,97.93666048237476,,,2897430.7,,,,,,,,,,,,,11457235,,,,,,,,,,,,,,,,
2022-07-11,,190.98,,20.25,,,,,,1080.55,,,,,217.19,,47.97,,,,,,474.59,,,,,263.45,,37.04,,,,,,2976622.58,,,,,217.93,,22.96,,,,,,11457235,,,,,,,,,,,,,,,,
2022-07-12,,,,,,,,,,1085.32,,,,,,,,,,,,,456.63,,,,,,,,,,,,,2984836.44,,,,,,,,,,,,,11457235,,,,,,,,,,,,,,,,
2022-07-13,,,,,,,,,,1095.42,,,,,,,,,,,,,,,,,,,,,,,,,,2975485.81,,,,,,,,,,,,,11447791,,,,,,,,,,,,,,,,
2022-07-14,,,,,,,,,,1115.33,,,,,,,,,,,,,475.52,,,,,,,,,,,,,2966462.39,,,,,,,,,,,,,11585157,,,,,,,,,,,,,,,,
2022-07-15,,,,,,,,,,1150.64,,,,,,,,,,,,,471.21,,,,,,,,,,,,,3056906.63,,,,,,,,,,,,,11652712,,,,,,,,,,,,,,,,
2022-07-16,,,,,,,,,,1149.7,,,,,,,,,,,,,468.91,,,,,,,,,,,,,3044928.44,,,,,,,,,,,,,11621017,,,,,,,,,,,,,,,,
2022-07-17,,,,,270876.13,2953,91.72913308499831,,,1149.14,,,,,,,,,,,,,466.48,,,,,,,,51578.33,532,96.95174812030075,,,3035888.06,,,,,,,,,,,,,11601259,,,,,,,,,,,,,,,,
2022-07-18,,191.15,,32.88,,,,,,1147.66,,,,,217.21,,47.81,,,,,,461.91,,,,,263.45,,37.06,,,,,,3158925.88,,,,,217.63,,26.19,,,,,,11586992,,,,,,,,,,,,,,,,
2022-07-19,,,,,,,,,,,,,,,,,,,,,,,466.62,,,,,,,,,,,,,3150983.52,,,,,,,,,,,,,11601222,,,,,,,,,,,,,,,,
2022-07-20,,,,,,,,,,1178.56,,,,,,,,,,,,,461.96,,,,,,,,,,,,,3146140.39,,,,,,,,,,,,,11610606,,,,,,,,,,,,,,,,
2022-07-21,,,,,,,,,,1186.41,,,,,,,,,,,,,460.91,,,,,,,,,,,,,3186032.77,,,,,,,,,,,,,11660354,,,,,,,,,,,,,,,,
2022-07-22,,,,,,,,,,1195.89,,,,,,,,,,,,,476.39,,,,,,,,,,,,,3179480.98,,,,,,,,,,,,,11633369,,,,,,,,,,,,,,,,
2022-07-23,,,,,,,,,,1194.9,,,,,,,,,,,,,473.37,,,,,,,,,,,,,3173435.13,,,,,,,,,,,,,11596212,,,,,,,,,,,,,,,,
2022-07-24,,,,,222451.21,2490,89.33783534136546,,,1194.15,,,,,,,,,,,,,471.34,,,,,,,,48288.48,489,98.74944785276074,,,3142964.43,,,,,,,,,,,,,11578343,,,,,,,,,,,,,,,,
2022-07-25,,191.15,,33.33,,,,,,1202.94,,,,,217.07,,46.92,,,,,,481.8,,,,,263.65,,32.19,,,,,,3135553.91,,,,,217.62,,30.22,,,,,,11553599,,,,,,,,,,,,,,,,
2022-07-26,,,,,,,,,,1199.67,,,,,,,,,,,,,483.62,,,,,,,,,,,,,3126050.43,,,,,,,,,,,,,11568022,,,,,,,,,,,,,,,,
2022-07-27,,,,,,,,,,1201.63,,,,,,,,,,,,,480.55,,,,,,,,,,,,,3119218.54,,,,,,,,,,,,,11558995,,,,,,,,,,,,,,,,
2022-07-28,,,,,,,,,,1215.16,,,,,,,,,,,,,477.95,,,,,,,,,,,,,3111077.1,,,,,,,,,,,,,11578353,,,,,,,,,,,,,,,,
2022-07-29,,,,,,,,,,1214.93,,,,,,,,,,,,,477.12,,,,,,,,,,,,,3103545.73,,,,,,,,,,,,,11560478,,,,,,,,,,,,,,,,
2022-07-30,,,,,,,,,,1213.14,,,,,,,,,,,,,474.96,,,,,,,,,,,,,3093000.18,,,,,,,,,,,,,11515702,,,,,,,,,,,,,,,,
2022-07-31,954,,51.97,,317467.37,3497,90.78277666571347,207,1.37,1204.38,371939.14,0,0,695,,39.27,,,,,271,1.52,472.05,537307.8,0,232.3564,1162,,16.65,,41055.93,420,97.75221428571429,186,1.18,,452530.42,347.8032,0,1028,,17.82,,60.56,6302,0.009609647730879,168,1.27,11493202,87.95,0,139.9629,,,,,3.25,,81.6,95.4,89.6,2.7,0.5,-0.4,0.1
2022-08-01,,191.28,,28.57,,,,,,1209.16,,,,,218.27,,41.7,,,,,,476.51,,,,,263.03,,33.93,,,,,,3077421.37,,,,,217.91,,26.69,,,,,,11492002,,,,,,,,,,,,,,,,
2022-08-02,,,,,,,,,,1207.26,,,,,,,,,,,,,481,,,,,,,,,,,,,3070928.81,,,,,,,,,,,,,11566650,,,,,,,,,,,,,,,,
2022-08-03,,,,,,,,,,1213.28,,,,,,,,,,,,,480.56,,,,,,,,,,,,,3065764.12,,,,,,,,,,,,,11542593,,,,,,,,,,,,,,,,
2022-08-04,,,,,,,,,,1216.03,,,,,,,,,,,,,485.65,,,,,,,,,,,,,3058019.86,,,,,,,,,,,,,11529650,,,,,,,,,,,,,,,,
2022-08-05,,,,,,,,,,1216.82,,,,,,,,,,,,,490.34,,,,,,,,,,,,,3052793.28,,,,,,,,,,,,,11515853,,,,,,,,,,,,,,,,
2022-08-06,,,,,,,,,,1215.5,,,,,,,,,,,,,486.98,,,,,,,,,,,,,3046446.34,,,,,,,,,,,,,11488321,,,,,,,,,,,,,,,,
2022-08-07,,,,,244644.42,2743,89.18863288370397,,,1215.12,,,,,,,,,,,,,484.72,,,,,,,,48357.62,509,95.00514734774067,,,3042973.7,,,,,,,,,,,,,11468089,,,,,,,,,,,,,,,,
2022-08-08,,191.27,,25.61,,,,,,1219.76,,,,,218.32,,41.9,,,,,,482.43,,,,,263,,30.41,,,,,,3032663.42,,,,,217.82,,22.58,,,,,,11559452,,,,,,,,,,,,,,,,
2022-08-09,,,,,,,,,,1217.84,,,,,,,,,,,,,479.9,,,,,,,,,,,,,3026000.19,,,,,,,,,,,,,,,,,,,,,,,,,,,,,
2022-08-10,,,,,,,,,,1223.06,,,,,,,,,,,,,491.27,,,,,,,,,,,,,3076614.95,,,,,,,,,,,,,11537236,,,,,,,,,,,,,,,,
2022-08-11,,,,,,,,,,1236.7,,,,,,,,,,,,,499.68,,,,,,,,,,,,,3017302.99,,,,,,,,,,,,,11526813,,,,,,,,,,,,,,,,
2022-08-12,,,,,,,,,,1234.24,,,,,,,,,,,,,496.68,,,,,,,,,,,,,3014288.27,,,,,,,,,,,,,11624587,,,,,,,,,,,,,,,,
2022-08-13,,,,,,,,,,1233.57,,,,,,,,,,,,,493.32,,,,,,,,,,,,,3006542.17,,,,,,,,,,,,,11596214,,,,,,,,,,,,,,,,
2022-08-14,,,,,258555.81,2805,92.17675935828878,,,1232.99,,,,,,,,,,,,,489.58,,,,,,,,41919.5,428,97.9427570093458,,,3002180.76,,,,,,,,,,,,,11576761,,,,,,,,,,,,,,,,
2022-08-15,,191.35,,30.43,,,,,,1240.73,,,,,218.1,,40.88,,,,,,487.32,,,,,263,,37.2,,,,,,3104684.8,,,,,217.83,,22.13,,,,,,11549803,,,,,,,,,,,,,,,,
2022-08-16,,,,,,,,,,1247.31,,,,,,,,,,,,,485.23,,,,,,,,,,,,,3099526.83,,,,,,,,,,,,,11552824,,,,,,,,,,,,,,,,
2022-08-17,,,,,,,,,,1251.98,,,,,,,,,,,,,480.08,,,,,,,,,,,,,3216022.93,,,,,,,,,,,,,11604468,,,,,,,,,,,,,,,,
2022-08-18,,,,,,,,,,1249.88,,,,,,,,,,,,,476.1,,,,,,,,,,,,,3248175.03,,,,,,,,,,,,,11602585,,,,,,,,,,,,,,,,
2022-08-19,,,,,,,,,,1250.75,,,,,,,,,,,,,479.64,,,,,,,,,,,,,3285655.16,,,,,,,,,,,,,11689562,,,,,,,,,,,,,,,,
2022-08-20,,,,,,,,,,1249.01,,,,,,,,,,,,,472.75,,,,,,,,,,,,,3282689.18,,,,,,,,,,,,,11657591,,,,,,,,,,,,,,,,
2022-08-21,,,,,274714.57,3009,91.29763044200732,,,1247.58,,,,,,,,,,,,,466.52,,,,,,,,42738.23,444,96.25727477477477,,,3338526.15,,,,,,,,,,,,,11638301,,,,,,,,,,,,,,,,
2022-08-22,,191.4,,26.92,,,,,,1245.37,,,,,218.33,,41.01,,,,,,471.38,,,,,262.99,,34.97,,,,,,3333958.82,,,,,217.64,,23.57,,,,,,11652816,,,,,,,,,,,,,,,,
2022-08-23,,,,,,,,,,1246.61,,,,,,,,,,,,,474.04,,,,,,,,,,,,,3328454.95,,,,,,,,,,,,,11636712,,,,,,,,,,,,,,,,
2022-08-24,,,,,,,,,,1244.49,,,,,,,,,,,,,473.91,,,,,,,,,,,,,3322777.84,,,,,,,,,,,,,11616108,,,,,,,,,,,,,,,,
2022-08-25,,,,,,,,,,1242.17,,,,,,,,,,,,,478.62,,,,,,,,,,,,,3317395.64,,,,,,,,,,,,,11650066,,,,,,,,,,,,,,,,
2022-08-26,,,,,,,,,,,,,,,,,,,,,,,473.42,,,,,,,,,,,,,3312046.48,,,,,,,,,,,,,11746335,,,,,,,,,,,,,,,,
2022-08-27,,,,,,,,,,1298.89,,,,,,,,,,,,,474.09,,,,,,,,,,,,,3306297.29,,,,,,,,,,,,,11726233,,,,,,,,,,,,,,,,
2022-08-28,,,,,287523.03,3150,91.27715238095239,,,1297.97,,,,,,,,,,,,,476.25,,,,,,,,45808.07,474,96.64149789029535,,,3293180.55,,,,,,,,,,,,,11696639,,,,,,,,,,,,,,,,
2022-08-29,,191.79,,28.89,,,,,,1303.08,,,,,219.16,,41.11,,,,,,475.99,,,,,263,,29.46,,,,,,3245867.98,,,,,217.89,,23.93,,,,,,11729134,,,,,,,,,,,,,,,,
2022-08-30,,,,,,,,,,1296,,,,,,,,,,,,,480.22,,,,,,,,,,,,,3221142.37,,,,,,,,,,,,,11693992,,,,,,,,,,,,,,,,
2022-08-31,988,,62.22,,,,,209,1.34,1294.33,969971.48,147.9247,0,693,,35.59,,,,,273,1.53,484.12,750725.87,371.2245,0,1118,,16.15,,,,,188,1.24,3190873.33,447696.7,167.6255,301.538,991,,18.37,,66.18,6994,0.00946239633972,167,1.31,11699471,86.45,0,0,,,,,3.25,,81.3,93.5,87.9,2.5,-0.1,-0.5,0
2022-09-01,,,,,,,,,,1294.8,,,,,,,,,,,,,492.71,,,,,,,,,,,,,3185005.38,,,,,,,,,,,,,11693092,,,,,,,,,,,,,,,,
2022-09-02,,,,,,,,,,1304.31,,,,,,,,,,,,,493.13,,,,,,,,,,,,,3175913.78,,,,,,,,,,,,,11773088,,,,,,,,,,,,,,,,
2022-09-03,,,,,,,,,,1302.8,,,,,,,,,,,,,489.07,,,,,,,,,,,,,3173424.58,,,,,,,,,,,,,11746039,,,,,,,,,,,,,,,,
2022-09-04,,,,,298119.34,3333,89.44474647464746,,,1301.81,,,,,,,,,,,,,485.59,,,,,,,,30574.65,314,97.37149681528662,,,3171543.79,,,,,,,,,,,,,11727938,,,,,,,,,,,,,,,,
2022-09-05,,191.63,,26.32,,,,,,1299.23,,,,,219.99,,40.07,,,,,,490.88,,,,,262.66,,30.43,,,,,,3165623.87,,,,,217.3,,23.2,,,,,,11748455,,,,,,,,,,,,,,,,
2022-09-06,,,,,,,,,,1297.39,,,,,,,,,,,,,497.15,,,,,,,,,,,,,3159810.33,,,,,,,,,,,,,11759528,,,,,,,,,,,,,,,,
2022-09-07,,,,,,,,,,1295.84,,,,,,,,,,,,,501.42,,,,,,,,,,,,,3181598.04,,,,,,,,,,,,,11773275,,,,,,,,,,,,,,,,
2022-09-08,,,,,,,,,,1297.56,,,,,,,,,,,,,506.96,,,,,,,,,,,,,3176815.12,,,,,,,,,,,,,11808881,,,,,,,,,,,,,,,,
2022-09-09,,,,,,,,,,1300.9,,,,,,,,,,,,,503.38,,,,,,,,,,,,,3182685.54,,,,,,,,,,,,,11863352,,,,,,,,,,,,,,,,
2022-09-10,,,,,,,,,,1299.86,,,,,,,,,,,,,502.58,,,,,,,,,,,,,3177815.41,,,,,,,,,,,,,11850822,,,,,,,,,,,,,,,,
2022-09-11,,,,,250360.24,2748,91.10634643377001,,,1299.33,,,,,,,,,,,,,500.35,,,,,,,,35962.88,366,98.25923497267759,,,3174326.68,,,,,,,,,,,,,11838182,,,,,,,,,,,,,,,,
2022-09-12,,191.59,,21.43,,,,,,1298.93,,,,,219.7,,38.77,,,,,,497.96,,,,,262.83,,30.98,,,,,,3172031.27,,,,,217.31,,25.58,,,,,,11825532,,,,,,,,,,,,,,,,
2022-09-13,,,,,,,,,,1301.8,,,,,,,,,,,,,495.8,,,,,,,,,,,,,3261951.75,,,,,,,,,,,,,11829710,,,,,,,,,,,,,,,,
2022-09-14,,,,,,,,,,1301.23,,,,,,,,,,,,,506.77,,,,,,,,,,,,,3258075.18,,,,,,,,,,,,,11819075,,,,,,,,,,,,,,,,
2022-09-15,,,,,,,,,,1300.93,,,,,,,,,,,,,504.63,,,,,,,,,,,,,3316022.12,,,,,,,,,,,,,11816303,,,,,,,,,,,,,,,,
2022-09-16,,,,,,,,,,1297.05,,,,,,,,,,,,,499.55,,,,,,,,,,,,,3414509.73,,,,,,,,,,,,,11903868,,,,,,,,,,,,,,,,
2022-09-17,,,,,,,,,,1303.67,,,,,,,,,,,,,491.96,,,,,,,,,,,,,3409507.67,,,,,,,,,,,,,12005919,,,,,,,,,,,,,,,,
2022-09-18,,,,,248822.42,2716,91.61355670103093,,,1301.43,,,,,,,,,,,,,485.6,,,,,,,,37447.75,408,91.78370098039215,,,3386838.44,,,,,,,,,,,,,11980331,,,,,,,,,,,,,,,,
2022-09-19,,191.6,,29.59,,,,,,1303.11,,,,,219.96,,36.84,,,,,,493.47,,,,,262.97,,29.53,,,,,,3520983.01,,,,,216.34,,25.37,,,,,,11953331,,,,,,,,,,,,,,,,
2022-09-20,,,,,,,,,,1282.95,,,,,,,,,,,,,490.9,,,,,,,,,,,,,3560953.88,,,,,,,,,,,,,11964296,,,,,,,,,,,,,,,,
2022-09-21,,,,,,,,,,1293.69,,,,,,,,,,,,,484.97,,,,,,,,,,,,,3646811.95,,,,,,,,,,,,,12008948,,,,,,,,,,,,,,,,
2022-09-22,,,,,,,,,,1294.47,,,,,,,,,,,,,482.46,,,,,,,,,,,,,3630345.06,,,,,,,,,,,,,12075742,,,,,,,,,,,,,,,,
2022-09-23,,,,,,,,,,1308.83,,,,,,,,,,,,,479.52,,,,,,,,,,,,,3622345.32,,,,,,,,,,,,,12117046,,,,,,,,,,,,,,,,
2022-09-24,,,,,,,,,,1310.97,,,,,,,,,,,,,475.88,,,,,,,,,,,,,3733979.6,,,,,,,,,,,,,12074457,,,,,,,,,,,,,,,,
2022-09-25,,,,,320914.31,3494,91.84725529479107,,,1315.46,,,,,,,,,,,,,473.53,,,,,,,,42241.36,451,93.66155210643015,,,3727922.79,,,,,,,,,,,,,12034598,,,,,,,,,,,,,,,,
2022-09-26,,191.48,,32.58,,,,,,1312.29,,,,,219.81,,32.66,,,,,,480.25,,,,,263.34,,32.77,,,,,,3767618.28,,,,,216.9,,26.86,,,,,,12097604,,,,,,,,,,,,,,,,
2022-09-27,,,,,,,,,,1312.39,,,,,,,,,,,,,482.34,,,,,,,,,,,,,3803124.56,,,,,,,,,,,,,12146031,,,,,,,,,,,,,,,,
2022-09-28,,,,,,,,,,1310.84,,,,,,,,,,,,,479.91,,,,,,,,,,,,,3791387.62,,,,,,,,,,,,,12227665,,,,,,,,,,,,,,,,
2022-09-29,,,,,,,,,,1324.06,,,,,,,,,,,,,471.55,,,,,,,,,,,,,3857377.35,,,,,,,,,,,,,12269043,,,,,,,,,,,,,,,,
2022-09-30,992,,67.96,,,,,206,1.31,1321.91,905684.53,0,147.9247,683,,38.16,,,,,271,1.54,472.07,395303.6,0,371.2245,1080,,15.64,,,,,185,1.27,3948495.31,1322626.03,0,156.6131,1001,,17.41,,56.48,,,167,1.29,12355346,119.32,442.8982,0,0.9,,4.2,3.6,3.25,4.34,81.8,93.7,88.4,2.8,0.3,-0.7,-0.2
2022-10-01,,,,,,,,,,1327.49,,,,,,,,,,,,,471.15,,,,,,,,,,,,,3933247.32,,,,,,,,,,,,,12343067,,,,,,,,,,,,,,,,
2022-10-02,,,,,381390.45,4293,88.84007686932215,,,1327.26,,,,,,,,,,,,,470.54,,,,,,,,37938.07,403,94.13913151364764,,,3922024.03,,,,,,,,,,,,,12335919,,,,,,,,,,,,,,,,
2022-10-03,,191.6,,29.29,,,,,,1327.01,,,,,220.1,,33.6,,,,,,470.14,,,,,262.91,,32.62,,,,,,3890317.61,,,,,216.82,,23.7,,,,,,12328518,,,,,,,,,,,,,,,,
2022-10-04,,,,,,,,,,1326.83,,,,,,,,,,,,,469.86,,,,,,,,,,,,,3875602.75,,,,,,,,,,,,,12324232,,,,,,,,,,,,,,,,
2022-10-05,,,,,,,,,,1326.5,,,,,,,,,,,,,469.28,,,,,,,,,,,,,3861527.42,,,,,,,,,,,,,12317798,,,,,,,,,,,,,,,,
2022-10-06,,,,,,,,,,1326.29,,,,,,,,,,,,,468.75,,,,,,,,,,,,,3845002.52,,,,,,,,,,,,,12306702,,,,,,,,,,,,,,,,
2022-10-07,,,,,,,,,,1325.96,,,,,,,,,,,,,468.22,,,,,,,,,,,,,3838883.02,,,,,,,,,,,,,12296333,,,,,,,,,,,,,,,,
2022-10-08,,,,,,,,,,1325.67,,,,,,,,,,,,,466.98,,,,,,,,,,,,,3834066.53,,,,,,,,,,,,,12276517,,,,,,,,,,,,,,,,
2022-10-09,,,,,92239.54,1020,90.43092156862745,,,1325.28,,,,,,,,,,,,,470.67,,,,,,,,17289.99,187,92.45983957219251,,,3825348.37,,,,,,,,,,,,,12290389,,,,,,,,,,,,,,,,
2022-10-10,,191.49,,29.41,,,,,,1322.81,,,,,220.24,,34.51,,,,,,469.4,,,,,262.8,,32.39,,,,,,3815188.49,,,,,216.88,,23.16,,,,,,12306244,,,,,,,,,,,,,,,,
2022-10-11,,,,,,,,,,1322.91,,,,,,,,,,,,,473.94,,,,,,,,,,,,,3753926.05,,,,,,,,,,,,,12313376,,,,,,,,,,,,,,,,
2022-10-12,,,,,,,,,,1321,,,,,,,,,,,,,474.69,,,,,,,,,,,,,3741661.23,,,,,,,,,,,,,12320943,,,,,,,,,,,,,,,,
2022-10-13,,,,,,,,,,1322.34,,,,,,,,,,,,,472.92,,,,,,,,,,,,,3731810.9,,,,,,,,,,,,,12330132,,,,,,,,,,,,,,,,
2022-10-14,,,,,,,,,,1321.7,,,,,,,,,,,,,471.32,,,,,,,,,,,,,3723826.29,,,,,,,,,,,,,12344744,,,,,,,,,,,,,,,,
2022-10-15,,,,,,,,,,1316.35,,,,,,,,,,,,,471.32,,,,,,,,,,,,,3705105.49,,,,,,,,,,,,,12304202,,,,,,,,,,,,,,,,
2022-10-16,,,,,275590.14,2986,92.29408573342263,,,1313.24,,,,,,,,,,,,,,,,,,,,,45769.2,477,95.95220125786163,,,3696473.91,,,,,,,,,,,,,12280429,,,,,,,,,,,,,,,,
2022-10-17,,191.45,,23.53,,,,,,1310.09,,,,,219.5,,31.92,,,,,,467.69,,,,,262.99,,29.9,,,,,,3688920.42,,,,,216.3,,19.81,,,,,,12259265,,,,,,,,,,,,,,,,
2022-10-18,,,,,,,,,,1304.24,,,,,,,,,,,,,466.57,,,,,,,,,,,,,3682342.31,,,,,,,,,,,,,12270703,,,,,,,,,,,,,,,,
2022-10-19,,,,,,,,,,1303.33,,,,,,,,,,,,,467.36,,,,,,,,,,,,,3670825.42,,,,,,,,,,,,,12271720,,,,,,,,,,,,,,,,
2022-10-20,,,,,,,,,,1298.85,,,,,,,,,,,,,476.42,,,,,,,,,,,,,3674837.15,,,,,,,,,,,,,12317428,,,,,,,,,,,,,,,,
2022-10-21,,,,,,,,,,1306.54,,,,,,,,,,,,,483.62,,,,,,,,,,,,,3668256.69,,,,,,,,,,,,,12380756,,,,,,,,,,,,,,,,
2022-10-22,,,,,,,,,,1312.55,,,,,,,,,,,,,484.51,,,,,,,,,,,,,3660734.55,,,,,,,,,,,,,12354052,,,,,,,,,,,,,,,,
2022-10-23,,,,,285154.18,3083,92.49243593902044,,,1305.54,,,,,,,,,,,,,481.65,,,,,,,,45849.62,474,96.72915611814346,,,3655019.57,,,,,,,,,,,,,12334221,,,,,,,,,,,,,,,,
2022-10-24,,191.38,,28.74,,,,,,1308.5,,,,,220.67,,30.46,,,,,,484.52,,,,,262.76,,31.25,,,,,,3649346.92,,,,,216.42,,22.55,,,,,,12353792,,,,,,,,,,,,,,,,
2022-10-25,,,,,,,,,,1304.92,,,,,,,,,,,,,483.28,,,,,,,,,,,,,3670117.68,,,,,,,,,,,,,12332247,,,,,,,,,,,,,,,,
2022-10-26,,,,,,,,,,1299.83,,,,,,,,,,,,,492.56,,,,,,,,,,,,,3671454.7,,,,,,,,,,,,,12329214,,,,,,,,,,,,,,,,
2022-10-27,,,,,,,,,,1296.27,,,,,,,,,,,,,493.11,,,,,,,,,,,,,3699596.48,,,,,,,,,,,,,12379949,,,,,,,,,,,,,,,,
2022-10-28,,,,,,,,,,1294.63,,,,,,,,,,,,,497.79,,,,,,,,,,,,,3693424.47,,,,,,,,,,,,,12467777,,,,,,,,,,,,,,,,
2022-10-29,,,,,,,,,,1292.31,,,,,,,,,,,,,499.47,,,,,,,,,,,,,3684997.97,,,,,,,,,,,,,12441541,,,,,,,,,,,,,,,,
2022-10-30,,,,,287415.95,3186,90.21216258631513,,,1291.64,,,,,,,,,,,,,494.68,,,,,,,,48529.25,508,95.53001968503936,,,3677354.49,,,,,,,,,,,,,12412000,,,,,,,,,,,,,,,,
2022-10-31,995,191.28,70.25,26.13,,,,203.2,1.29,1279.16,548552,31.8738,0,664,221.32,37.46,26.11,,,,266.4,1.56,503.98,628317.24,0,0,1084,262.54,15.79,29.1,,,,182.5,1.24,3668860.76,59263.78,33.1775,0,978,216.25,17.03,17.31,45.44,4834,0.009400082747207,167.2,1.33,12435208,79.83,0,396.3683,,,,,3.1,,80.3,92.5,86.30000000000001,2.1,0.1,-0.7,-0.1
2022-11-01,,,,,,,,,,1264.41,,,,,,,,,,,,,509.85,,,,,,,,,,,,,3663752.16,,,,,,,,,,,,,12421544,,,,,,,,,,,,,,,,
2022-11-02,,,,,,,,,,1262.11,,,,,,,,,,,,,506.47,,,,,,,,,,,,,3658172.47,,,,,,,,,,,,,12460637,,,,,,,,,,,,,,,,
2022-11-03,,,,,,,,,,1265.31,,,,,,,,,,,,,501.33,,,,,,,,,,,,,3757237.77,,,,,,,,,,,,,12459830,,,,,,,,,,,,,,,,
2022-11-04,,,,,,,,,,1263.24,,,,,,,,,,,,,504.08,,,,,,,,,,,,,3801109.08,,,,,,,,,,,,,12503492,,,,,,,,,,,,,,,,
2022-11-05,,,,,,,,,,1260.81,,,,,,,,,,,,,502.13,,,,,,,,,,,,,3794738.8,,,,,,,,,,,,,12481079,,,,,,,,,,,,,,,,
2022-11-06,,,,,279828.91,3117,89.77507539300609,,,1259.23,,,,,,,,,,,,,501.09,,,,,,,,45398.89,482,94.1885684647303,,,3789036.68,,,,,,,,,,,,,12467607,,,,,,,,,,,,,,,,
2022-11-07,,191.17,,28.95,,,,,,1278.85,,,,,221.41,,25.49,,,,,,503.89,,,,,262.31,,28.11,,,,,,3781808.61,,,,,216.13,,19.66,,,,,,12427403,,,,,,,,,,,,,,,,
2022-11-08,,,,,,,,,,1277.66,,,,,,,,,,,,,510.46,,,,,,,,,,,,,3776308.38,,,,,,,,,,,,,12451286,,,,,,,,,,,,,,,,
2022-11-09,,,,,,,,,,1273.35,,,,,,,,,,,,,531.46,,,,,,,,,,,,,3904452.97,,,,,,,,,,,,,12441039,,,,,,,,,,,,,,,,
2022-11-10,,,,,,,,,,1271.11,,,,,,,,,,,,,530.09,,,,,,,,,,,,,3917766.62,,,,,,,,,,,,,12509590,,,,,,,,,,,,,,,,
2022-11-11,,,,,,,,,,1268.62,,,,,,,,,,,,,531.35,,,,,,,,,,,,,3932969.36,,,,,,,,,,,,,12495206,,,,,,,,,,,,,,,,
2022-11-12,,,,,,,,,,1266.68,,,,,,,,,,,,,528.85,,,,,,,,,,,,,3924231.4,,,,,,,,,,,,,12479609,,,,,,,,,,,,,,,,
2022-11-13,,,,,236989.78,2588,91.57255795981453,,,1265.74,,,,,,,,,,,,,527.44,,,,,,,,45613.23,478,95.42516736401673,,,3917501.34,,,,,,,,,,,,,12468734,,,,,,,,,,,,,,,,
2022-11-14,,191.21,,21.74,,,,,,1280.7,,,,,220.84,,23.37,,,,,,529.77,,,,,262.7,,25.61,,,,,,3910441.33,,,,,214.93,,27.19,,,,,,12422767,,,,,,,,,,,,,,,,
2022-11-15,,,,,,,,,,1278.96,,,,,,,,,,,,,527.85,,,,,,,,,,,,,3899091.46,,,,,,,,,,,,,12471014,,,,,,,,,,,,,,,,
2022-11-16,,,,,,,,,,1275.08,,,,,,,,,,,,,544.58,,,,,,,,,,,,,3892228.52,,,,,,,,,,,,,12450421,,,,,,,,,,,,,,,,
2022-11-17,,,,,,,,,,1272.86,,,,,,,,,,,,,541.6,,,,,,,,,,,,,3882967.12,,,,,,,,,,,,,12446135,,,,,,,,,,,,,,,,
2022-11-18,,,,,,,,,,1271.12,,,,,,,,,,,,,549.66,,,,,,,,,,,,,3950615.38,,,,,,,,,,,,,12455067,,,,,,,,,,,,,,,,
2022-11-19,,,,,,,,,,1268.82,,,,,,,,,,,,,541.42,,,,,,,,,,,,,3942838.6,,,,,,,,,,,,,12437784,,,,,,,,,,,,,,,,
2022-11-20,,,,,242845.17,2654,91.501571213263,,,1267.69,,,,,,,,,,,,,535.27,,,,,,,,49947.48,500,99.89496,,,4011956.41,,,,,,,,,,,,,12418116,,,,,,,,,,,,,,,,
2022-11-21,,190.9,,24,,,,,,1265.57,,,,,220.2,,26.72,,,,,,546.79,,,,,262.73,,31.22,,,,,,4007134.35,,,,,215.94,,31.38,,,,,,12410549,,,,,,,,,,,,,,,,
2022-11-22,,,,,,,,,,1263.03,,,,,,,,,,,,,553.68,,,,,,,,,,,,,4000725.15,,,,,,,,,,,,,12408798,,,,,,,,,,,,,,,,
2022-11-23,,,,,,,,,,1262.66,,,,,,,,,,,,,570.51,,,,,,,,,,,,,4071439.05,,,,,,,,,,,,,12408798,,,,,,,,,,,,,,,,
2022-11-24,,,,,,,,,,1263.16,,,,,,,,,,,,,584.52,,,,,,,,,,,,,4055395.03,,,,,,,,,,,,,12445366,,,,,,,,,,,,,,,,
2022-11-25,,,,,,,,,,1272.44,,,,,,,,,,,,,587.72,,,,,,,,,,,,,4169527.3,,,,,,,,,,,,,12445366,,,,,,,,,,,,,,,,
2022-11-26,,,,,,,,,,1269.83,,,,,,,,,,,,,581.71,,,,,,,,,,,,,4161632.05,,,,,,,,,,,,,12445366,,,,,,,,,,,,,,,,
2022-11-27,,,,,199561.76,2163,92.26156264447526,,,1269.48,,,,,,,,,,,,,575.35,,,,,,,,45584.41,494,92.27613360323886,,,4157536.71,,,,,,,,,,,,,12445366,,,,,,,,,,,,,,,,
2022-11-28,,190.93,,15.22,,,,,,1268.12,,,,,220.04,,28.38,,,,,,567.36,,,,,262,,26.99,,,,,,4120960.89,,,,,214.44,,30.37,,,,,,12445366,,,,,,,,,,,,,,,,
2022-11-29,,,,,,,,,,1271.38,,,,,,,,,,,,,587.57,,,,,,,,,,,,,4107398.57,,,,,,,,,,,,,12515631,,,,,,,,,,,,,,,,
2022-11-30,1005,,59.2,,,,,201.6,1.27,1272.15,281671.09,0,31.8738,662,,49.86,,,,,261.2,1.54,589.24,709301.68,61.9156,0,1074,,16.79,,,,,181.1,1.25,4127630.79,1075078.12,0,28.2677,956,,12.18,,47.36,4888,0.009689034369885,167.7,1.36,12534114,79.43,116.3697,0,,,,,3.1,,77.5,91.5,84.2,1.6,-0.2,-0.7,-0.2
2022-12-01,,,,,,,,,,1279.7,,,,,,,,,,,,,597.4,,,,,,,,,,,,,4117839.2,,,,,,,,,,,,,12519090,,,,,,,,,,,,,,,,
2022-12-02,,,,,,,,,,1277.65,,,,,,,,,,,,,610.08,,,,,,,,,,,,,4062489.44,,,,,,,,,,,,,12536318,,,,,,,,,,,,,,,,
2022-12-03,,,,,,,,,,1276.63,,,,,,,,,,,,,607.22,,,,,,,,,,,,,4041315.38,,,,,,,,,,,,,12509145,,,,,,,,,,,,,,,,
2022-12-04,,,,,157993.19,1733,91.16744950952106,,,1276.32,,,,,,,,,,,,,604.08,,,,,,,,51007.11,553,92.23708860759494,,,4028874.73,,,,,,,,,,,,,12492751,,,,,,,,,,,,,,,,
2022-12-05,,190.64,,14.04,,,,,,1289.68,,,,,219.74,,27.84,,,,,,600.53,,,,,262.27,,28.31,,,,,,4025921.61,,,,,214.1,,31.82,,,,,,12528048,,,,,,,,,,,,,,,,
2022-12-06,,,,,,,,,,1288.09,,,,,,,,,,,,,606.3,,,,,,,,,,,,,3985243.25,,,,,,,,,,,,,12518460,,,,,,,,,,,,,,,,
2022-12-07,,,,,,,,,,1286.62,,,,,,,,,,,,,621.45,,,,,,,,,,,,,3985226.3,,,,,,,,,,,,,12501058,,,,,,,,,,,,,,,,
2022-12-08,,,,,,,,,,1285.07,,,,,,,,,,,,,621.55,,,,,,,,,,,,,3964232.3,,,,,,,,,,,,,12545649,,,,,,,,,,,,,,,,
2022-12-09,,,,,,,,,,1290.12,,,,,,,,,,,,,619.82,,,,,,,,,,,,,3993887.15,,,,,,,,,,,,,12688963,,,,,,,,,,,,,,,,
2022-12-10,,,,,,,,,,1282.12,,,,,,,,,,,,,613.01,,,,,,,,,,,,,3985879.39,,,,,,,,,,,,,12652251,,,,,,,,,,,,,,,,
2022-12-11,,,,,159483.49,1681,94.8741760856633,,,1281.43,,,,,,,,,,,,,612.19,,,,,,,,48607.96,509,95.49697445972495,,,3978376.13,,,,,,,,,,,,,12627911,,,,,,,,,,,,,,,,
2022-12-12,,190.33,,17.14,,,,,,1279.87,,,,,218.82,,29.58,,,,,,578.44,,,,,262.17,,32.37,,,,,,3972330.25,,,,,213.47,,30.6,,,,,,12624076,,,,,,,,,,,,,,,,
2022-12-13,,,,,,,,,,1278.31,,,,,,,,,,,,,616.02,,,,,,,,,,,,,3966226.16,,,,,,,,,,,,,12577603,,,,,,,,,,,,,,,,
2022-12-14,,,,,,,,,,1269.57,,,,,,,,,,,,,616.33,,,,,,,,,,,,,3965438.57,,,,,,,,,,,,,12617964,,,,,,,,,,,,,,,,
2022-12-15,,,,,,,,,,1262.66,,,,,,,,,,,,,589.65,,,,,,,,,,,,,3987618.55,,,,,,,,,,,,,12754134,,,,,,,,,,,,,,,,
2022-12-16,,,,,,,,,,1261.35,,,,,,,,,,,,,628.87,,,,,,,,,,,,,4013983.95,,,,,,,,,,,,,12760375,,,,,,,,,,,,,,,,
2022-12-17,,,,,,,,,,1260.93,,,,,,,,,,,,,625.32,,,,,,,,,,,,,4005709.41,,,,,,,,,,,,,12735437,,,,,,,,,,,,,,,,
2022-12-18,,,,,141075.78,1463,96.4291045796309,,,1260.21,,,,,,,,,,,,,623.08,,,,,,,,52363.83,546,95.90445054945054,,,3998963.43,,,,,,,,,,,,,12717152,,,,,,,,,,,,,,,,
2022-12-19,,190.66,,50,,,,,,1253.85,,,,,217.74,,33.83,,,,,,621.76,,,,,262.12,,35.06,,,,,,3992089.81,,,,,212.48,,25.56,,,,,,12738015,,,,,,,,,,,,,,,,
2022-12-20,,,,,,,,,,1252.36,,,,,,,,,,,,,625.67,,,,,,,,,,,,,3986093.27,,,,,,,,,,,,,12719312,,,,,,,,,,,,,,,,
2022-12-21,,,,,,,,,,1250.24,,,,,,,,,,,,,637.86,,,,,,,,,,,,,4026240.26,,,,,,,,,,,,,12750156,,,,,,,,,,,,,,,,
2022-12-22,,,,,,,,,,1252.93,,,,,,,,,,,,,647.52,,,,,,,,,,,,,4026070.34,,,,,,,,,,,,,12738314,,,,,,,,,,,,,,,,
2022-12-23,,,,,,,,,,1249.98,,,,,,,,,,,,,649.06,,,,,,,,,,,,,4039702.28,,,,,,,,,,,,,12753789,,,,,,,,,,,,,,,,
2022-12-24,,,,,,,,,,1267.65,,,,,,,,,,,,,645.84,,,,,,,,,,,,,4038046,,,,,,,,,,,,,12729249,,,,,,,,,,,,,,,,
2022-12-25,,,,,169406.36,1807,93.75006087437743,,,1266.61,,,,,,,,,,,,,643.27,,,,,,,,41982.97,438,95.8515296803653,,,4034220.33,,,,,,,,,,,,,12706527,,,,,,,,,,,,,,,,
2022-12-26,,190.32,,17.39,,,,,,1263.24,,,,,217.78,,29.79,,,,,,640.98,,,,,262.13,,33.07,,,,,,4032744.87,,,,,213.13,,19.67,,,,,,12706581,,,,,,,,,,,,,,,,
2022-12-27,,,,,,,,,,1259.2,,,,,,,,,,,,,643.88,,,,,,,,,,,,,4027355.75,,,,,,,,,,,,,12723877,,,,,,,,,,,,,,,,
2022-12-28,,,,,,,,,,1254.46,,,,,,,,,,,,,640.98,,,,,,,,,,,,,4019589.16,,,,,,,,,,,,,12781026,,,,,,,,,,,,,,,,
2022-12-29,,,,,,,,,,1264.79,,,,,,,,,,,,,637.45,,,,,,,,,,,,,4008754.7,,,,,,,,,,,,,12719863,,,,,,,,,,,,,,,,
2022-12-30,,,,,,,,,,1261.52,,,,,,,,,,,,,632.6,,,,,,,,,,,,,4048230.58,,,,,,,,,,,,,12731027,,,,,,,,,,,,,,,,
2022-12-31,992,,32.67,,,,,197.3,1.26,1238.01,647404.78,53.1695,0,638,,38.25,,,,,260,1.59,629.12,646710.49,0,61.9156,1067,,14.59,,,,,179.6,1.24,4036955.96,289456.29,0,0,955,,11.45,,39.99,4103,0.009746526931514,165.7,1.35,12692829,70.17,0,102.1674,1.9,2.6,3.3,3.1,3.1,4.26,82.7,95.4,90.1,1.8,0,-0.7,-0.1
2023-01-01,,,,,293909.5,3223,91.1912814148309,,,1203.17,,,,,,,,,,,,,615.75,,,,,,,,40923.6,405,101.04592592592593,,,4031289.69,,,,,,,,,,,,,12685642,,,,,,,,,,,,,,,,
2023-01-02,,189.68,,35,,,,,,1203,,,,,218.77,,25.65,,,,,,604.34,,,,,261.78,,36.59,,,,,,4025709.97,,,,,203.94,,31.37,,,,,,12676933,,,,,,,,,,,,,,,,
2023-01-03,,,,,,,,,,1200.9,,,,,,,,,,,,,595.3,,,,,,,,,,,,,4019823.98,,,,,,,,,,,,,12601420,,,,,,,,,,,,,,,,
2023-01-04,,,,,,,,,,1202.42,,,,,,,,,,,,,601.94,,,,,,,,,,,,,4008197.14,,,,,,,,,,,,,12607667,,,,,,,,,,,,,,,,
2023-01-05,,,,,,,,,,1199.9,,,,,,,,,,,,,598.15,,,,,,,,,,,,,4047061.29,,,,,,,,,,,,,12556329,,,,,,,,,,,,,,,,
2023-01-06,,,,,,,,,,1196.63,,,,,,,,,,,,,595.9,,,,,,,,,,,,,4055521.33,,,,,,,,,,,,,12470701,,,,,,,,,,,,,,,,
2023-01-07,,,,,,,,,,1194.72,,,,,,,,,,,,,591.81,,,,,,,,,,,,,4046090.84,,,,,,,,,,,,,12445181,,,,,,,,,,,,,,,,
2023-01-08,,,,,166921.98,1777,93.93471018570625,,,1193.95,,,,,,,,,,,,,588.87,,,,,,,,41089.06,440,93.38422727272727,,,4040426.15,,,,,,,,,,,,,12426680,,,,,,,,,,,,,,,,
2023-01-09,,189.14,,38.46,,,,,,1190.74,,,,,218.26,,22.27,,,,,,584.31,,,,,262.28,,41.92,,,,,,4005889.31,,,,,203.27,,34.67,,,,,,12442694,,,,,,,,,,,,,,,,
2023-01-10,,,,,,,,,,1186.59,,,,,,,,,,,,,593.32,,,,,,,,,,,,,3999835.98,,,,,,,,,,,,,12377779,,,,,,,,,,,,,,,,
2023-01-11,,,,,,,,,,1192.19,,,,,,,,,,,,,590.92,,,,,,,,,,,,,3995503.97,,,,,,,,,,,,,12332197,,,,,,,,,,,,,,,,
2023-01-12,,,,,,,,,,1190.32,,,,,,,,,,,,,586.14,,,,,,,,,,,,,3989407.24,,,,,,,,,,,,,12316138,,,,,,,,,,,,,,,,
2023-01-13,,,,,,,,,,1216.07,,,,,,,,,,,,,581.71,,,,,,,,,,,,,3981024.03,,,,,,,,,,,,,12272757,,,,,,,,,,,,,,,,
2023-01-14,,,,,,,,,,1214.33,,,,,,,,,,,,,575.7,,,,,,,,,,,,,3974654.15,,,,,,,,,,,,,12243845,,,,,,,,,,,,,,,,
2023-01-15,,,,,301070,3361,89.57750669443618,,,1212.75,,,,,,,,,,,,,571.78,,,,,,,,49111.36,523,93.90317399617591,,,3961995.17,,,,,,,,,,,,,12225838,,,,,,,,,,,,,,,,
2023-01-16,,187.89,,39.13,,,,,,1211.86,,,,,214.67,,25.75,,,,,,568.26,,,,,263.56,,38.71,,,,,,4007620.97,,,,,204.32,,44.66,,,,,,12156858,,,,,,,,,,,,,,,,
2023-01-17,,,,,,,,,,1221.96,,,,,,,,,,,,,569.36,,,,,,,,,,,,,4001609.83,,,,,,,,,,,,,12132888,,,,,,,,,,,,,,,,
2023-01-18,,,,,,,,,,1225.58,,,,,,,,,,,,,570,,,,,,,,,,,,,4060717.07,,,,,,,,,,,,,12111523,,,,,,,,,,,,,,,,
2023-01-19,,,,,,,,,,1222.97,,,,,,,,,,,,,570.65,,,,,,,,,,,,,4057578.2,,,,,,,,,,,,,12085444,,,,,,,,,,,,,,,,
2023-01-20,,,,,,,,,,1240.44,,,,,,,,,,,,,568.78,,,,,,,,,,,,,4056245.66,,,,,,,,,,,,,12094970,,,,,,,,,,,,,,,,
2023-01-21,,,,,,,,,,,,,,,,,,,,,,,568.77,,,,,,,,,,,,,4055811.85,,,,,,,,,,,,,12094784,,,,,,,,,,,,,,,,
2023-01-22,,,,,141999.39,1534,92.56805084745763,,,,,,,,,,,,,,,,568.77,,,,,,,,19456.7,199,97.77236180904522,,,4055493.94,,,,,,,,,,,,,12094784,,,,,,,,,,,,,,,,
2023-01-23,,188.69,,40,,,,,,,,,,,220.68,,31.14,,,,,,568.77,,,,,262.9,,43.75,,,,,,4055864.53,,,,,198.95,,33.33,,,,,,12094784,,,,,,,,,,,,,,,,
2023-01-24,,,,,,,,,,,,,,,,,,,,,,,568.74,,,,,,,,,,,,,4055985.08,,,,,,,,,,,,,12094272,,,,,,,,,,,,,,,,
2023-01-25,,,,,,,,,,,,,,,,,,,,,,,568.73,,,,,,,,,,,,,4056264.32,,,,,,,,,,,,,12094272,,,,,,,,,,,,,,,,
2023-01-26,,,,,,,,,,,,,,,,,,,,,,,568.72,,,,,,,,,,,,,4056172.93,,,,,,,,,,,,,12093556,,,,,,,,,,,,,,,,
2023-01-27,,,,,,,,,,,,,,,,,,,,,,,568.62,,,,,,,,,,,,,4056083.64,,,,,,,,,,,,,12092282,,,,,,,,,,,,,,,,
2023-01-28,,,,,,,,,,1240.25,,,,,,,,,,,,,567.08,,,,,,,,,,,,,4054914.3,,,,,,,,,,,,,12085027,,,,,,,,,,,,,,,,
2023-01-29,,,,,41794.52,454,92.0584140969163,,,1229.53,,,,,,,,,,,,,564.55,,,,,,,,7624.31,82,92.97939024390244,,,4052881.45,,,,,,,,,,,,,12073119,,,,,,,,,,,,,,,,
2023-01-30,,190.41,,50,,,,,,1227.6,,,,,219.56,,44.83,,,,,,567.89,,,,,262.55,,70,,,,,,4050355.04,,,,,208,,50,,,,,,12043354,,,,,,,,,,,,,,,,
2023-01-31,991,,40.22,,,,,199,1.27,1226.48,320999.83,0,0,636,,34.39,,,,,258,1.58,566.58,383621.02,0,0,1063,,13.02,,,,,181,1.26,4044506.88,206416.59,0,0,951,,9.59,,47.1,,,164,1.34,12026646,31.3682,0,0,,,,,3.1,,85.7,97.5,93.69999999999999,2.1,0.8,-0.6,-0.1
2023-02-01,,,,,,,,,,1225.74,,,,,,,,,,,,,564.66,,,,,,,,,,,,,4036252.99,,,,,,,,,,,,,12013988,,,,,,,,,,,,,,,,
2023-02-02,,,,,,,,,,1224.26,,,,,,,,,,,,,562.99,,,,,,,,,,,,,4030292.73,,,,,,,,,,,,,12036227,,,,,,,,,,,,,,,,
2023-02-03,,,,,,,,,,1222.24,,,,,,,,,,,,,562.21,,,,,,,,,,,,,4030050.05,,,,,,,,,,,,,12030369,,,,,,,,,,,,,,,,
2023-02-04,,,,,,,,,,1221.61,,,,,,,,,,,,,560.86,,,,,,,,,,,,,4020222.91,,,,,,,,,,,,,12014448,,,,,,,,,,,,,,,,
2023-02-05,,,,,241397.1,2814,85.78432835820895,,,1221.11,,,,,,,,,,,,,557.86,,,,,,,,39555.57,426,92.85345070422535,,,4014339.88,,,,,,,,,,,,,11999946,,,,,,,,,,,,,,,,
2023-02-06,,190.74,,51.35,,,,,,1217.65,,,,,219.7,,43.65,,,,,,556.69,,,,,262.2,,45.36,,,,,,4009797.34,,,,,225.6,,44.29,,,,,,12009284,,,,,,,,,,,,,,,,
2023-02-07,,,,,,,,,,1214.38,,,,,,,,,,,,,554.78,,,,,,,,,,,,,4003107.16,,,,,,,,,,,,,11985574,,,,,,,,,,,,,,,,
2023-02-08,,,,,,,,,,1212.86,,,,,,,,,,,,,555.4,,,,,,,,,,,,,3980522.53,,,,,,,,,,,,,11974894,,,,,,,,,,,,,,,,
2023-02-09,,,,,,,,,,1209.83,,,,,,,,,,,,,554.63,,,,,,,,,,,,,3974204.73,,,,,,,,,,,,,11962123,,,,,,,,,,,,,,,,
2023-02-10,,,,,,,,,,1209.54,,,,,,,,,,,,,559.26,,,,,,,,,,,,,3966842.55,,,,,,,,,,,,,11977001,,,,,,,,,,,,,,,,
2023-02-11,,,,,,,,,,1196.66,,,,,,,,,,,,,555.35,,,,,,,,,,,,,3960016.57,,,,,,,,,,,,,11949355,,,,,,,,,,,,,,,,
2023-02-12,,,,,274461.36,3190,86.03804388714734,,,1196.16,,,,,,,,,,,,,552.72,,,,,,,,54756.21,557,98.30558348294434,,,3954506.17,,,,,,,,,,,,,11930983,,,,,,,,,,,,,,,,
2023-02-13,,191.08,,34.78,,,,,,1194.78,,,,,222.35,,46.39,,,,,,554.22,,,,,261.98,,44.26,,,,,,3966153.1,,,,,228.56,,41.62,,,,,,11892277,,,,,,,,,,,,,,,,
2023-02-14,,,,,,,,,,1194.09,,,,,,,,,,,,,553.82,,,,,,,,,,,,,3957101.49,,,,,,,,,,,,,11891202,,,,,,,,,,,,,,,,
2023-02-15,,,,,,,,,,1192.71,,,,,,,,,,,,,552.44,,,,,,,,,,,,,4025931.82,,,,,,,,,,,,,11862207,,,,,,,,,,,,,,,,
2023-02-16,,,,,,,,,,1188.86,,,,,,,,,,,,,552.07,,,,,,,,,,,,,4016190.5,,,,,,,,,,,,,11853465,,,,,,,,,,,,,,,,
2023-02-17,,,,,,,,,,1188.28,,,,,,,,,,,,,551.22,,,,,,,,,,,,,4007719.85,,,,,,,,,,,,,11922521,,,,,,,,,,,,,,,,
2023-02-18,,,,,,,,,,1187.59,,,,,,,,,,,,,548.74,,,,,,,,,,,,,3997097.91,,,,,,,,,,,,,11888302,,,,,,,,,,,,,,,,
2023-02-19,,,,,328419.62,3761,87.32241956926349,,,1186.85,,,,,,,,,,,,,547.62,,,,,,,,62759.13,657,95.5237899543379,,,3989017.32,,,,,,,,,,,,,11854989,,,,,,,,,,,,,,,,
2023-02-20,,191.3,,32,,,,,,1185.52,,,,,221.84,,38.58,,,,,,546.68,,,,,262.45,,44.27,,,,,,3977711.98,,,,,227.26,,34.6,,,,,,11835481,,,,,,,,,,,,,,,,
2023-02-21,,,,,,,,,,1184.07,,,,,,,,,,,,,552.72,,,,,,,,,,,,,3903050.45,,,,,,,,,,,,,11826080,,,,,,,,,,,,,,,,
2023-02-22,,,,,,,,,,1181.68,,,,,,,,,,,,,556.52,,,,,,,,,,,,,3890651.56,,,,,,,,,,,,,11867308,,,,,,,,,,,,,,,,
2023-02-23,,,,,,,,,,1179.78,,,,,,,,,,,,,554.9,,,,,,,,,,,,,3879615.52,,,,,,,,,,,,,,,,,,,,,,,,,,,,,
2023-02-24,,,,,,,,,,1193.28,,,,,,,,,,,,,556.03,,,,,,,,,,,,,3860682.27,,,,,,,,,,,,,,,,,,,,,,,,,,,,,
2023-02-25,,,,,,,,,,1189.62,,,,,,,,,,,,,555.88,,,,,,,,,,,,,3846915.5,,,,,,,,,,,,,11887485,,,,,,,,,,,,,,,,
2023-02-26,,,,,378135.89,4378,86.37183417085427,,,1188.85,,,,,,,,,,,,,552.57,,,,,,,,68070.2,753,90.39867197875166,,,,,,,,,,,,,,,,11840479,,,,,,,,,,,,,,,,
2023-02-27,,191.44,,44.23,,,,,,1186.84,,,,,221.52,,30.39,,,,,,548.96,,,,,262.13,,44.71,,,,,,3893940.62,,,,,227.82,,35.96,,,,,,11839993,,,,,,,,,,,,,,,,
2023-02-28,1000,,69.69,,,,,205,1.3,1178.08,57243.62,15.9574,53.1695,640,,46.64,,,,,260,1.58,546.33,439432.06,0,0,1067,,22.52,,,,,183,1.27,3875119.61,397289.87,0,0,961,,16.18,,50.55,,,167,1.35,11783186,34.4332,158.5899,0,,,,,3.1,,90.8,99.2,98.4,1,-0.5,-0.5,0.3
2023-03-01,,,,,,,,,,1187.14,,,,,,,,,,,,,551.52,,,,,,,,,,,,,3916377.43,,,,,,,,,,,,,11799045,,,,,,,,,,,,,,,,
2023-03-02,,,,,,,,,,1186.75,,,,,,,,,,,,,558.31,,,,,,,,,,,,,3901219.69,,,,,,,,,,,,,11844612,,,,,,,,,,,,,,,,
2023-03-03,,,,,,,,,,1184.52,,,,,,,,,,,,,560.98,,,,,,,,,,,,,3885663.63,,,,,,,,,,,,,11881968,,,,,,,,,,,,,,,,
2023-03-04,,,,,,,,,,1183.38,,,,,,,,,,,,,558.36,,,,,,,,,,,,,3874180.15,,,,,,,,,,,,,11840663,,,,,,,,,,,,,,,,
2023-03-05,,,,,414235.47,4818,85.97664383561644,,,1182.76,,,,,,,,,,,,,556.73,,,,,,,,75176.53,799,94.08827284105132,,,3864397.23,,,,,,,,,,,,,11809257,,,,,,,,,,,,,,,,
2023-03-06,,191.52,,50.98,,,,,,1177.3,,,,,221.99,,31.82,,,,,,547.57,,,,,262.49,,38.13,,,,,,3884693.66,,,,,227.18,,32.83,,,,,,11797933,,,,,,,,,,,,,,,,
2023-03-07,,,,,,,,,,1175.56,,,,,,,,,,,,,563.92,,,,,,,,,,,,,3909563.37,,,,,,,,,,,,,11806498,,,,,,,,,,,,,,,,
2023-03-08,,,,,,,,,,1175.62,,,,,,,,,,,,,566.61,,,,,,,,,,,,,3994410.07,,,,,,,,,,,,,11788823,,,,,,,,,,,,,,,,
2023-03-09,,,,,,,,,,1173.55,,,,,,,,,,,,,567.1,,,,,,,,,,,,,3984490.62,,,,,,,,,,,,,11838946,,,,,,,,,,,,,,,,
2023-03-10,,,,,,,,,,1171.62,,,,,,,,,,,,,566.43,,,,,,,,,,,,,3972962.4,,,,,,,,,,,,,11914183,,,,,,,,,,,,,,,,
2023-03-11,,,,,,,,,,1170.65,,,,,,,,,,,,,563.55,,,,,,,,,,,,,3961756.48,,,,,,,,,,,,,11870860,,,,,,,,,,,,,,,,
2023-03-12,,,,,400322.81,4604,86.95108818418767,,,1169.79,,,,,,,,,,,,,561.17,,,,,,,,76107.69,838,90.82063245823389,,,3951212.79,,,,,,,,,,,,,11870860,,,,,,,,,,,,,,,,
2023-03-13,,191.62,,29.55,,,,,,1183.81,,,,,222.41,,33.15,,,,,,552.97,,,,,262.25,,37.79,,,,,,3939782.61,,,,,226.43,,31.47,,,,,,11870860,,,,,,,,,,,,,,,,
2023-03-14,,,,,,,,,,1178.93,,,,,,,,,,,,,560.51,,,,,,,,,,,,,3926694.61,,,,,,,,,,,,,11869275,,,,,,,,,,,,,,,,
2023-03-15,,,,,,,,,,1175.08,,,,,,,,,,,,,560.64,,,,,,,,,,,,,3945843.56,,,,,,,,,,,,,11898491,,,,,,,,,,,,,,,,
2023-03-16,,,,,,,,,,1191.15,,,,,,,,,,,,,559.43,,,,,,,,,,,,,4037990.08,,,,,,,,,,,,,11904354,,,,,,,,,,,,,,,,
2023-03-17,,,,,,,,,,1186.91,,,,,,,,,,,,,555.66,,,,,,,,,,,,,4079182.14,,,,,,,,,,,,,11917785,,,,,,,,,,,,,,,,
2023-03-18,,,,,,,,,,1185.36,,,,,,,,,,,,,551.36,,,,,,,,,,,,,4083784.02,,,,,,,,,,,,,11862623,,,,,,,,,,,,,,,,
2023-03-19,,,,,411788,4683,87.93252188767883,,,1184.11,,,,,,,,,,,,,549.1,,,,,,,,84583.44,918,92.13882352941177,,,4066202.58,,,,,,,,,,,,,11821115,,,,,,,,,,,,,,,,
2023-03-20,,191.79,,37.5,,,,,,1180,,,,,222.76,,30.87,,,,,,550.81,,,,,262.2,,36.15,,,,,,4041829.38,,,,,227.29,,24,,,,,,11811952,,,,,,,,,,,,,,,,
2023-03-21,,,,,,,,,,1178.87,,,,,,,,,,,,,566.4,,,,,,,,,,,,,4080599.64,,,,,,,,,,,,,11807533,,,,,,,,,,,,,,,,
2023-03-22,,,,,,,,,,1183.15,,,,,,,,,,,,,571.59,,,,,,,,,,,,,4071536.24,,,,,,,,,,,,,11774605,,,,,,,,,,,,,,,,
2023-03-23,,,,,,,,,,1194.44,,,,,,,,,,,,,569.85,,,,,,,,,,,,,4103242.55,,,,,,,,,,,,,11845572,,,,,,,,,,,,,,,,
2023-03-24,,,,,,,,,,1186.54,,,,,,,,,,,,,582.74,,,,,,,,,,,,,4113799.5,,,,,,,,,,,,,11927554,,,,,,,,,,,,,,,,
2023-03-25,,,,,,,,,,1219.74,,,,,,,,,,,,,579.21,,,,,,,,,,,,,4070076.82,,,,,,,,,,,,,11868123,,,,,,,,,,,,,,,,
2023-03-26,,,,,402481.04,4626,87.0041158668396,,,1218.6,,,,,,,,,,,,,575.86,,,,,,,,86655.52,936,92.58068376068375,,,4056817.71,,,,,,,,,,,,,11823473,,,,,,,,,,,,,,,,
2023-03-27,,192.16,,26.58,,,,,,1218.78,,,,,223.05,,29.02,,,,,,580.06,,,,,262.08,,34.79,,,,,,3940581.4,,,,,226.45,,26.95,,,,,,11802079,,,,,,,,,,,,,,,,
2023-03-28,,,,,,,,,,1227.52,,,,,,,,,,,,,576.94,,,,,,,,,,,,,3928536.31,,,,,,,,,,,,,11796395,,,,,,,,,,,,,,,,
2023-03-29,,,,,,,,,,1228.22,,,,,,,,,,,,,575.29,,,,,,,,,,,,,3911455.8,,,,,,,,,,,,,11805278,,,,,,,,,,,,,,,,
2023-03-30,,,,,,,,,,1230.16,,,,,,,,,,,,,566.87,,,,,,,,,,,,,3914498.47,,,,,,,,,,,,,11781177,,,,,,,,,,,,,,,,
2023-03-31,1025,,61.7,,,,,206,1.27,1221.44,841221.26,30.174,15.9574,634,,47.69,,,,,261,1.6,557,921612.63,204.0185,0,1071,,19.67,,,,,184,1.27,3885167.57,617664.9,49.7442,49.7442,984,,19.18,,73.87,,,167,1.31,11781185,88.5848,0,73.978,3.5,,3.9,3.5,3.1,4.14,88.8,101,98,0.7,-0.3,-0.5,0
2023-04-01,,,,,,,,,,1216.4,,,,,,,,,,,,,551.75,,,,,,,,,,,,,3869294.51,,,,,,,,,,,,,11793014,,,,,,,,,,,,,,,,
2023-04-02,,,,,521630.19,5953,87.62475894506971,,,1212.72,,,,,,,,,,,,,549.22,,,,,,,,81189.18,853,95.18075029308324,,,3849679.14,,,,,,,,,,,,,11770247,,,,,,,,,,,,,,,,
2023-04-03,,191.68,,22.5,,,,,,1210.05,,,,,222.27,,28.31,,,,,,546.29,,,,,262.5,,32.64,,,,,,3885789.38,,,,,225.41,,34.15,,,,,,11754384,,,,,,,,,,,,,,,,
2023-04-04,,,,,,,,,,1213.42,,,,,,,,,,,,,548.64,,,,,,,,,,,,,3877823.26,,,,,,,,,,,,,11792091,,,,,,,,,,,,,,,,
2023-04-05,,,,,,,,,,1211.48,,,,,,,,,,,,,546.96,,,,,,,,,,,,,3867888.7,,,,,,,,,,,,,11779724,,,,,,,,,,,,,,,,
2023-04-06,,,,,,,,,,1208.07,,,,,,,,,,,,,549.42,,,,,,,,,,,,,3909229.62,,,,,,,,,,,,,11791962,,,,,,,,,,,,,,,,
2023-04-07,,,,,,,,,,1204.54,,,,,,,,,,,,,551.47,,,,,,,,,,,,,3897489.19,,,,,,,,,,,,,11768219,,,,,,,,,,,,,,,,
2023-04-08,,,,,,,,,,1202.94,,,,,,,,,,,,,549.74,,,,,,,,,,,,,3886559.68,,,,,,,,,,,,,11740429,,,,,,,,,,,,,,,,
2023-04-09,,,,,245110,2709,90.47988187523072,,,1200.84,,,,,,,,,,,,,547.79,,,,,,,,70414.9,731,96.32681258549931,,,3878724.1,,,,,,,,,,,,,11716836,,,,,,,,,,,,,,,,
2023-04-10,,191.74,,22.73,,,,,,1206.81,,,,,222.52,,29.66,,,,,,546.33,,,,,262.27,,33.44,,,,,,3871344.85,,,,,225.8,,25,,,,,,11699289,,,,,,,,,,,,,,,,
2023-04-11,,,,,,,,,,1200.28,,,,,,,,,,,,,543.37,,,,,,,,,,,,,3861973.34,,,,,,,,,,,,,11690114,,,,,,,,,,,,,,,,
2023-04-12,,,,,,,,,,1196.36,,,,,,,,,,,,,542.15,,,,,,,,,,,,,,,,,,,,,,,,,,11694114,,,,,,,,,,,,,,,,
2023-04-13,,,,,,,,,,1193.96,,,,,,,,,,,,,540.04,,,,,,,,,,,,,3836741.01,,,,,,,,,,,,,11697717,,,,,,,,,,,,,,,,
2023-04-14,,,,,,,,,,1191.34,,,,,,,,,,,,,546.72,,,,,,,,,,,,,3910033.96,,,,,,,,,,,,,11687813,,,,,,,,,,,,,,,,
2023-04-15,,,,,,,,,,1186.31,,,,,,,,,,,,,543.7,,,,,,,,,,,,,3898831.86,,,,,,,,,,,,,11649730,,,,,,,,,,,,,,,,
2023-04-16,,,,,312729.77,3440,90.90981686046511,,,1184.65,,,,,,,,,,,,,540.73,,,,,,,,63793.07,684,93.26472222222222,,,3893217.12,,,,,,,,,,,,,11624472,,,,,,,,,,,,,,,,
2023-04-17,,191.42,,28.07,,,,,,1179.7,,,,,222.21,,28.65,,,,,,538.11,,,,,262.37,,35.06,,,,,,3943701.16,,,,,226.74,,32.83,,,,,,11646794,,,,,,,,,,,,,,,,
2023-04-18,,,,,,,,,,1176.18,,,,,,,,,,,,,542.31,,,,,,,,,,,,,3959898.57,,,,,,,,,,,,,11665772,,,,,,,,,,,,,,,,
2023-04-19,,,,,,,,,,1171.87,,,,,,,,,,,,,540.18,,,,,,,,,,,,,3953626.17,,,,,,,,,,,,,11693506,,,,,,,,,,,,,,,,
2023-04-20,,,,,,,,,,1169.38,,,,,,,,,,,,,549.65,,,,,,,,,,,,,4013343.75,,,,,,,,,,,,,11723971,,,,,,,,,,,,,,,,
2023-04-21,,,,,,,,,,1162.27,,,,,,,,,,,,,534.56,,,,,,,,,,,,,4035282.48,,,,,,,,,,,,,11841606,,,,,,,,,,,,,,,,
2023-04-22,,,,,,,,,,1160.75,,,,,,,,,,,,,548.66,,,,,,,,,,,,,3994631.05,,,,,,,,,,,,,11803183,,,,,,,,,,,,,,,,
2023-04-23,,,,,362155.66,3949,91.70819447961509,,,1163.35,,,,,,,,,,,,,562.34,,,,,,,,96641.95,1020,94.74700980392157,,,3980865.37,,,,,,,,,,,,,11763458,,,,,,,,,,,,,,,,
2023-04-24,,191.08,,18.67,,,,,,1160.38,,,,,221.68,,26.71,,,,,,564.1,,,,,262.42,,36.67,,,,,,4104988.72,,,,,226.4,,29.61,,,,,,11824047,,,,,,,,,,,,,,,,
2023-04-25,,,,,,,,,,1157.23,,,,,,,,,,,,,559.96,,,,,,,,,,,,,4092409.26,,,,,,,,,,,,,11809125,,,,,,,,,,,,,,,,
2023-04-26,,,,,,,,,,1153.81,,,,,,,,,,,,,557.84,,,,,,,,,,,,,4075081.15,,,,,,,,,,,,,11825878,,,,,,,,,,,,,,,,
2023-04-27,,,,,,,,,,1151.2,,,,,,,,,,,,,555.25,,,,,,,,,,,,,4061589.27,,,,,,,,,,,,,11973357,,,,,,,,,,,,,,,,
2023-04-28,,,,,,,,,,1151,,,,,,,,,,,,,551.2,,,,,,,,,,,,,4057480.86,,,,,,,,,,,,,12192166,,,,,,,,,,,,,,,,
2023-04-29,,,,,,,,,,1150.01,,,,,,,,,,,,,547.48,,,,,,,,,,,,,4051527.49,,,,,,,,,,,,,12152004,,,,,,,,,,,,,,,,
2023-04-30,1047,,51.77,,329308.43,3678,89.53464654703643,210,1.27,1149.83,112960.6,28.3737,15.7218,638,,44.01,,,,,262,1.6,544.83,839725.28,0,204.0185,1077,,16.79,,56048.39,602,93.10363787375415,186,1.27,4040204.42,317042.82,0,0,989,,15.84,,89.47,,,165,1.29,12131955,76.7031,50.3417,76.3208,,,,,3.1,,79.7,93.4,88.7,0.1,-0.1,-0.3,0
2023-05-01,,191.33,,22.08,,,,,,1140.27,,,,,221.13,,24.84,,,,,,544.26,,,,,262.25,,37.07,,,,,,4036607.62,,,,,226.39,,28.92,,,,,,12123088,,,,,,,,,,,,,,,,
2023-05-02,,,,,,,,,,1140.22,,,,,,,,,,,,,543.97,,,,,,,,,,,,,4031533.78,,,,,,,,,,,,,12116497,,,,,,,,,,,,,,,,
2023-05-03,,,,,,,,,,1140.15,,,,,,,,,,,,,543.36,,,,,,,,,,,,,4024835.07,,,,,,,,,,,,,12107381,,,,,,,,,,,,,,,,
2023-05-04,,,,,,,,,,1139.14,,,,,,,,,,,,,545.73,,,,,,,,,,,,,4016766.56,,,,,,,,,,,,,12096761,,,,,,,,,,,,,,,,
2023-05-05,,,,,,,,,,1144.5,,,,,,,,,,,,,548.55,,,,,,,,,,,,,4006490.26,,,,,,,,,,,,,12099276,,,,,,,,,,,,,,,,
2023-05-06,,,,,,,,,,1141.68,,,,,,,,,,,,,548.76,,,,,,,,,,,,,3996969.69,,,,,,,,,,,,,12090108,,,,,,,,,,,,,,,,
2023-05-07,,,,,150342.1,1683,89.32982768865122,,,1139.65,,,,,,,,,,,,,550.67,,,,,,,,31035.67,322,96.38406832298136,,,3989771.45,,,,,,,,,,,,,12048821,,,,,,,,,,,,,,,,
2023-05-08,,191.2,,15.71,,,,,,1141.37,,,,,221.09,,26.35,,,,,,554.53,,,,,262.21,,36.8,,,,,,3982258.43,,,,,224.12,,28.51,,,,,,12022698,,,,,,,,,,,,,,,,
2023-05-09,,,,,,,,,,1136.46,,,,,,,,,,,,,559.64,,,,,,,,,,,,,3973959.28,,,,,,,,,,,,,11999239,,,,,,,,,,,,,,,,
2023-05-10,,,,,,,,,,1133.95,,,,,,,,,,,,,571.89,,,,,,,,,,,,,3961756.82,,,,,,,,,,,,,11991274,,,,,,,,,,,,,,,,
2023-05-11,,,,,,,,,,1133.28,,,,,,,,,,,,,570.29,,,,,,,,,,,,,4029377.54,,,,,,,,,,,,,11994886,,,,,,,,,,,,,,,,
2023-05-12,,,,,,,,,,1137.36,,,,,,,,,,,,,568,,,,,,,,,,,,,4017769.09,,,,,,,,,,,,,12024785,,,,,,,,,,,,,,,,
2023-05-13,,,,,,,,,,1137.68,,,,,,,,,,,,,565.01,,,,,,,,,,,,,4007880.47,,,,,,,,,,,,,11985466,,,,,,,,,,,,,,,,
2023-05-14,,,,,285447.76,3128,91.25567774936061,,,1137.11,,,,,,,,,,,,,563.21,,,,,,,,69831.31,712,98.07768258426967,,,4000851.58,,,,,,,,,,,,,11958231,,,,,,,,,,,,,,,,
2023-05-15,,190.62,,30.14,,,,,,1133.77,,,,,220.47,,24.75,,,,,,559.57,,,,,262.19,,34.07,,,,,,3941053.57,,,,,225.66,,26.79,,,,,,11943852,,,,,,,,,,,,,,,,
2023-05-16,,,,,,,,,,1131.92,,,,,,,,,,,,,565.31,,,,,,,,,,,,,4004635.27,,,,,,,,,,,,,11918323,,,,,,,,,,,,,,,,
2023-05-17,,,,,,,,,,1132.79,,,,,,,,,,,,,569.97,,,,,,,,,,,,,4018765.35,,,,,,,,,,,,,11945561,,,,,,,,,,,,,,,,
2023-05-18,,,,,,,,,,1130.03,,,,,,,,,,,,,570.07,,,,,,,,,,,,,3999950.54,,,,,,,,,,,,,11952239,,,,,,,,,,,,,,,,
2023-05-19,,,,,,,,,,1126.89,,,,,,,,,,,,,573.93,,,,,,,,,,,,,4060360.51,,,,,,,,,,,,,11962763,,,,,,,,,,,,,,,,
2023-05-20,,,,,,,,,,1128.56,,,,,,,,,,,,,569.93,,,,,,,,,,,,,4061903.74,,,,,,,,,,,,,11922058,,,,,,,,,,,,,,,,
2023-05-21,,,,,287929.55,3124,92.16694942381562,,,1127.13,,,,,,,,,,,,,567.56,,,,,,,,77286.69,767,100.7649152542373,,,4057020.07,,,,,,,,,,,,,11897362,,,,,,,,,,,,,,,,
2023-05-22,,190.58,,23.53,,,,,,1125.28,,,,,220.1,,22.37,,,,,,562.61,,,,,261.79,,32.5,,,,,,4051466.22,,,,,225.79,,26.32,,,,,,11873111,,,,,,,,,,,,,,,,
2023-05-23,,,,,,,,,,1123.44,,,,,,,,,,,,,566.44,,,,,,,,,,,,,4109025.83,,,,,,,,,,,,,11856534,,,,,,,,,,,,,,,,
2023-05-24,,,,,,,,,,1122.95,,,,,,,,,,,,,565.44,,,,,,,,,,,,,4100747.13,,,,,,,,,,,,,11846645,,,,,,,,,,,,,,,,
2023-05-25,,,,,,,,,,1120.09,,,,,,,,,,,,,563.16,,,,,,,,,,,,,4078160.37,,,,,,,,,,,,,11832461,,,,,,,,,,,,,,,,
2023-05-26,,,,,,,,,,1116.99,,,,,,,,,,,,,562.26,,,,,,,,,,,,,4083180.54,,,,,,,,,,,,,11852873,,,,,,,,,,,,,,,,
2023-05-27,,,,,,,,,,1115.54,,,,,,,,,,,,,558.77,,,,,,,,,,,,,4069938.65,,,,,,,,,,,,,11815889,,,,,,,,,,,,,,,,
2023-05-28,,,,,278491.07,3033,91.82033300362677,,,1114.7,,,,,,,,,,,,,553.89,,,,,,,,63916.27,672,95.11349702380953,,,4058541.87,,,,,,,,,,,,,11788683,,,,,,,,,,,,,,,,
2023-05-29,,190.86,,21.52,,,,,,1110.56,,,,,219.68,,22.8,,,,,,545.37,,,,,261.4,,30.67,,,,,,4049088.43,,,,,225.14,,28.24,,,,,,11813847,,,,,,,,,,,,,,,,
2023-05-30,,,,,,,,,,1107.57,,,,,,,,,,,,,553.83,,,,,,,,,,,,,4040279,,,,,,,,,,,,,11836142,,,,,,,,,,,,,,,,
2023-05-31,1063,,49.35,,,,,210,1.25,1106.91,122462.31,130.2123,14.4522,627,,38.74,,,,,258,1.6,552.7,831539.94,0,0,1094,,14.97,,,,,187,1.27,4024565,422913.76,0,0,1003,,14.6,,77.52,8135,0.009529194837124,164,1.27,11843714,72.6516,55.8887,50.3417,,,,,3.1,,79.1,95.6,89.69999999999999,0.2,-0.2,-0.3,-0.1
2023-06-01,,,,,,,,,,1127.39,,,,,,,,,,,,,550.52,,,,,,,,,,,,,4038866.44,,,,,,,,,,,,,11916065,,,,,,,,,,,,,,,,
2023-06-02,,,,,,,,,,1122.27,,,,,,,,,,,,,550.62,,,,,,,,,,,,,4057104.61,,,,,,,,,,,,,11899650,,,,,,,,,,,,,,,,
2023-06-03,,,,,,,,,,1120.67,,,,,,,,,,,,,547.07,,,,,,,,,,,,,4048826.67,,,,,,,,,,,,,11878025,,,,,,,,,,,,,,,,
2023-06-04,,,,,269618.03,2970,90.78048148148149,,,1120.14,,,,,,,,,,,,,543.93,,,,,,,,59147.77,591,100.0808291032149,,,4043519.67,,,,,,,,,,,,,11862469,,,,,,,,,,,,,,,,
2023-06-05,,190.47,,15.63,,,,,,1117.02,,,,,219.6,,23.78,,,,,,544.82,,,,,261.82,,23.99,,,,,,4035704.56,,,,,224.68,,19.7,,,,,,11850271,,,,,,,,,,,,,,,,
2023-06-06,,,,,,,,,,1115.53,,,,,,,,,,,,,548.11,,,,,,,,,,,,,4029022.12,,,,,,,,,,,,,11862070,,,,,,,,,,,,,,,,
2023-06-07,,,,,,,,,,1113.29,,,,,,,,,,,,,550.69,,,,,,,,,,,,,4102250.51,,,,,,,,,,,,,11851904,,,,,,,,,,,,,,,,
2023-06-08,,,,,,,,,,1113.87,,,,,,,,,,,,,550.17,,,,,,,,,,,,,4093186.64,,,,,,,,,,,,,11921584,,,,,,,,,,,,,,,,
2023-06-09,,,,,,,,,,1110.99,,,,,,,,,,,,,556.58,,,,,,,,,,,,,4230538.13,,,,,,,,,,,,,11932233,,,,,,,,,,,,,,,,
2023-06-10,,,,,,,,,,1108.51,,,,,,,,,,,,,549.16,,,,,,,,,,,,,4224314.2,,,,,,,,,,,,,11902291,,,,,,,,,,,,,,,,
2023-06-11,,,,,246319.05,2613,94.26676234213548,,,1107.35,,,,,,,,,,,,,546.51,,,,,,,,61740.23,619,99.7418901453958,,,4217986.56,,,,,,,,,,,,,11882227,,,,,,,,,,,,,,,,
2023-06-12,,190.12,,27.12,,,,,,1105.36,,,,,222.93,,24.18,,,,,,556.06,,,,,261.63,,23.84,,,,,,4212891.06,,,,,223.52,,18.75,,,,,,11885454,,,,,,,,,,,,,,,,
2023-06-13,,,,,,,,,,1102.28,,,,,,,,,,,,,561.67,,,,,,,,,,,,,4210226.17,,,,,,,,,,,,,11930935,,,,,,,,,,,,,,,,
2023-06-14,,,,,,,,,,1100.07,,,,,,,,,,,,,584.38,,,,,,,,,,,,,4304664.33,,,,,,,,,,,,,11933316,,,,,,,,,,,,,,,,
2023-06-15,,,,,,,,,,1103.27,,,,,,,,,,,,,586.01,,,,,,,,,,,,,4286813.99,,,,,,,,,,,,,11927998,,,,,,,,,,,,,,,,
2023-06-16,,,,,,,,,,1099.31,,,,,,,,,,,,,587.54,,,,,,,,,,,,,4357209.01,,,,,,,,,,,,,11953729,,,,,,,,,,,,,,,,
2023-06-17,,,,,,,,,,1097.49,,,,,,,,,,,,,583.88,,,,,,,,,,,,,4352128.69,,,,,,,,,,,,,11928960,,,,,,,,,,,,,,,,
2023-06-18,,,,,235949.21,2556,92.31189749608764,,,1096.41,,,,,,,,,,,,,582.57,,,,,,,,57534.13,587,98.01385008517887,,,4346836.67,,,,,,,,,,,,,11906531,,,,,,,,,,,,,,,,
2023-06-19,,190.13,,23.88,,,,,,1093.26,,,,,222.89,,24.53,,,,,,589.89,,,,,261.74,,22.74,,,,,,4341699.96,,,,,222.9,,22.91,,,,,,11891211,,,,,,,,,,,,,,,,
2023-06-20,,,,,,,,,,1089.87,,,,,,,,,,,,,,,,,,,,,,,,,,4359977.67,,,,,,,,,,,,,11867719,,,,,,,,,,,,,,,,
2023-06-21,,,,,,,,,,1089.53,,,,,,,,,,,,,591.11,,,,,,,,,,,,,4430732.46,,,,,,,,,,,,,11985166,,,,,,,,,,,,,,,,
2023-06-22,,,,,,,,,,1126.69,,,,,,,,,,,,,589.9,,,,,,,,,,,,,4425480.42,,,,,,,,,,,,,11966940,,,,,,,,,,,,,,,,
2023-06-23,,,,,,,,,,1126.13,,,,,,,,,,,,,587.79,,,,,,,,,,,,,4421846.35,,,,,,,,,,,,,11951738,,,,,,,,,,,,,,,,
2023-06-24,,,,,,,,,,1125.69,,,,,,,,,,,,,586.37,,,,,,,,,,,,,4419322.49,,,,,,,,,,,,,11932447,,,,,,,,,,,,,,,,
2023-06-25,,,,,219936.76,2357,93.31215952481969,,,1122.73,,,,,,,,,,,,,564.23,,,,,,,,44838.57,460,97.47515217391305,,,4318629.15,,,,,,,,,,,,,11906271,,,,,,,,,,,,,,,,
2023-06-26,,188.95,,21.54,,,,,,1120,,,,,221.95,,24.68,,,,,,594.98,,,,,262.02,,22.33,,,,,,4299276.19,,,,,221.47,,19.84,,,,,,11933044,,,,,,,,,,,,,,,,
2023-06-27,,,,,,,,,,1115.26,,,,,,,,,,,,,584.02,,,,,,,,,,,,,4292356.48,,,,,,,,,,,,,11884855,,,,,,,,,,,,,,,,
2023-06-28,,,,,,,,,,1111.96,,,,,,,,,,,,,576.4,,,,,,,,,,,,,4268371.66,,,,,,,,,,,,,11865818,,,,,,,,,,,,,,,,
2023-06-29,,,,,,,,,,1129.4,,,,,,,,,,,,,571.23,,,,,,,,,,,,,4248577.54,,,,,,,,,,,,,11789254,,,,,,,,,,,,,,,,
2023-06-30,1019,,48.82,,,,,212,1.32,1125.48,525504.02,73.908,150.0983,627,,37.36,,,,,265,1.64,562.62,1580424.72,279.9419,0,1060,,13.75,,,,,189,1.32,4368249.25,487361.29,29.0976,29.0976,972,,13.88,,73.26,7600,0.009639473684211,167,1.34,11816266,70.5763,19.7551,55.8887,9.7,,4.9,4.8,3.1,4.11,76.2,94.8,87.2,0,-0.2,-0.2,0.1
2023-07-01,,,,,,,,,,1107.95,,,,,,,,,,,,,557.28,,,,,,,,,,,,,4315550.27,,,,,,,,,,,,,11816266,,,,,,,,,,,,,,,,
2023-07-02,,,,,297139.5,3232,91.93672648514851,,,1107.56,,,,,,,,,,,,,553.07,,,,,,,,53312.42,545,97.82095412844036,,,4312829.11,,,,,,,,,,,,,11816266,,,,,,,,,,,,,,,,
2023-07-03,,189.8,,28.77,,,,,,1106.08,,,,,221.6,,27.08,,,,,,553.48,,,,,262.22,,19.78,,,,,,4307326.14,,,,,221.35,,21.48,,,,,,11816266,,,,,,,,,,,,,,,,
2023-07-04,,,,,,,,,,1103.79,,,,,,,,,,,,,550.97,,,,,,,,,,,,,4303523.41,,,,,,,,,,,,,11776097,,,,,,,,,,,,,,,,
2023-07-05,,,,,,,,,,1102.77,,,,,,,,,,,,,552.79,,,,,,,,,,,,,4297654.99,,,,,,,,,,,,,11767043,,,,,,,,,,,,,,,,
2023-07-06,,,,,,,,,,1098.93,,,,,,,,,,,,,550.88,,,,,,,,,,,,,4290852.59,,,,,,,,,,,,,11746249,,,,,,,,,,,,,,,,
2023-07-07,,,,,,,,,,1097.13,,,,,,,,,,,,,553.28,,,,,,,,,,,,,,,,,,,,,,,,,,11742151,,,,,,,,,,,,,,,,
2023-07-08,,,,,,,,,,1094.85,,,,,,,,,,,,,551.67,,,,,,,,,,,,,,,,,,,,,,,,,,11719726,,,,,,,,,,,,,,,,
2023-07-09,,,,,201782.15,2102,95.99531398667935,,,1094.06,,,,,,,,,,,,,550.45,,,,,,,,45163.09,447,101.03599552572707,,,4325319.21,,,,,,,,,,,,,11704435,,,,,,,,,,,,,,,,
2023-07-10,,189.47,,25.45,,,,,,1091.93,,,,,221.11,,23.46,,,,,,553.8,,,,,262.03,,19.38,,,,,,4319571.85,,,,,222.97,,32.42,,,,,,11690292,,,,,,,,,,,,,,,,
2023-07-11,,,,,,,,,,1090.07,,,,,,,,,,,,,551.53,,,,,,,,,,,,,4304557.74,,,,,,,,,,,,,11675132,,,,,,,,,,,,,,,,
2023-07-12,,,,,,,,,,1084.31,,,,,,,,,,,,,570.4,,,,,,,,,,,,,4287214.59,,,,,,,,,,,,,11673001,,,,,,,,,,,,,,,,
2023-07-13,,,,,,,,,,1081.8,,,,,,,,,,,,,572.57,,,,,,,,,,,,,4265975.55,,,,,,,,,,,,,11713446,,,,,,,,,,,,,,,,
2023-07-14,,,,,,,,,,1079.59,,,,,,,,,,,,,577.49,,,,,,,,,,,,,4242193.07,,,,,,,,,,,,,11764107,,,,,,,,,,,,,,,,
2023-07-15,,,,,,,,,,1078.13,,,,,,,,,,,,,577.16,,,,,,,,,,,,,4220124.96,,,,,,,,,,,,,11742007,,,,,,,,,,,,,,,,
2023-07-16,,,,,207751.51,2219,93.62393420459667,,,1077.52,,,,,,,,,,,,,576.48,,,,,,,,50700.84,521,97.31447216890595,,,4200274.27,,,,,,,,,,,,,11727616,,,,,,,,,,,,,,,,
2023-07-17,,189.09,,31.71,,,,,,1079.04,,,,,220.49,,26.14,,,,,,576.2,,,,,262.14,,22.14,,,,,,4181464.7,,,,,222.58,,22.55,,,,,,11724090,,,,,,,,,,,,,,,,
2023-07-18,,,,,,,,,,1084.52,,,,,,,,,,,,,578.84,,,,,,,,,,,,,4184249.6,,,,,,,,,,,,,11709102,,,,,,,,,,,,,,,,
2023-07-19,,,,,,,,,,1082.22,,,,,,,,,,,,,585.21,,,,,,,,,,,,,4213999.25,,,,,,,,,,,,,11753140,,,,,,,,,,,,,,,,
2023-07-20,,,,,,,,,,1088.21,,,,,,,,,,,,,589.57,,,,,,,,,,,,,4218451.44,,,,,,,,,,,,,11789622,,,,,,,,,,,,,,,,
2023-07-21,,,,,,,,,,1088.53,,,,,,,,,,,,,600.59,,,,,,,,,,,,,4421057.36,,,,,,,,,,,,,11842998,,,,,,,,,,,,,,,,
2023-07-22,,,,,,,,,,1087.25,,,,,,,,,,,,,598.38,,,,,,,,,,,,,4415201.11,,,,,,,,,,,,,11823560,,,,,,,,,,,,,,,,
2023-07-23,,,,,220714.79,2375,92.93254315789474,,,1086.47,,,,,,,,,,,,,596.6,,,,,,,,52371.02,556,94.19248201438849,,,4411147.18,,,,,,,,,,,,,11809803,,,,,,,,,,,,,,,,
2023-07-24,,189.18,,11.11,,,,,,1084.75,,,,,220.59,,24.79,,,,,,593.18,,,,,261.51,,22.44,,,,,,4400353.92,,,,,222.06,,25.39,,,,,,11846347,,,,,,,,,,,,,,,,
2023-07-25,,,,,,,,,,1082.5,,,,,,,,,,,,,598.33,,,,,,,,,,,,,4383098.23,,,,,,,,,,,,,11918499,,,,,,,,,,,,,,,,
2023-07-26,,,,,,,,,,1079.39,,,,,,,,,,,,,,,,,,,,,,,,,,4375430.07,,,,,,,,,,,,,11888639,,,,,,,,,,,,,,,,
2023-07-27,,,,,,,,,,1079.36,,,,,,,,,,,,,594.11,,,,,,,,,,,,,4364028.46,,,,,,,,,,,,,11955506,,,,,,,,,,,,,,,,
2023-07-28,,,,,,,,,,1088.75,,,,,,,,,,,,,588.39,,,,,,,,,,,,,4357477.73,,,,,,,,,,,,,11956876,,,,,,,,,,,,,,,,
2023-07-29,,,,,,,,,,1087.27,,,,,,,,,,,,,586.87,,,,,,,,,,,,,4328472.04,,,,,,,,,,,,,11928219,,,,,,,,,,,,,,,,
2023-07-30,,,,,234549.52,2389,98.17895353704479,,,1086.6,,,,,,,,,,,,,583.65,,,,,,,,50245.75,508,98.90895669291339,,,4320609.47,,,,,,,,,,,,,11908817,,,,,,,,,,,,,,,,
2023-07-31,994,188.72,48.03,15.79,,,,212,1.35,1084.51,259249.6,12.5642,51.7497,630,219.56,34.5,25.56,,,,269,1.66,581.88,643576.8,0,196.7626,1018,261.6,13.81,20.85,,,,192,1.4,4310923.89,206691.16,69.2582,0,938,223.98,13.05,27.18,69.5,,,167,1.39,11902178,56.9728,58.1766,19.7551,,,,,3.1,,75.6,94.3,86.6,-0.3,0.2,-0.1,0.2
2023-08-01,,,,,,,,,,1086.15,,,,,,,,,,,,,578.95,,,,,,,,,,,,,4301481.09,,,,,,,,,,,,,11914332,,,,,,,,,,,,,,,,
2023-08-02,,,,,,,,,,1091.72,,,,,,,,,,,,,577.23,,,,,,,,,,,,,4294446.52,,,,,,,,,,,,,11920456,,,,,,,,,,,,,,,,
2023-08-03,,,,,,,,,,1089.78,,,,,,,,,,,,,576.03,,,,,,,,,,,,,4327859.33,,,,,,,,,,,,,11916670,,,,,,,,,,,,,,,,
2023-08-04,,,,,,,,,,1092.98,,,,,,,,,,,,,574.81,,,,,,,,,,,,,4319725,,,,,,,,,,,,,11960652,,,,,,,,,,,,,,,,
2023-08-05,,,,,,,,,,1092.01,,,,,,,,,,,,,573.34,,,,,,,,,,,,,4315390.28,,,,,,,,,,,,,11943764,,,,,,,,,,,,,,,,
2023-08-06,,,,,182255.61,1957,93.13010219724067,,,1091.37,,,,,,,,,,,,,572.64,,,,,,,,50610.68,530,95.49184905660377,,,4323741.38,,,,,,,,,,,,,11934872,,,,,,,,,,,,,,,,
2023-08-07,,188.85,,31.58,,,,,,1090.36,,,,,219.15,,22.72,,,,,,565.63,,,,,261.86,,28.84,,,,,,4314536.54,,,,,222.57,,27.16,,,,,,11928706,,,,,,,,,,,,,,,,
2023-08-08,,,,,,,,,,1088.1,,,,,,,,,,,,,586.38,,,,,,,,,,,,,4288158.81,,,,,,,,,,,,,11919357,,,,,,,,,,,,,,,,
2023-08-09,,,,,,,,,,1090.1,,,,,,,,,,,,,590.58,,,,,,,,,,,,,4268644.37,,,,,,,,,,,,,11879631,,,,,,,,,,,,,,,,
2023-08-10,,,,,,,,,,1090.55,,,,,,,,,,,,,606.07,,,,,,,,,,,,,4262677.02,,,,,,,,,,,,,11895342,,,,,,,,,,,,,,,,
2023-08-11,,,,,,,,,,1089.07,,,,,,,,,,,,,612.74,,,,,,,,,,,,,4300996.18,,,,,,,,,,,,,11890697,,,,,,,,,,,,,,,,
2023-08-12,,,,,,,,,,1088.02,,,,,,,,,,,,,610.97,,,,,,,,,,,,,4297143.18,,,,,,,,,,,,,11859680,,,,,,,,,,,,,,,,
2023-08-13,,,,,204194.6,2252,90.67255772646537,,,1087.49,,,,,,,,,,,,,609.51,,,,,,,,53419.91,547,97.65979890310786,,,4288389.88,,,,,,,,,,,,,11846274,,,,,,,,,,,,,,,,
2023-08-14,,188.59,,23.53,,,,,,1086.24,,,,,219.59,,26.74,,,,,,608.44,,,,,261.7,,23.29,,,,,,4280175.51,,,,,222.33,,26.7,,,,,,11823658,,,,,,,,,,,,,,,,
2023-08-15,,,,,,,,,,1084.36,,,,,,,,,,,,,610.76,,,,,,,,,,,,,4263505.91,,,,,,,,,,,,,11837997,,,,,,,,,,,,,,,,
2023-08-16,,,,,,,,,,1082.27,,,,,,,,,,,,,611.76,,,,,,,,,,,,,4255727.9,,,,,,,,,,,,,11857929,,,,,,,,,,,,,,,,
2023-08-17,,,,,,,,,,1081.57,,,,,,,,,,,,,624.88,,,,,,,,,,,,,4248867.83,,,,,,,,,,,,,11898531,,,,,,,,,,,,,,,,
2023-08-18,,,,,,,,,,1090.04,,,,,,,,,,,,,623.74,,,,,,,,,,,,,4386734.14,,,,,,,,,,,,,11941036,,,,,,,,,,,,,,,,
2023-08-19,,,,,,,,,,1088.76,,,,,,,,,,,,,621.79,,,,,,,,,,,,,4391914.02,,,,,,,,,,,,,11920269,,,,,,,,,,,,,,,,
2023-08-20,,,,,224059.09,2498,89.69539231385109,,,1087.97,,,,,,,,,,,,,619.03,,,,,,,,50978.94,548,93.02726277372263,,,4387824.82,,,,,,,,,,,,,11903324,,,,,,,,,,,,,,,,
2023-08-21,,188.45,,24.32,,,,,,1086.52,,,,,219.71,,24.33,,,,,,625.37,,,,,261.51,,22.64,,,,,,4409586.3,,,,,222.02,,21.9,,,,,,11894442,,,,,,,,,,,,,,,,
2023-08-22,,,,,,,,,,1090.61,,,,,,,,,,,,,622.97,,,,,,,,,,,,,4462555.17,,,,,,,,,,,,,11898216,,,,,,,,,,,,,,,,
2023-08-23,,,,,,,,,,1089.24,,,,,,,,,,,,,620.93,,,,,,,,,,,,,4457763.18,,,,,,,,,,,,,12009149,,,,,,,,,,,,,,,,
2023-08-24,,,,,,,,,,1087.86,,,,,,,,,,,,,619.17,,,,,,,,,,,,,4509811.36,,,,,,,,,,,,,12084955,,,,,,,,,,,,,,,,
2023-08-25,,,,,,,,,,1085.86,,,,,,,,,,,,,616.98,,,,,,,,,,,,,4617720.15,,,,,,,,,,,,,12114122,,,,,,,,,,,,,,,,
2023-08-26,,,,,,,,,,1084.7,,,,,,,,,,,,,614.52,,,,,,,,,,,,,4611557.6,,,,,,,,,,,,,12102911,,,,,,,,,,,,,,,,
2023-08-27,,,,,233585.54,2551,91.56626421011369,,,1084.1,,,,,,,,,,,,,611.98,,,,,,,,53877.2,559,96.3813953488372,,,4607449.94,,,,,,,,,,,,,12102911,,,,,,,,,,,,,,,,
2023-08-28,,188.85,,26.83,,,,,,1082.48,,,,,219.54,,22.72,,,,,,609.27,,,,,261.32,,17.88,,,,,,4593631.93,,,,,221.91,,22.02,,,,,,12102911,,,,,,,,,,,,,,,,
2023-08-29,,,,,,,,,,1081.08,,,,,,,,,,,,,604.11,,,,,,,,,,,,,4603374.93,,,,,,,,,,,,,12058575,,,,,,,,,,,,,,,,
2023-08-30,,,,,,,,,,1081.73,,,,,,,,,,,,,596.16,,,,,,,,,,,,,4586301.84,,,,,,,,,,,,,12091653,,,,,,,,,,,,,,,,
2023-08-31,955,,57.84,,,,,207,1.37,1087.88,281826.64,72.0783,34.7225,610,,35.17,,,,,275,1.76,588.7,780885.14,0,76.8875,1001,,14.65,,,,,192,1.42,4647908.6,365988.71,0,40.8723,936,,13.51,,65.98,6962,0.009477161735134,167,1.38,12075445,72.6339,171.0997,58.1766,,,,,3.1,,76,94.5,86.8,0.1,0.3,-0.1,0.1
2023-09-01,,,,,,,,,,1087.16,,,,,,,,,,,,,583.76,,,,,,,,,,,,,4650182.3,,,,,,,,,,,,,12069062,,,,,,,,,,,,,,,,
2023-09-02,,,,,,,,,,1086.96,,,,,,,,,,,,,586.83,,,,,,,,,,,,,4646705.3,,,,,,,,,,,,,12058470,,,,,,,,,,,,,,,,
2023-09-03,,,,,239781.99,2692,89.07206166419019,,,1086.51,,,,,,,,,,,,,585.87,,,,,,,,46174.14,482,95.79697095435685,,,4640229.92,,,,,,,,,,,,,12046043,,,,,,,,,,,,,,,,
2023-09-04,,188.91,,28.57,,,,,,1085.93,,,,,220.77,,24.85,,,,,,585.28,,,,,261.48,,20.21,,,,,,4634701.65,,,,,221.58,,21.8,,,,,,12057590,,,,,,,,,,,,,,,,
2023-09-05,,,,,,,,,,1093.75,,,,,,,,,,,,,595.92,,,,,,,,,,,,,4629035.24,,,,,,,,,,,,,12117812,,,,,,,,,,,,,,,,
2023-09-06,,,,,,,,,,1091.91,,,,,,,,,,,,,598.18,,,,,,,,,,,,,4629108.71,,,,,,,,,,,,,12109739,,,,,,,,,,,,,,,,
2023-09-07,,,,,,,,,,1090.83,,,,,,,,,,,,,589.67,,,,,,,,,,,,,4619922.93,,,,,,,,,,,,,12149225,,,,,,,,,,,,,,,,
2023-09-08,,,,,,,,,,1088.91,,,,,,,,,,,,,610.2,,,,,,,,,,,,,4940373.85,,,,,,,,,,,,,12173294,,,,,,,,,,,,,,,,
2023-09-09,,,,,,,,,,1087.72,,,,,,,,,,,,,608.73,,,,,,,,,,,,,4931048.27,,,,,,,,,,,,,12155690,,,,,,,,,,,,,,,,
2023-09-10,,,,,254124.92,2780,91.4118417266187,,,1087.14,,,,,,,,256517.15,3194,80.31219474013776,,,607.72,,,,,,,,57930.64,591,98.0213874788494,,,4919144.9,,,,,,,,,,,,,12142076,,,,,,,,,,,,,,,,
2023-09-11,,188.73,,42.47,,,,,,1085.78,,,,,220.33,,27.96,,,,,,609.67,,,,,261.7,,21.02,,,,,,4910817.82,,,,,222.6,,23.68,,,,,,12180063,,,,,,,,,,,,,,,,
2023-09-12,,,,,,,,,,1084.14,,,,,,,,,,,,,625.6,,,,,,,,,,,,,4978634.55,,,,,,,,,,,,,12168358,,,,,,,,,,,,,,,,
2023-09-13,,,,,,,,,,1083.93,,,,,,,,,,,,,628.86,,,,,,,,,,,,,5019065.98,,,,,,,,,,,,,12133897,,,,,,,,,,,,,,,,
2023-09-14,,,,,,,,,,1082.48,,,,,,,,,,,,,630.43,,,,,,,,,,,,,5099623.8,,,,,,,,,,,,,12132443,,,,,,,,,,,,,,,,
2023-09-15,,,,,,,,,,1079.45,,,,,,,,,,,,,630.67,,,,,,,,,,,,,5073388.79,,,,,,,,,,,,,12113244,,,,,,,,,,,,,,,,
2023-09-16,,,,,,,,,,1070.88,,,,,,,,,,,,,628.57,,,,,,,,,,,,,5089975.81,,,,,,,,,,,,,12085606,,,,,,,,,,,,,,,,
2023-09-17,,,,,311417.27,3490,89.2313094555874,,,1070.23,,,,,,,,337817.05,4077,82.85922246750062,,,628.81,,,,,,,,61317.65,645,95.06612403100775,,,5083773.08,,,,,,,,,,,,,12069345,,,,,,,,,,,,,,,,
2023-09-18,,188.67,,22.81,,,,,,1067.82,,,,,219.93,,28.61,,,,,,625.57,,,,,261.63,,21.06,,,,,,5059220.37,,,,,222.82,,27.61,,,,,,12056165,,,,,,,,,,,,,,,,
2023-09-19,,,,,,,,,,1071.79,,,,,,,,,,,,,639.72,,,,,,,,,,,,,5054342.01,,,,,,,,,,,,,12018518,,,,,,,,,,,,,,,,
2023-09-20,,,,,,,,,,1077.68,,,,,,,,,,,,,637.4,,,,,,,,,,,,,5062186.85,,,,,,,,,,,,,12068857,,,,,,,,,,,,,,,,
2023-09-21,,,,,,,,,,1072.28,,,,,,,,,,,,,634.75,,,,,,,,,,,,,5043253.26,,,,,,,,,,,,,12067257,,,,,,,,,,,,,,,,
2023-09-22,,,,,,,,,,1068.65,,,,,,,,,,,,,632.83,,,,,,,,,,,,,5053492.08,,,,,,,,,,,,,12280911,,,,,,,,,,,,,,,,
2023-09-23,,,,,,,,,,1074.3,,,,,,,,,,,,,635.05,,,,,,,,,,,,,5039272.18,,,,,,,,,,,,,12250404,,,,,,,,,,,,,,,,
2023-09-24,,,,,328763.9,3713,88.5440075410719,,,1070.74,,,,,,,,298873.57,3715,80.45048990578735,,,632.21,,,,,,,,61635.21,644,95.70684782608696,,,5028844.54,,,,,,,,,,,,,12223690,,,,,,,,,,,,,,,,
2023-09-25,,188.37,,18.33,,,,,,1078.26,,,,,220.12,,25.54,,,,,,622.98,,,,,261.79,,18.12,,,,,,5013988.7,,,,,222.03,,25.41,,,,,,12216882,,,,,,,,,,,,,,,,
2023-09-26,,,,,,,,,,1075.06,,,,,,,,,,,,,635.17,,,,,,,,,,,,,5003183.52,,,,,,,,,,,,,12237376,,,,,,,,,,,,,,,,
2023-09-27,,,,,,,,,,1092.88,,,,,,,,,,,,,632.33,,,,,,,,,,,,,4965721.84,,,,,,,,,,,,,12401818,,,,,,,,,,,,,,,,
2023-09-28,,,,,,,,,,1102.14,,,,,,,,,,,,,626.09,,,,,,,,,,,,,4981390.62,,,,,,,,,,,,,12492446,,,,,,,,,,,,,,,,
2023-09-29,,,,,,,,,,1102.66,,,,,,,,,,,,,615.61,,,,,,,,,,,,,4997689.99,,,,,,,,,,,,,12464051,,,,,,,,,,,,,,,,
2023-09-30,922,,56.47,,,,,205,1.42,1102.22,666505.07,71.7246,57.1429,610,,41.31,,,,,266,1.69,613.53,720521.78,244.405,0,968,,16.21,,,,,189,1.44,4987740.82,608612.47,0,0,923,,15.12,,57.47,5950,0.009658823529412,165,1.39,12420193,66.9482,246.8193,117.2422,7,,4.8,5.2,3.1,4.02,78.2,93.7,88.1,0,0.2,0,-0.1
2023-10-01,,,,,332639.19,3825,86.96449411764706,,,1095.6,,,,,,,,214304.33,2565,83.54944639376218,,,612.03,,,,,,,,45005.23,460,97.83745652173913,,,4983795.64,,,,,,,,,,,,,12416958,,,,,,,,,,,,,,,,
2023-10-02,,187.57,,22.58,,,,,,1095.6,,,,,218.77,,22.83,,,,,,611.63,,,,,261.31,,16.77,,,,,,4983246.69,,,,,220.68,,23.88,,,,,,12408689,,,,,,,,,,,,,,,,
2023-10-03,,,,,,,,,,1095.57,,,,,,,,,,,,,611.38,,,,,,,,,,,,,4981717.86,,,,,,,,,,,,,12399973,,,,,,,,,,,,,,,,
2023-10-04,,,,,,,,,,1095.54,,,,,,,,,,,,,611.12,,,,,,,,,,,,,4978129.12,,,,,,,,,,,,,12392688,,,,,,,,,,,,,,,,
2023-10-05,,,,,,,,,,1095.52,,,,,,,,,,,,,610.8,,,,,,,,,,,,,4974292.72,,,,,,,,,,,,,12382711,,,,,,,,,,,,,,,,
2023-10-06,,,,,,,,,,1095.5,,,,,,,,,,,,,610.52,,,,,,,,,,,,,4970708.67,,,,,,,,,,,,,12370287,,,,,,,,,,,,,,,,
2023-10-07,,,,,,,,,,1094.54,,,,,,,,,,,,,613.5,,,,,,,,,,,,,5028131.41,,,,,,,,,,,,,12357446,,,,,,,,,,,,,,,,
2023-10-08,,,,,76836.96,848,90.60962264150943,,,1092.86,,,,,,,,132421,1713,77.3035610040864,,,613.61,,,,,,,,22876.39,239,95.7171129707113,,,4989801.31,,,,,,,,,,,,,12326031,,,,,,,,,,,,,,,,
2023-10-09,,187.43,,15,,,,,,1092.1,,,,,218.36,,23.63,,,,,,624.44,,,,,261.45,,14.89,,,,,,5062928.49,,,,,221.03,,24.83,,,,,,12298181,,,,,,,,,,,,,,,,
2023-10-10,,,,,,,,,,1097.95,,,,,,,,,,,,,632.79,,,,,,,,,,,,,5054040.38,,,,,,,,,,,,,12252043,,,,,,,,,,,,,,,,
2023-10-11,,,,,,,,,,1095.96,,,,,,,,,,,,,639.26,,,,,,,,,,,,,5090759.06,,,,,,,,,,,,,12214759,,,,,,,,,,,,,,,,
2023-10-12,,,,,,,,,,1094.04,,,,,,,,,,,,,644.32,,,,,,,,,,,,,5078079.29,,,,,,,,,,,,,12206048,,,,,,,,,,,,,,,,
2023-10-13,,,,,,,,,,1089.82,,,,,,,,,,,,,647.6,,,,,,,,,,,,,5094910.82,,,,,,,,,,,,,12193971,,,,,,,,,,,,,,,,
2023-10-14,,,,,,,,,,1087.82,,,,,,,,,,,,,645.63,,,,,,,,,,,,,5073889.54,,,,,,,,,,,,,12154945,,,,,,,,,,,,,,,,
2023-10-15,,,,,230270.07,2576,89.3905551242236,,,1086.24,,,,,,,,328397.72,4127,79.57298764235522,,,644.16,,,,,,,,71851.06,751,95.6738482023968,,,5055621.44,,,,,,,,,,,,,12126765,,,,,,,,,,,,,,,,
2023-10-16,,186.85,,19.05,,,,,,1092.41,,,,,217.82,,21.59,,,,,,649.96,,,,,261.3,,14.65,,,,,,5077561.46,,,,,220.29,,21.95,,,,,,12149414,,,,,,,,,,,,,,,,
2023-10-17,,,,,,,,,,1094.92,,,,,,,,,,,,,652.18,,,,,,,,,,,,,5070803.92,,,,,,,,,,,,,12147309,,,,,,,,,,,,,,,,
2023-10-18,,,,,,,,,,1092.86,,,,,,,,,,,,,651.55,,,,,,,,,,,,,5115120.67,,,,,,,,,,,,,12103383,,,,,,,,,,,,,,,,
2023-10-19,,,,,,,,,,1092.48,,,,,,,,,,,,,648.76,,,,,,,,,,,,,5109135.38,,,,,,,,,,,,,12071658,,,,,,,,,,,,,,,,
2023-10-20,,,,,,,,,,1080.88,,,,,,,,,,,,,653.97,,,,,,,,,,,,,5104237.59,,,,,,,,,,,,,12125959,,,,,,,,,,,,,,,,
2023-10-21,,,,,,,,,,1086.42,,,,,,,,,,,,,652.86,,,,,,,,,,,,,5102485.8,,,,,,,,,,,,,12095976,,,,,,,,,,,,,,,,
2023-10-22,,,,,257507.53,2824,91.1853859773371,,,1084.85,,,,,,,,309736,3896,79.50102669404518,,,650.04,,,,,,,,73436.18,768,95.62002604166666,,,5083366.62,,,,,,,,,,,,,12075748,,,,,,,,,,,,,,,,
2023-10-23,,186.24,,10,,,,,,1088.95,,,,,217.52,,20.79,,,,,,645.76,,,,,261.43,,13.57,,,,,,5113893.85,,,,,220.5,,25,,,,,,12051572,,,,,,,,,,,,,,,,
2023-10-24,,,,,,,,,,1087.3,,,,,,,,,,,,,639.34,,,,,,,,,,,,,5105526.48,,,,,,,,,,,,,12005377,,,,,,,,,,,,,,,,
2023-10-25,,,,,,,,,,1085.14,,,,,,,,,,,,,630.42,,,,,,,,,,,,,5096511.58,,,,,,,,,,,,,11910636,,,,,,,,,,,,,,,,
2023-10-26,,,,,,,,,,1082.15,,,,,,,,,,,,,634.3,,,,,,,,,,,,,5039180.95,,,,,,,,,,,,,11926331,,,,,,,,,,,,,,,,
2023-10-27,,,,,,,,,,1079.17,,,,,,,,,,,,,631.06,,,,,,,,,,,,,5000149.06,,,,,,,,,,,,,12009876,,,,,,,,,,,,,,,,
2023-10-28,,,,,,,,,,1076.96,,,,,,,,,,,,,627.9,,,,,,,,,,,,,4990879.77,,,,,,,,,,,,,11975358,,,,,,,,,,,,,,,,
2023-10-29,,,,,270047.7,3021,89.3901688182721,,,1075.49,,,,,,,,313454.11,3900,80.37284871794871,,,624.79,,,,,,,,76966.01,795,96.81259119496855,,,4985257.77,,,,,,,,,,,,,11946928,,,,,,,,,,,,,,,,
2023-10-30,,185.72,,26.87,,,,,,1071.57,,,,,216.69,,20.15,,,,,,623.21,,,,,260.81,,13.25,,,,,,4975209.26,,,,,218.43,,24.13,,,,,,11920076,,,,,,,,,,,,,,,,
2023-10-31,919,,45.01,,,,,198,1.38,1065.79,124576.29,34.5886,69.9601,604,,39.01,,,,,256,1.64,620.74,792476.55,0,244.405,961,,15.29,,,,,190,1.46,4982640.94,541459.28,0,0,897,,14.01,,60.85,6315,0.009635787806809,166,1.44,11896068,60.4293,10.1146,139.2907,,,,,3.1,,78.3,94.6,88,-0.2,-0.1,0.1,-0.1
2023-11-01,,,,,,,,,,1066.29,,,,,,,,,,,,,619.67,,,,,,,,,,,,,4977877.16,,,,,,,,,,,,,11885190,,,,,,,,,,,,,,,,
2023-11-02,,,,,,,,,,1065.06,,,,,,,,,,,,,630.79,,,,,,,,,,,,,4977762.22,,,,,,,,,,,,,11880135,,,,,,,,,,,,,,,,
2023-11-03,,,,,,,,,,1066.91,,,,,,,,,,,,,641.61,,,,,,,,,,,,,5039349.43,,,,,,,,,,,,,11871618,,,,,,,,,,,,,,,,
2023-11-04,,,,,,,,,,1065.73,,,,,,,,,,,,,640.14,,,,,,,,,,,,,5035786.42,,,,,,,,,,,,,11848255,,,,,,,,,,,,,,,,
2023-11-05,,,,,261314.17,2972,87.9253600269179,,,1064.94,,,,,,,,305445.01,3690,82.77642547425474,,,639.25,,,,,,,,65055.76,694,93.74028818443804,,,5039063.51,,,,,,,,,,,,,11835166,,,,,,,,,,,,,,,,
2023-11-06,,185.3,,28.57,,,,,,1062.58,,,,,215.98,,19.94,,,,,,640.44,,,,,260.76,,14.99,,,,,,5033464.4,,,,,218.26,,23.15,,,,,,11904364,,,,,,,,,,,,,,,,
2023-11-07,,,,,,,,,,1061.67,,,,,,,,,,,,,648.02,,,,,,,,,,,,,5117059.02,,,,,,,,,,,,,11866345,,,,,,,,,,,,,,,,
2023-11-08,,,,,,,,,,1059.7,,,,,,,,,,,,,660.73,,,,,,,,,,,,,5110127.22,,,,,,,,,,,,,11855609,,,,,,,,,,,,,,,,
2023-11-09,,,,,,,,,,1070.96,,,,,,,,,,,,,659.02,,,,,,,,,,,,,5104044.87,,,,,,,,,,,,,11838299,,,,,,,,,,,,,,,,
2023-11-10,,,,,,,,,,1077.44,,,,,,,,,,,,,661.74,,,,,,,,,,,,,5219904.09,,,,,,,,,,,,,11877579,,,,,,,,,,,,,,,,
2023-11-11,,,,,,,,,,1079.46,,,,,,,,,,,,,659.26,,,,,,,,,,,,,5205407.2,,,,,,,,,,,,,11855126,,,,,,,,,,,,,,,,
2023-11-12,,,,,256866.57,2805,91.57453475935829,,,1078.43,,,,,,,,274823.24,3432,80.07670163170164,,,657.32,,,,,,,,67179.34,691,97.22046309696093,,,5193894.69,,,,,,,,,,,,,11837551,,,,,,,,,,,,,,,,
2023-11-13,,185.08,,,,,,,,1077.53,,,,,215.62,,19.04,,,,,,671.3,,,,,260.83,,12.24,,,,,,5183282.28,,,,,218.33,,21.38,,,,,,11821042,,,,,,,,,,,,,,,,
2023-11-14,,,,,,,,,,1075.67,,,,,,,,,,,,,679.17,,,,,,,,,,,,,5171706.2,,,,,,,,,,,,,11807392,,,,,,,,,,,,,,,,
2023-11-15,,,,,,,,,,1073.41,,,,,,,,,,,,,684.74,,,,,,,,,,,,,5160367.88,,,,,,,,,,,,,11845918,,,,,,,,,,,,,,,,
2023-11-16,,,,,,,,,,1069.55,,,,,,,,,,,,,691.59,,,,,,,,,,,,,5155429.08,,,,,,,,,,,,,11872269,,,,,,,,,,,,,,,,
2023-11-17,,,,,,,,,,1068.3,,,,,,,,,,,,,692.7,,,,,,,,,,,,,5148529.6,,,,,,,,,,,,,11904529,,,,,,,,,,,,,,,,
2023-11-18,,,,,,,,,,1075.53,,,,,,,,,,,,,689.91,,,,,,,,,,,,,5144298.93,,,,,,,,,,,,,11879054,,,,,,,,,,,,,,,,
2023-11-19,,,,,257437.62,2840,90.64704929577465,,,1074.57,,,,,,,,287227.75,3564,80.59140011223344,,,686.48,,,,,,,,76649.54,765,100.195477124183,,,5138617.63,,,,,,,,,,,,,11859794,,,,,,,,,,,,,,,,
2023-11-20,,184.68,,14.56,,,,,,1083.11,,,,,215.46,,20.31,,,,,,691.47,,,,,260.86,,13.16,,,,,,5131886.8,,,,,218.12,,23.78,,,,,,11840299,,,,,,,,,,,,,,,,
2023-11-21,,,,,,,,,,1081.86,,,,,,,,,,,,,693.86,,,,,,,,,,,,,5127712.54,,,,,,,,,,,,,11844578,,,,,,,,,,,,,,,,
2023-11-22,,,,,,,,,,1080.47,,,,,,,,,,,,,698.97,,,,,,,,,,,,,5019671.01,,,,,,,,,,,,,11852310,,,,,,,,,,,,,,,,
2023-11-23,,,,,,,,,,1078.97,,,,,,,,,,,,,697.72,,,,,,,,,,,,,5051977.18,,,,,,,,,,,,,11852310,,,,,,,,,,,,,,,,
2023-11-24,,,,,,,,,,1078.23,,,,,,,,,,,,,694.49,,,,,,,,,,,,,5054549.7,,,,,,,,,,,,,11852310,,,,,,,,,,,,,,,,
2023-11-25,,,,,,,,,,1076.95,,,,,,,,,,,,,688.17,,,,,,,,,,,,,5048338.76,,,,,,,,,,,,,11852310,,,,,,,,,,,,,,,,
2023-11-26,,,,,266544.02,2922,91.21971937029431,,,1075.74,,,,,,,,314220.1,3972,79.10878650553877,,,684.86,,,,,,,,72884.34,736,99.02763586956522,,,5045058.84,,,,,,,,,,,,,11852310,,,,,,,,,,,,,,,,
2023-11-27,,184.04,,16.39,,,,,,1076.94,,,,,214.72,,19.43,,,,,,683.08,,,,,260.84,,14.19,,,,,,5054232.06,,,,,216.99,,27.19,,,,,,11884380,,,,,,,,,,,,,,,,
2023-11-28,,,,,,,,,,1080.49,,,,,,,,,,,,,691.29,,,,,,,,,,,,,5098304.72,,,,,,,,,,,,,12032256,,,,,,,,,,,,,,,,
2023-11-29,,,,,,,,,,1098.86,,,,,,,,,,,,,711.25,,,,,,,,,,,,,5202100.66,,,,,,,,,,,,,11983467,,,,,,,,,,,,,,,,
2023-11-30,891,,45.88,,,,,190,1.36,1096.16,639828.6,125.5433,15.5,581,,37.99,,,,,249,1.66,715.42,791848.69,170.7812,0,951,,16.48,,,,,189,1.47,5190036.88,535006.52,6.7936,0,876,,13.48,,84.11,8674,0.009696795019599,165,1.47,11999520,59.2119,136.0152,0,,,,,3.1,,77.4,94.3,87.5,-0.5,-0.5,0.1,-0.1
2023-12-01,,,,,,,,,,1092.47,,,,,,,,,,,,,718.39,,,,,,,,,,,,,5208346.24,,,,,,,,,,,,,12004756,,,,,,,,,,,,,,,,
2023-12-02,,,,,,,,,,1091.27,,,,,,,,,,,,,715.36,,,,,,,,,,,,,5201953.82,,,,,,,,,,,,,11984106,,,,,,,,,,,,,,,,
2023-12-03,,,,,267901.87,2947,90.90664065151002,,,1090.07,,,,,,,,289735.64,3527,82.14789906436064,,,712.44,,,,,,,,75167.63,779,96.49246469833119,,,5195760.07,,,,,,,,,,,,,11968860,,,,,,,,,,,,,,,,
2023-12-04,,183.34,,15.19,,,,,,1088.74,,,,,213.46,,19.65,,,,,,713.52,,,,,260.45,,14.17,,,,,,5240291.42,,,,,215.07,,24.69,,,,,,11957978,,,,,,,,,,,,,,,,
2023-12-05,,,,,,,,,,1102.03,,,,,,,,,,,,,712.51,,,,,,,,,,,,,5234397.21,,,,,,,,,,,,,11989541,,,,,,,,,,,,,,,,
2023-12-06,,,,,,,,,,1100.94,,,,,,,,,,,,,716.37,,,,,,,,,,,,,5305137.04,,,,,,,,,,,,,11975574,,,,,,,,,,,,,,,,
2023-12-07,,,,,,,,,,1099.5,,,,,,,,,,,,,715.46,,,,,,,,,,,,,5299427.48,,,,,,,,,,,,,11962615,,,,,,,,,,,,,,,,
2023-12-08,,,,,,,,,,1108.81,,,,,,,,,,,,,713.15,,,,,,,,,,,,,5297613.46,,,,,,,,,,,,,11962929,,,,,,,,,,,,,,,,
2023-12-09,,,,,,,,,,1107.45,,,,,,,,,,,,,713.63,,,,,,,,,,,,,,,,,,,,,,,,,,11949460,,,,,,,,,,,,,,,,
2023-12-10,,,,,239846.79,2644,90.7136119515885,,,1115.14,,,,,,,,285361.8,3569,79.95567385822359,,,712.13,,,,,,,,77426.36,815,95.00166871165644,,,5279107.42,,,,,,,,,,,,,11925545,,,,,,,,,,,,,,,,
2023-12-11,,183.21,,27.08,,,,,,1114.41,,,,,213,,21.44,,,,,,721.5,,,,,260.43,,13.3,,,,,,,,,,,214.76,,21.71,,,,,,11921808,,,,,,,,,,,,,,,,
2023-12-12,,,,,,,,,,1128.56,,,,,,,,,,,,,677.73,,,,,,,,,,,,,5277135.34,,,,,,,,,,,,,11918997,,,,,,,,,,,,,,,,
2023-12-13,,,,,,,,,,1127.1,,,,,,,,,,,,,744.13,,,,,,,,,,,,,5261634.69,,,,,,,,,,,,,11898043,,,,,,,,,,,,,,,,
2023-12-14,,,,,,,,,,1131.64,,,,,,,,,,,,,742.51,,,,,,,,,,,,,5203364.64,,,,,,,,,,,,,11882937,,,,,,,,,,,,,,,,
2023-12-15,,,,,,,,,,1130.78,,,,,,,,,,,,,748.95,,,,,,,,,,,,,5277728.1,,,,,,,,,,,,,11949534,,,,,,,,,,,,,,,,
2023-12-16,,,,,,,,,,1139.76,,,,,,,,,,,,,743.8,,,,,,,,,,,,,5269634.86,,,,,,,,,,,,,11923315,,,,,,,,,,,,,,,,
2023-12-17,,,,,217836.73,2385,91.33615513626835,,,1136.19,,,,,,,,315690.15,3768,83.78188694267516,,,739.32,,,,,,,,67063.17,710,94.4551690140845,,,5252131.13,,,,,,,,,,,,,11903966,,,,,,,,,,,,,,,,
2023-12-18,,182.71,,19.61,,,,,,1137.15,,,,,212.48,,23.55,,,,,,745.32,,,,,260.42,,12.84,,,,,,5248463.89,,,,,215.25,,20.15,,,,,,11890450,,,,,,,,,,,,,,,,
2023-12-19,,,,,,,,,,1144.01,,,,,,,,,,,,,741.09,,,,,,,,,,,,,5243747.49,,,,,,,,,,,,,11882218,,,,,,,,,,,,,,,,
2023-12-20,,,,,,,,,,1142.24,,,,,,,,,,,,,738.97,,,,,,,,,,,,,5267502.28,,,,,,,,,,,,,11908178,,,,,,,,,,,,,,,,
2023-12-21,,,,,,,,,,1151.59,,,,,,,,,,,,,736.69,,,,,,,,,,,,,5259362.59,,,,,,,,,,,,,11868290,,,,,,,,,,,,,,,,
2023-12-22,,,,,,,,,,1149.82,,,,,,,,,,,,,734.08,,,,,,,,,,,,,,,,,,,,,,,,,,11927344,,,,,,,,,,,,,,,,
2023-12-23,,,,,,,,,,1147.3,,,,,,,,,,,,,731.74,,,,,,,,,,,,,,,,,,,,,,,,,,11896329,,,,,,,,,,,,,,,,
2023-12-24,,,,,276970.3,3078,89.98385315139701,,,1146.81,,,,,,,,334541.9,4102,81.55580204778157,,,731.74,,,,,,,,65687.57,694,94.65067723342939,,,5232159.24,,,,,,,,,,,,,11875310,,,,,,,,,,,,,,,,
2023-12-25,,182.66,,17.65,,,,,,1142.83,,,,,212.43,,24.56,,,,,,743.02,,,,,260.73,,13.68,,,,,,5225458.85,,,,,213.98,,17.99,,,,,,11828369,,,,,,,,,,,,,,,,
2023-12-26,,,,,,,,,,1140.67,,,,,,,,,,,,,741.33,,,,,,,,,,,,,,,,,,,,,,,,,,11805006,,,,,,,,,,,,,,,,
2023-12-27,,,,,,,,,,1137.94,,,,,,,,,,,,,739.03,,,,,,,,,,,,,,,,,,,,,,,,,,11814545,,,,,,,,,,,,,,,,
2023-12-28,,,,,,,,,,1133.33,,,,,,,,,,,,,736.97,,,,,,,,,,,,,5198104.67,,,,,,,,,,,,,11824083,,,,,,,,,,,,,,,,
2023-12-29,,,,,,,,,,1144.09,,,,,,,,,,,,,731.72,,,,,,,,,,,,,5188206.99,,,,,,,,,,,,,11775319,,,,,,,,,,,,,,,,
2023-12-30,,,,,,,,,,1139.29,,,,,,,,,,,,,729.31,,,,,,,,,,,,,5185808.28,,,,,,,,,,,,,11736044,,,,,,,,,,,,,,,,
2023-12-31,879,,42.74,,383351.52,4289,89.38016320820704,190,1.38,,780038.83,36.9319,90.0204,563,,37.17,,307290.93,3704,82.96191414686825,242,1.67,725.67,1180419.56,46.7184,167.1147,917,,15.94,,46715.35,496,94.18417338709678,189,1.52,5178770.17,363540.27,0,6.7936,846,,11.97,,81.36,8339,0.009756565535436,166,1.52,,59.7189,0,82.2218,6.5,5.8,4.8,5.5,3.1,3.97,77.6,94.7,87.5,-0.3,0.1,0.2,0
2024-01-01,,182.17,,16.28,,,,,,1099.19,,,,,210.6,,25.88,,,,,,738.43,,,,,259.74,,12.61,,,,,,5175751.22,,,,,212.6,,22.22,,,,,,11710367,,,,,,,,,,,,,,,,
2024-01-02,,,,,,,,,,1097.89,,,,,,,,,,,,,737.64,,,,,,,,,,,,,5167604.46,,,,,,,,,,,,,11749781,,,,,,,,,,,,,,,,
2024-01-03,,,,,,,,,,1099.78,,,,,,,,,,,,,,,,,,,,,,,,,,5161714.64,,,,,,,,,,,,,11705847,,,,,,,,,,,,,,,,
2024-01-04,,,,,,,,,,1098.47,,,,,,,,,,,,,734.29,,,,,,,,,,,,,,,,,,,,,,,,,,11727666,,,,,,,,,,,,,,,,
2024-01-05,,,,,,,,,,1105.94,,,,,,,,,,,,,732.42,,,,,,,,,,,,,5164543.7,,,,,,,,,,,,,11715810,,,,,,,,,,,,,,,,
2024-01-06,,,,,,,,,,1104.63,,,,,,,,,,,,,729.92,,,,,,,,,,,,,5158696.92,,,,,,,,,,,,,11698905,,,,,,,,,,,,,,,,
2024-01-07,,,,,175582.08,1926,91.16411214953271,,,1103.73,,,,,,,,284361.2,3422,83.09795441262419,,,728.07,,,,,,,,56765.39,575,98.72241739130435,,,5153474.45,,,,,,,,,,,,,11689591,,,,,,,,,,,,,,,,
2024-01-08,,181.48,,25.64,,,,,,1102.44,,,,,211.03,,24.32,,,,,,729.15,,,,,259.93,,15.12,,,,,,5162354.29,,,,,211.77,,24.12,,,,,,11660782,,,,,,,,,,,,,,,,
2024-01-09,,,,,,,,,,1101.36,,,,,,,,,,,,,726.91,,,,,,,,,,,,,5209015.79,,,,,,,,,,,,,11624188,,,,,,,,,,,,,,,,
2024-01-10,,,,,,,,,,1099.97,,,,,,,,,,,,,720.58,,,,,,,,,,,,,5195484.92,,,,,,,,,,,,,11623713,,,,,,,,,,,,,,,,
2024-01-11,,,,,,,,,,1098.03,,,,,,,,,,,,,722.74,,,,,,,,,,,,,5202656.52,,,,,,,,,,,,,11655365,,,,,,,,,,,,,,,,
2024-01-12,,,,,,,,,,1097.98,,,,,,,,,,,,,728.92,,,,,,,,,,,,,5170677.05,,,,,,,,,,,,,11658685,,,,,,,,,,,,,,,,
2024-01-13,,,,,,,,,,1102.47,,,,,,,,,,,,,727.68,,,,,,,,,,,,,5165855.52,,,,,,,,,,,,,11646145,,,,,,,,,,,,,,,,
2024-01-14,,,,,253196.39,2809,90.13755428978284,,,1101.22,,,,,,,,313428.69,3765,83.24799203187251,,,726.78,,,,,,,,86473.3,901,95.97480577136515,,,5163321.21,,,,,,,,,,,,,11633524,,,,,,,,,,,,,,,,
2024-01-15,,181.68,,20,,,,,,1099.91,,,,,210.83,,24.6,,,,,,736.68,,,,,259.73,,12.18,,,,,,5160891.1,,,,,213.18,,24.02,,,,,,11579595,,,,,,,,,,,,,,,,
2024-01-16,,,,,,,,,,1096.82,,,,,,,,,,,,,739.35,,,,,,,,,,,,,5155851.32,,,,,,,,,,,,,11579595,,,,,,,,,,,,,,,,
2024-01-17,,,,,,,,,,1088.7,,,,,,,,,,,,,738.82,,,,,,,,,,,,,5219898.18,,,,,,,,,,,,,11579595,,,,,,,,,,,,,,,,
2024-01-18,,,,,,,,,,1080.48,,,,,,,,,,,,,738.06,,,,,,,,,,,,,5190426.76,,,,,,,,,,,,,11549837,,,,,,,,,,,,,,,,
2024-01-19,,,,,,,,,,1075.42,,,,,,,,,,,,,737.01,,,,,,,,,,,,,5187098.16,,,,,,,,,,,,,11535753,,,,,,,,,,,,,,,,
2024-01-20,,,,,,,,,,1076.13,,,,,,,,,,,,,735.31,,,,,,,,,,,,,5185964.04,,,,,,,,,,,,,11519552,,,,,,,,,,,,,,,,
2024-01-21,,,,,260394.41,2908,89.54415749656121,,,1074.07,,,,,,,,323320.39,3901,82.88141245834402,,,733.95,,,,,,,,80341.94,834,96.33326139088729,,,5183133.83,,,,,,,,,,,,,11506222,,,,,,,,,,,,,,,,
2024-01-22,,181.65,,22,,,,,,1069.99,,,,,210.51,,24.62,,,,,,735.61,,,,,260.21,,13.2,,,,,,5181304.04,,,,,211.42,,24.87,,,,,,11519926,,,,,,,,,,,,,,,,
2024-01-23,,,,,,,,,,1068.56,,,,,,,,,,,,,739.93,,,,,,,,,,,,,5176245.31,,,,,,,,,,,,,11510057,,,,,,,,,,,,,,,,
2024-01-24,,,,,,,,,,1069.1,,,,,,,,,,,,,738.78,,,,,,,,,,,,,5173133.28,,,,,,,,,,,,,11477618,,,,,,,,,,,,,,,,
2024-01-25,,,,,,,,,,1066.82,,,,,,,,,,,,,738.25,,,,,,,,,,,,,5167616.84,,,,,,,,,,,,,11506106,,,,,,,,,,,,,,,,
2024-01-26,,,,,,,,,,1064.06,,,,,,,,,,,,,740.02,,,,,,,,,,,,,5156707.55,,,,,,,,,,,,,11539850,,,,,,,,,,,,,,,,
2024-01-27,,,,,,,,,,1061.97,,,,,,,,,,,,,737.39,,,,,,,,,,,,,5154806.91,,,,,,,,,,,,,11526888,,,,,,,,,,,,,,,,
2024-01-28,,,,,257605.04,2903,88.73752669652085,,,1060.22,,,,,,,,309794.82,3766,82.26097185342539,,,738.32,,,,,,,,67091.88,708,94.76254237288136,,,5150563.37,,,,,,,,,,,,,11512367,,,,,,,,,,,,,,,,
2024-01-29,,181.17,,23.6,,,,,,1059.88,,,,,209.39,,25,,,,,,737.06,,,,,259.99,,10.44,,,,,,5146998.45,,,,,212.04,,22.77,,,,,,11508249,,,,,,,,,,,,,,,,
2024-01-30,,,,,,,,,,1058.1,,,,,,,,,,,,,735.35,,,,,,,,,,,,,5142003.99,,,,,,,,,,,,,11522839,,,,,,,,,,,,,,,,
2024-01-31,860,,48.6,,,,,183,1.36,1058.28,46912.24,45.4948,35.5229,546,,20.22,,,,,240,1.7,738.42,514384.98,0,46.7184,882,,15.16,,,,,187,1.57,5137118.11,177044.51,23.3818,0,837,,10.76,,84.05,8616,0.009755106778087,163,1.51,11518795,33.5049,17.5704,0,,,,,3.1,,78.2,95.7,88.7,-0.8,0.3,0.2,-0.1
2024-02-01,,,,,,,,,,1054.57,,,,,,,,,,,,,738.32,,,,,,,,,,,,,5129318.74,,,,,,,,,,,,,11525229,,,,,,,,,,,,,,,,
2024-02-02,,,,,,,,,,1052.82,,,,,,,,,,,,,736.81,,,,,,,,,,,,,5125186.75,,,,,,,,,,,,,11510249,,,,,,,,,,,,,,,,
2024-02-03,,,,,,,,,,1051.64,,,,,,,,,,,,,736.73,,,,,,,,,,,,,5125639.58,,,,,,,,,,,,,11497331,,,,,,,,,,,,,,,,
2024-02-04,,,,,278732.51,3127,89.13735529261272,,,1050.16,,,,,,,,244686.37,2915,83.94043567753002,,,736.73,,,,,,,,56682.21,566,100.14524734982332,,,5121493.85,,,,,,,,,,,,,11491595,,,,,,,,,,,,,,,,
2024-02-05,,180.62,,25.8,,,,,,1050.14,,,,,209.64,,24.68,,,,,,733.58,,,,,259.58,,14.55,,,,,,5114968.78,,,,,211.18,,27.68,,,,,,11493544,,,,,,,,,,,,,,,,
2024-02-06,,,,,,,,,,1053.53,,,,,,,,,,,,,732.61,,,,,,,,,,,,,5137630.54,,,,,,,,,,,,,11492619,,,,,,,,,,,,,,,,
2024-02-07,,,,,,,,,,1052.82,,,,,,,,,,,,,732.01,,,,,,,,,,,,,5196475.4,,,,,,,,,,,,,11513364,,,,,,,,,,,,,,,,
2024-02-08,,,,,,,,,,1053.72,,,,,,,,,,,,,731.66,,,,,,,,,,,,,5196427.59,,,,,,,,,,,,,11514211,,,,,,,,,,,,,,,,
2024-02-09,,,,,,,,,,1051.96,,,,,,,,,,,,,731.61,,,,,,,,,,,,,5196827.55,,,,,,,,,,,,,11526732,,,,,,,,,,,,,,,,
2024-02-10,,,,,,,,,,1051.96,,,,,,,,,,,,,731.61,,,,,,,,,,,,,5197171.37,,,,,,,,,,,,,11526732,,,,,,,,,,,,,,,,
2024-02-11,,,,,85925.94,945,90.92692063492063,,,,,,,,,,,57179.6,675,84.71051851851851,,,731.61,,,,,,,,16939.37,164,103.28884146341463,,,5200324.92,,,,,,,,,,,,,,,,,,,,,,,,,,,,,
2024-02-12,,180.69,,26,,,,,,1049.18,,,,,210.08,,25,,,,,,731.61,,,,,259.56,,16,,,,,,5202384.93,,,,,211.68,,28,,,,,,,,,,,,,,,,,,,,,,
2024-02-13,,,,,,,,,,1049.17,,,,,,,,,,,,,731.57,,,,,,,,,,,,,5203847,,,,,,,,,,,,,,,,,,,,,,,,,,,,,
2024-02-14,,,,,,,,,,1049.13,,,,,,,,,,,,,731.55,,,,,,,,,,,,,5207080.8,,,,,,,,,,,,,,,,,,,,,,,,,,,,,
2024-02-15,,,,,,,,,,1049.1,,,,,,,,,,,,,731.51,,,,,,,,,,,,,5208307.19,,,,,,,,,,,,,,,,,,,,,,,,,,,,,
2024-02-16,,,,,,,,,,1049.07,,,,,,,,,,,,,731.47,,,,,,,,,,,,,5213543.64,,,,,,,,,,,,,,,,,,,,,,,,,,,,,
2024-02-17,,,,,,,,,,1048.99,,,,,,,,,,,,,731.23,,,,,,,,,,,,,5213611.03,,,,,,,,,,,,,,,,,,,,,,,,,,,,,
2024-02-18,,,,,10860.5,117,92.82478632478633,,,1048.73,,,,,,,,27283.66,334,81.68760479041916,,,731,,,,,,,,6977.97,62,112.54790322580645,,,5203746.47,,,,,,,,,,,,,11517776,,,,,,,,,,,,,,,,
2024-02-19,,180.9,,27,,,,,,1048.31,,,,,209.71,,28,,,,,,735.24,,,,,259.29,,16.79,,,,,,5200749.77,,,,,210.44,,27.5,,,,,,11512230,,,,,,,,,,,,,,,,
2024-02-20,,,,,,,,,,1045.08,,,,,,,,,,,,,738.41,,,,,,,,,,,,,5196380.81,,,,,,,,,,,,,11502615,,,,,,,,,,,,,,,,
2024-02-21,,,,,,,,,,1044.4,,,,,,,,,,,,,738.35,,,,,,,,,,,,,5192250.56,,,,,,,,,,,,,11496346,,,,,,,,,,,,,,,,
2024-02-22,,,,,,,,,,1043.56,,,,,,,,,,,,,738.18,,,,,,,,,,,,,5188406.38,,,,,,,,,,,,,11488904,,,,,,,,,,,,,,,,
2024-02-23,,,,,,,,,,1042.78,,,,,,,,,,,,,737.81,,,,,,,,,,,,,5183794.99,,,,,,,,,,,,,11481847,,,,,,,,,,,,,,,,
2024-02-24,,,,,,,,,,1040.56,,,,,,,,,,,,,736.63,,,,,,,,,,,,,5179232.6,,,,,,,,,,,,,11465332,,,,,,,,,,,,,,,,
2024-02-25,,,,,162916.2,1831,88.97662479519389,,,1039.6,,,,,,,,236977.22,3007,78.80852011972065,,,735.64,,,,,,,,63548.37,666,95.41797297297298,,,5173090.9,,,,,,,,,,,,,11448794,,,,,,,,,,,,,,,,
2024-02-26,,180.35,,27.7,,,,,,1038.57,,,,,208.73,,32.11,,,,,,735.07,,,,,258.78,,20.62,,,,,,5164482.99,,,,,210.01,,31.25,,,,,,11439312,,,,,,,,,,,,,,,,
2024-02-27,,,,,,,,,,1035.79,,,,,,,,,,,,,739.73,,,,,,,,,,,,,5229729.03,,,,,,,,,,,,,11486966,,,,,,,,,,,,,,,,
2024-02-28,,,,,,,,,,1034.71,,,,,,,,,,,,,737.75,,,,,,,,,,,,,5223293.99,,,,,,,,,,,,,11462582,,,,,,,,,,,,,,,,
2024-02-29,846,,52.56,,,,,184,1.39,1036.15,63160.22,60.6352,73.9041,545,,14.76,,,,,241,1.72,739.86,16288.05,28.4022,0,867,,13.83,,,,,190,1.62,5215947.79,99361.54,0,23.3818,820,,7.79,,45.88,4692,0.009778346121057,161,1.53,11467547,13.4661,0,17.5704,,,,,3.1,,80.1,96,89.6,0.7,1,0,0
2024-03-01,,,,,,,,,,1048.68,,,,,,,,,,,,,738.08,,,,,,,,,,,,,5358774.92,,,,,,,,,,,,,11518296,,,,,,,,,,,,,,,,
2024-03-02,,,,,,,,,,1047.66,,,,,,,,,,,,,736.69,,,,,,,,,,,,,5351122.41,,,,,,,,,,,,,11504186,,,,,,,,,,,,,,,,
2024-03-03,,,,,238819.91,2719,87.83372931224714,,,1046.89,,,,,,,,312231.2,3834,81.43745435576422,,,735.63,,,,,,,,84773.33,893,94.93094064949608,,,5343666.33,,,,,,,,,,,,,11494530,,,,,,,,,,,,,,,,
2024-03-04,,179.67,,26,,,,,,1048.85,,,,,207.89,,28.31,,,,,,738.54,,,,,259.17,,16.39,,,,,,5333776.13,,,,,209.38,,27.16,,,,,,11535707,,,,,,,,,,,,,,,,
2024-03-05,,,,,,,,,,1045.84,,,,,,,,,,,,,738.03,,,,,,,,,,,,,5437979.71,,,,,,,,,,,,,11527208,,,,,,,,,,,,,,,,
2024-03-06,,,,,,,,,,1045.62,,,,,,,,,,,,,737.37,,,,,,,,,,,,,5426647.44,,,,,,,,,,,,,11530558,,,,,,,,,,,,,,,,
2024-03-07,,,,,,,,,,,,,,,,,,,,,,,740.03,,,,,,,,,,,,,5414272.02,,,,,,,,,,,,,11569998,,,,,,,,,,,,,,,,
2024-03-08,,,,,,,,,,1059.14,,,,,,,,,,,,,746.3,,,,,,,,,,,,,5435341,,,,,,,,,,,,,11557541,,,,,,,,,,,,,,,,
2024-03-09,,,,,,,,,,1058.18,,,,,,,,,,,,,745.59,,,,,,,,,,,,,5427523.89,,,,,,,,,,,,,11531953,,,,,,,,,,,,,,,,
2024-03-10,,,,,244159.09,2740,89.10915693430657,,,1057.18,,,,,,,,332627.12,4308,77.21149489322191,,,745,,,,,,,,84807.01,881,96.2622133938706,,,5423822.27,,,,,,,,,,,,,11518564,,,,,,,,,,,,,,,,
2024-03-11,,178.99,,23.4,,,,,,1058.48,,,,,207.57,,25.08,,,,,,748.54,,,,,258.87,,17.04,,,,,,5393710.06,,,,,209.02,,19.49,,,,,,11513745,,,,,,,,,,,,,,,,
2024-03-12,,,,,,,,,,1058.23,,,,,,,,,,,,,751.06,,,,,,,,,,,,,5383775.34,,,,,,,,,,,,,11508032,,,,,,,,,,,,,,,,
2024-03-13,,,,,,,,,,1070.25,,,,,,,,,,,,,757.58,,,,,,,,,,,,,5445665.97,,,,,,,,,,,,,11496728,,,,,,,,,,,,,,,,
2024-03-14,,,,,,,,,,1066.72,,,,,,,,,,,,,756.52,,,,,,,,,,,,,5437163.7,,,,,,,,,,,,,11480375,,,,,,,,,,,,,,,,
2024-03-15,,,,,,,,,,1065.14,,,,,,,,,,,,,762.03,,,,,,,,,,,,,5426110.33,,,,,,,,,,,,,11563586,,,,,,,,,,,,,,,,
2024-03-16,,,,,,,,,,1082.96,,,,,,,,,,,,,760.34,,,,,,,,,,,,,5414097.3,,,,,,,,,,,,,11543396,,,,,,,,,,,,,,,,
2024-03-17,,,,,280481.96,3172,88.42432534678436,,,1082.17,,,,,,,,354301.29,4377,80.94614804660726,,,757.95,,,,,,,,89666.73,959,93.50023983315954,,,5405216.42,,,,,,,,,,,,,11526645,,,,,,,,,,,,,,,,
2024-03-18,,178.41,,21.75,,,,,,1080.58,,,,,207.49,,22.14,,,,,,766.93,,,,,258.83,,13.97,,,,,,5330770.29,,,,,208.04,,22.93,,,,,,11517055,,,,,,,,,,,,,,,,
2024-03-19,,,,,,,,,,1079.88,,,,,,,,,,,,,776.11,,,,,,,,,,,,,5326724.27,,,,,,,,,,,,,11510078,,,,,,,,,,,,,,,,
2024-03-20,,,,,,,,,,1078.43,,,,,,,,,,,,,786.95,,,,,,,,,,,,,5329737.77,,,,,,,,,,,,,11512709,,,,,,,,,,,,,,,,
2024-03-21,,,,,,,,,,1077.39,,,,,,,,,,,,,792.54,,,,,,,,,,,,,5404430.31,,,,,,,,,,,,,11592241,,,,,,,,,,,,,,,,
2024-03-22,,,,,,,,,,1075.64,,,,,,,,,,,,,791.31,,,,,,,,,,,,,5471194.45,,,,,,,,,,,,,11628263,,,,,,,,,,,,,,,,
2024-03-23,,,,,,,,,,1074.11,,,,,,,,,,,,,787.56,,,,,,,,,,,,,5458146.97,,,,,,,,,,,,,11637437,,,,,,,,,,,,,,,,
2024-03-24,,,,,300541.75,3388,88.70771841794569,,,1072.66,,,,,,,,384775.7,4798,80.19501875781576,,,785.15,,,,,,,,91771.76,985,93.16929949238579,,,5451428.99,,,,,,,,,,,,,11617525,,,,,,,,,,,,,,,,
2024-03-25,,177.87,,19.37,,,,,,1077.65,,,,,206.97,,19.57,,,,,,781.49,,,,,258.53,,15.82,,,,,,5487768.11,,,,,208.14,,17.83,,,,,,11602653,,,,,,,,,,,,,,,,
2024-03-26,,,,,,,,,,,,,,,,,,,,,,,779.86,,,,,,,,,,,,,5481351.08,,,,,,,,,,,,,11593487,,,,,,,,,,,,,,,,
2024-03-27,,,,,,,,,,1078.04,,,,,,,,,,,,,765.36,,,,,,,,,,,,,5443956.56,,,,,,,,,,,,,11651579,,,,,,,,,,,,,,,,
2024-03-28,,,,,,,,,,1075.94,,,,,,,,,,,,,788.63,,,,,,,,,,,,,5433153.7,,,,,,,,,,,,,11679998,,,,,,,,,,,,,,,,
2024-03-29,,,,,,,,,,1092.19,,,,,,,,,,,,,785.38,,,,,,,,,,,,,5422326.23,,,,,,,,,,,,,11720697,,,,,,,,,,,,,,,,
2024-03-30,,,,,,,,,,1089.73,,,,,,,,,,,,,773.07,,,,,,,,,,,,,5405230.05,,,,,,,,,,,,,,,,,,,,,,,,,,,,,
2024-03-31,833,,83.75,,388858.24,4471,86.97343770968463,187,1.43,1088,753629.65,0,40.5311,537,,25.04,,395778.63,4895,80.85365270684372,242,1.74,763.02,560971.84,34.9418,28.4022,864,,21.98,,86740.51,909,95.42410341034103,189,1.61,5390316.03,710133.46,0,0,818,,15.78,,66,6855,0.009628008752735,164,1.56,11648511,54.595,31.9083,0,4.7,,5.2,5,3.1,3.69,78.6,96.9,91.2,0.1,-1,0,0.1
2024-04-01,,176.65,,18.36,,,,,,1080.3,,,,,205.14,,19.62,,,,,,762.3,,,,,258.07,,12.39,,,,,,5364437.91,,,,,205.83,,19.28,,,,,,11642548,,,,,,,,,,,,,,,,
2024-04-02,,,,,,,,,,1083.76,,,,,,,,,,,,,761.33,,,,,,,,,,,,,5349877.98,,,,,,,,,,,,,11629262,,,,,,,,,,,,,,,,
2024-04-03,,,,,,,,,,1078.99,,,,,,,,,,,,,761.9,,,,,,,,,,,,,5348613.23,,,,,,,,,,,,,11686208,,,,,,,,,,,,,,,,
2024-04-04,,,,,,,,,,1078.44,,,,,,,,,,,,,760.83,,,,,,,,,,,,,5341673.19,,,,,,,,,,,,,11681787,,,,,,,,,,,,,,,,
2024-04-05,,,,,,,,,,1076.4,,,,,,,,,,,,,759.9,,,,,,,,,,,,,5333081.75,,,,,,,,,,,,,11672092,,,,,,,,,,,,,,,,
2024-04-06,,,,,,,,,,1075.96,,,,,,,,,,,,,759.06,,,,,,,,,,,,,5329948.98,,,,,,,,,,,,,11661977,,,,,,,,,,,,,,,,
2024-04-07,,,,,168310.68,1902,88.49141955835962,,,1079.94,,,,,,,,225309.77,2737,82.31997442455243,,,758.22,,,,,,,,71500.33,766,93.34246736292428,,,5324349.48,,,,,,,,,,,,,11675532,,,,,,,,,,,,,,,,
2024-04-08,,176,,18.81,,,,,,1077,,,,,204.75,,19.37,,,,,,759.87,,,,,258.03,,12.56,,,,,,5316748.39,,,,,205.94,,19.44,,,,,,11692817,,,,,,,,,,,,,,,,
2024-04-09,,,,,,,,,,1081.28,,,,,,,,,,,,,758.45,,,,,,,,,,,,,5313346.8,,,,,,,,,,,,,11678699,,,,,,,,,,,,,,,,
2024-04-10,,,,,,,,,,1083.44,,,,,,,,,,,,,757.81,,,,,,,,,,,,,5301580.38,,,,,,,,,,,,,11664384,,,,,,,,,,,,,,,,
2024-04-11,,,,,,,,,,1080.55,,,,,,,,,,,,,756.85,,,,,,,,,,,,,5309731.61,,,,,,,,,,,,,11642008,,,,,,,,,,,,,,,,
2024-04-12,,,,,,,,,,1082.53,,,,,,,,,,,,,761.94,,,,,,,,,,,,,5301166.13,,,,,,,,,,,,,11638784,,,,,,,,,,,,,,,,
2024-04-13,,,,,,,,,,1089.42,,,,,,,,,,,,,759.51,,,,,,,,,,,,,5292748.96,,,,,,,,,,,,,11630411,,,,,,,,,,,,,,,,
2024-04-14,,,,,278554.92,3092,90.08891332470893,,,1088.68,,,,,,,,341568.24,4249,80.38791244998824,,,762.36,,,,,,,,106240.38,1106,96.05820976491863,,,5287632.42,,,,,,,,,,,,,11613064,,,,,,,,,,,,,,,,
2024-04-15,,175.54,,18.71,,,,,,1095.85,,,,,204.8,,20.95,,,,,,761.14,,,,,257.69,,11.33,,,,,,5347700.64,,,,,206.33,,19,,,,,,11584615,,,,,,,,,,,,,,,,
2024-04-16,,,,,,,,,,1087.2,,,,,,,,,,,,,765.88,,,,,,,,,,,,,5340014.27,,,,,,,,,,,,,11609147,,,,,,,,,,,,,,,,
2024-04-17,,,,,,,,,,1086.46,,,,,,,,,,,,,762.66,,,,,,,,,,,,,5395130.61,,,,,,,,,,,,,11616993,,,,,,,,,,,,,,,,
2024-04-18,,,,,,,,,,1088.21,,,,,,,,,,,,,777.47,,,,,,,,,,,,,5390061.53,,,,,,,,,,,,,11649083,,,,,,,,,,,,,,,,
2024-04-19,,,,,,,,,,1091.14,,,,,,,,,,,,,781.6,,,,,,,,,,,,,5377959.8,,,,,,,,,,,,,11678065,,,,,,,,,,,,,,,,
2024-04-20,,,,,,,,,,1089.58,,,,,,,,,,,,,779.44,,,,,,,,,,,,,5371904.37,,,,,,,,,,,,,11650076,,,,,,,,,,,,,,,,
2024-04-21,,,,,288036.11,3253,88.54476175837688,,,1088.67,,,,,,,,361963.38,4569,79.2215758371635,,,791.27,,,,,,,,99510.76,1053,94.50214624881292,,,5365361.43,,,,,,,,,,,,,11630660,,,,,,,,,,,,,,,,
2024-04-22,,175.06,,16.75,,,,,,1084.08,,,,,204.12,,20.84,,,,,,792.67,,,,,257.93,,12.33,,,,,,5358962.71,,,,,205.14,,17.78,,,,,,11617641,,,,,,,,,,,,,,,,
2024-04-23,,,,,,,,,,1082.61,,,,,,,,,,,,,793.89,,,,,,,,,,,,,5349775.18,,,,,,,,,,,,,11630893,,,,,,,,,,,,,,,,
2024-04-24,,,,,,,,,,1085.6,,,,,,,,,,,,,793.27,,,,,,,,,,,,,5346418.85,,,,,,,,,,,,,11643401,,,,,,,,,,,,,,,,
2024-04-25,,,,,,,,,,1084.83,,,,,,,,,,,,,791.75,,,,,,,,,,,,,5256124.62,,,,,,,,,,,,,11660748,,,,,,,,,,,,,,,,
2024-04-26,,,,,,,,,,1082.38,,,,,,,,,,,,,797.69,,,,,,,,,,,,,5228505.02,,,,,,,,,,,,,11809631,,,,,,,,,,,,,,,,
2024-04-27,,,,,,,,,,1075.13,,,,,,,,,,,,,797.72,,,,,,,,,,,,,5218897.04,,,,,,,,,,,,,11780059,,,,,,,,,,,,,,,,
2024-04-28,,,,,317999.15,3642,87.3144288852279,,,1073.98,,,,,,,,378058.51,4618,81.86628627111304,,,797.72,,,,,,,,98601.37,1040,94.80900961538461,,,5236683.35,,,,,,,,,,,,,11819886,,,,,,,,,,,,,,,,
2024-04-29,,174.23,,17.81,,,,,,1076.09,,,,,202.16,,20.37,,,,,,797.72,,,,,257.22,,11.24,,,,,,5273140.67,,,,,203.64,,13.52,,,,,,11844068,,,,,,,,,,,,,,,,
2024-04-30,828,,74.06,,,,,186,1.43,1067.71,97704.29,42.8303,0,531,,25.89,,,,,239,1.75,797.72,46448.35,35.6436,46.3137,853,,20.61,,,,,186,1.61,5297320,274736.41,0,0,802,,16.51,,81.39,8335,0.009764847030594,163,1.58,11876878,58.7792,15.9552,3.0643,,,,,3.1,,77,95,89.8,0.3,0.1,-0.1,-0.1
2024-05-01,,,,,,,,,,1065.4,,,,,,,,,,,,,784.29,,,,,,,,,,,,,5289127.73,,,,,,,,,,,,,11868474,,,,,,,,,,,,,,,,
2024-05-02,,,,,,,,,,1065.17,,,,,,,,,,,,,784.29,,,,,,,,,,,,,5280921.46,,,,,,,,,,,,,11860496,,,,,,,,,,,,,,,,
2024-05-03,,,,,,,,,,1064.75,,,,,,,,,,,,,784.29,,,,,,,,,,,,,5274709.83,,,,,,,,,,,,,11855686,,,,,,,,,,,,,,,,
2024-05-04,,,,,,,,,,1064.53,,,,,,,,,,,,,783.17,,,,,,,,,,,,,5270376.03,,,,,,,,,,,,,11850070,,,,,,,,,,,,,,,,
2024-05-05,,,,,133434.02,1520,87.78553947368421,,,1063.97,,,,,,,,157066.62,1904,82.49297268907563,,,783.17,,,,,,,,33434.3,351,95.25441595441595,,,5262742.92,,,,,,,,,,,,,11842987,,,,,,,,,,,,,,,,
2024-05-06,,173.77,,17.5,,,,,,1063.02,,,,,202.28,,20.88,,,,,,782.28,,,,,256.8,,13.44,,,,,,5259684.38,,,,,203.46,,20,,,,,,11817042,,,,,,,,,,,,,,,,
2024-05-07,,,,,,,,,,1062.73,,,,,,,,,,,,,790.59,,,,,,,,,,,,,5253156.61,,,,,,,,,,,,,11801045,,,,,,,,,,,,,,,,
2024-05-08,,,,,,,,,,1061.56,,,,,,,,,,,,,798.35,,,,,,,,,,,,,5247563.78,,,,,,,,,,,,,11786419,,,,,,,,,,,,,,,,
2024-05-09,,,,,,,,,,1059.26,,,,,,,,,,,,,797.57,,,,,,,,,,,,,5242175.01,,,,,,,,,,,,,11767602,,,,,,,,,,,,,,,,
2024-05-10,,,,,,,,,,1063.05,,,,,,,,,,,,,793.05,,,,,,,,,,,,,5255322.72,,,,,,,,,,,,,11694804,,,,,,,,,,,,,,,,
2024-05-11,,,,,,,,,,1067.46,,,,,,,,,,,,,803.18,,,,,,,,,,,,,5322743.82,,,,,,,,,,,,,11719664,,,,,,,,,,,,,,,,
2024-05-12,,,,,299554.65,3313,90.4179444612134,,,1066.19,,,,,,,,334129.55,4126,80.98147115850703,,,806.09,,,,,,,,115585.88,1165,99.21534763948497,,,5322827.38,,,,,,,,,,,,,11686671,,,,,,,,,,,,,,,,
2024-05-13,,173.25,,16.46,,,,,,1070.04,,,,,201.85,,24.48,,,,,,804.29,,,,,255.13,,15.64,,,,,,5323714.52,,,,,201.89,,20.79,,,,,,11709159,,,,,,,,,,,,,,,,
2024-05-14,,,,,,,,,,1069.02,,,,,,,,,,,,,802.71,,,,,,,,,,,,,5319617.68,,,,,,,,,,,,,11742698,,,,,,,,,,,,,,,,
2024-05-15,,,,,,,,,,1068.06,,,,,,,,,,,,,802.91,,,,,,,,,,,,,5310928.91,,,,,,,,,,,,,11717421,,,,,,,,,,,,,,,,
2024-05-16,,,,,,,,,,1076.95,,,,,,,,,,,,,804.48,,,,,,,,,,,,,5324677.74,,,,,,,,,,,,,11710864,,,,,,,,,,,,,,,,
2024-05-17,,,,,,,,,,1082.93,,,,,,,,,,,,,808.2,,,,,,,,,,,,,5387448.54,,,,,,,,,,,,,11716729,,,,,,,,,,,,,,,,
2024-05-18,,,,,,,,,,1082.1,,,,,,,,,,,,,806.1,,,,,,,,,,,,,5379216.97,,,,,,,,,,,,,11694651,,,,,,,,,,,,,,,,
2024-05-19,,,,,282338.75,3112,90.72581940874036,,,1081.45,,,,,,,,374865.95,4597,81.54577985642811,,,804.16,,,,,,,,103772.48,1053,98.54936372269705,,,5371768.11,,,,,,,,,,,,,11680953,,,,,,,,,,,,,,,,
2024-05-20,,173.13,,18.62,,,,,,1080.26,,,,,201.56,,24.52,,,,,,804.51,,,,,255.26,,21.02,,,,,,5364546.55,,,,,203.56,,18.8,,,,,,11692644,,,,,,,,,,,,,,,,
2024-05-21,,,,,,,,,,1084.38,,,,,,,,,,,,,816,,,,,,,,,,,,,5358040.13,,,,,,,,,,,,,11709475,,,,,,,,,,,,,,,,
2024-05-22,,,,,,,,,,1077.23,,,,,,,,,,,,,815.01,,,,,,,,,,,,,5350096.28,,,,,,,,,,,,,11693068,,,,,,,,,,,,,,,,
2024-05-23,,,,,,,,,,1077.08,,,,,,,,,,,,,813.76,,,,,,,,,,,,,5339403.94,,,,,,,,,,,,,11718143,,,,,,,,,,,,,,,,
2024-05-24,,,,,,,,,,,,,,,,,,,,,,,812.01,,,,,,,,,,,,,5302032.85,,,,,,,,,,,,,11779006,,,,,,,,,,,,,,,,
2024-05-25,,,,,,,,,,,,,,,,,,,,,,,808.95,,,,,,,,,,,,,5290194.01,,,,,,,,,,,,,11753550,,,,,,,,,,,,,,,,
2024-05-26,,,,,307466.12,3398,90.4844379046498,,,1069.9,,,,,,,,373865.76,4642,80.53980180956485,,,806.57,,,,,,,,95207.39,977,97.44871033776867,,,5279933.99,,,,,,,,,,,,,11736024,,,,,,,,,,,,,,,,
2024-05-27,,172.49,,21.29,,,,,,1068.55,,,,,202.11,,22.21,,,,,,808.45,,,,,255.5,,26.05,,,,,,5282968.14,,,,,202.76,,27.08,,,,,,11649704,,,,,,,,,,,,,,,,
2024-05-28,,,,,,,,,,1067.15,,,,,,,,,,,,,814.57,,,,,,,,,,,,,5284333.86,,,,,,,,,,,,,11640995,,,,,,,,,,,,,,,,
2024-05-29,,,,,,,,,,1070.56,,,,,,,,,,,,,815.88,,,,,,,,,,,,,5219029.75,,,,,,,,,,,,,11641863,,,,,,,,,,,,,,,,
2024-05-30,,,,,,,,,,1071.24,,,,,,,,,,,,,813.12,,,,,,,,,,,,,5196834.13,,,,,,,,,,,,,11607354,,,,,,,,,,,,,,,,
2024-05-31,804,,89.85,,,,,186,1.48,1065.84,275494.94,76.7625,20.5374,522,,26.82,,,,,235,1.75,807.33,436907.17,0,24.2716,833,,23.8,,,,,185,1.64,5314798.96,192925.47,0,0,778,,17.06,,67.06,6919,0.009692152045093,168,1.68,11665975,42.6223,36.658,0,,,,,2.85,,74,93.2,87.69999999999999,0.3,-0.1,-0.1,-0.1
2024-06-01,,,,,,,,,,1058.57,,,,,,,,,,,,,805.83,,,,,,,,,,,,,5303754.25,,,,,,,,,,,,,11647822,,,,,,,,,,,,,,,,
2024-06-02,,,,,322362.93,3630,88.80521487603306,,,1055.78,,,,,,,,475486.56,5909,80.468194279912,,,804.67,,,,,,,,98959.21,992,99.75726814516129,,,5294798.17,,,,,,,,,,,,,11633851,,,,,,,,,,,,,,,,
2024-06-03,,171.07,,20,,,,,,1054.17,,,,,201.14,,29,,,,,,808.72,,,,,255.78,,28.97,,,,,,5284479.4,,,,,200.62,,24.9,,,,,,11652231,,,,,,,,,,,,,,,,
2024-06-04,,,,,,,,,,1053.87,,,,,,,,,,,,,812.31,,,,,,,,,,,,,5262349.07,,,,,,,,,,,,,11656173,,,,,,,,,,,,,,,,
2024-06-05,,,,,,,,,,1054.21,,,,,,,,,,,,,808.26,,,,,,,,,,,,,5236363.42,,,,,,,,,,,,,11681845,,,,,,,,,,,,,,,,
2024-06-06,,,,,,,,,,1059.38,,,,,,,,,,,,,809.4,,,,,,,,,,,,,5276604.16,,,,,,,,,,,,,11640231,,,,,,,,,,,,,,,,
2024-06-07,,,,,,,,,,1060.95,,,,,,,,,,,,,808.16,,,,,,,,,,,,,5238155.1,,,,,,,,,,,,,11699481,,,,,,,,,,,,,,,,
2024-06-08,,,,,,,,,,1054.05,,,,,,,,,,,,,807.58,,,,,,,,,,,,,5230115.57,,,,,,,,,,,,,11670901,,,,,,,,,,,,,,,,
2024-06-09,,,,,275893.72,2970,92.89350841750841,,,1053.56,,,,,,,,408966.33,5120,79.876236328125,,,806.79,,,,,,,,93457.94,962,97.14962577962578,,,5224816.62,,,,,,,,,,,,,11655180,,,,,,,,,,,,,,,,
2024-06-10,,170.8,,21.7,,,,,,1052.97,,,,,200.91,,28.13,,,,,,806.18,,,,,253.77,,32.68,,,,,,5214866.14,,,,,200.74,,20.96,,,,,,11642602,,,,,,,,,,,,,,,,
2024-06-11,,,,,,,,,,1052.26,,,,,,,,,,,,,808.57,,,,,,,,,,,,,5198949.96,,,,,,,,,,,,,11646339,,,,,,,,,,,,,,,,
2024-06-12,,,,,,,,,,1051.45,,,,,,,,,,,,,815.81,,,,,,,,,,,,,5188774.73,,,,,,,,,,,,,11630517,,,,,,,,,,,,,,,,
2024-06-13,,,,,,,,,,1048.32,,,,,,,,,,,,,826.02,,,,,,,,,,,,,5183915.69,,,,,,,,,,,,,11602021,,,,,,,,,,,,,,,,
2024-06-14,,,,,,,,,,1047.08,,,,,,,,,,,,,835.52,,,,,,,,,,,,,5267612.85,,,,,,,,,,,,,11612809,,,,,,,,,,,,,,,,
2024-06-15,,,,,,,,,,1053.23,,,,,,,,,,,,,833.28,,,,,,,,,,,,,5256913.89,,,,,,,,,,,,,11567654,,,,,,,,,,,,,,,,
2024-06-16,,,,,271295.07,2988,90.79486947791165,,,1052.3,,,,,,,,527119.67,6458,81.62274233508826,,,831.92,,,,,,,,85008.26,867,98.04874279123415,,,5247574.51,,,,,,,,,,,,,11537807,,,,,,,,,,,,,,,,
2024-06-17,,170.55,,21.21,,,,,,1056.88,,,,,200.76,,25,,,,,,834.35,,,,,253.49,,35.32,,,,,,5211214.45,,,,,200.5,,22.35,,,,,,11555093,,,,,,,,,,,,,,,,
2024-06-18,,,,,,,,,,1059.42,,,,,,,,,,,,,834.31,,,,,,,,,,,,,5200793.67,,,,,,,,,,,,,11540718,,,,,,,,,,,,,,,,
2024-06-19,,,,,,,,,,1059.6,,,,,,,,,,,,,833.73,,,,,,,,,,,,,5305332.48,,,,,,,,,,,,,11539727,,,,,,,,,,,,,,,,
2024-06-20,,,,,,,,,,1063.49,,,,,,,,,,,,,834.3,,,,,,,,,,,,,5297801.31,,,,,,,,,,,,,11575025,,,,,,,,,,,,,,,,
2024-06-21,,,,,,,,,,1063.42,,,,,,,,,,,,,830.08,,,,,,,,,,,,,5362409.31,,,,,,,,,,,,,11689669,,,,,,,,,,,,,,,,
2024-06-22,,,,,,,,,,1060.82,,,,,,,,,,,,,824.19,,,,,,,,,,,,,5352001.66,,,,,,,,,,,,,11684827,,,,,,,,,,,,,,,,
2024-06-23,,,,,333845.31,3669,90.99081766148814,,,1059.18,,,,,,,,504293.39,6276,80.35267527087316,,,821.56,,,,,,,,116712.91,1205,96.8571867219917,,,5335053.97,,,,,,,,,,,,,11682120,,,,,,,,,,,,,,,,
2024-06-24,,170.31,,18.55,,,,,,1071.92,,,,,200.01,,21.98,,,,,,818.99,,,,,252.32,,31.7,,,,,,5318434.71,,,,,199.56,,23.87,,,,,,11797693,,,,,,,,,,,,,,,,
2024-06-25,,,,,,,,,,1069.93,,,,,,,,,,,,,818.86,,,,,,,,,,,,,5243222.33,,,,,,,,,,,,,11773017,,,,,,,,,,,,,,,,
2024-06-26,,,,,,,,,,1068.52,,,,,,,,,,,,,819.04,,,,,,,,,,,,,5222325.31,,,,,,,,,,,,,11724246,,,,,,,,,,,,,,,,
2024-06-27,,,,,,,,,,1066.44,,,,,,,,,,,,,816.91,,,,,,,,,,,,,5256948.98,,,,,,,,,,,,,11761868,,,,,,,,,,,,,,,,
2024-06-28,,,,,,,,,,1065.66,,,,,,,,,,,,,817.13,,,,,,,,,,,,,5242246.36,,,,,,,,,,,,,11779621,,,,,,,,,,,,,,,,
2024-06-29,,,,,,,,,,1063.09,,,,,,,,,,,,,810.76,,,,,,,,,,,,,5190290.03,,,,,,,,,,,,,11721501,,,,,,,,,,,,,,,,
2024-06-30,785,,84.65,,472015.96,5235,90.16541738299904,191,1.55,1058.26,348870.76,39.7392,70.9041,515,,30.16,,556248.33,6712,82.87370828367104,235,1.77,803.29,63054.47,29.7266,0,831,,25.43,,111506.38,1140,97.81261403508772,186,1.65,5162072.76,307301.77,0,0,770,,16.93,,74.89,7664,0.009771659707724,166,1.68,11678490,49.309,0,15.0467,4.2,,4,4,2.85,3.45,71.8,93.8,87.4,0.2,-0.2,-0.2,0.1
2024-07-01,,169.33,,18.88,,,,,,1030.37,,,,,199.45,,24.83,,,,,,802.1,,,,,255.12,,28.07,,,,,,5151008.92,,,,,196.3,,21.19,,,,,,11693545,,,,,,,,,,,,,,,,
2024-07-02,,,,,,,,,,1029,,,,,,,,,,,,,803.57,,,,,,,,,,,,,5142271.82,,,,,,,,,,,,,11656991,,,,,,,,,,,,,,,,
2024-07-03,,,,,,,,,,1027.37,,,,,,,,,,,,,805.23,,,,,,,,,,,,,5135209.89,,,,,,,,,,,,,11664874,,,,,,,,,,,,,,,,
2024-07-04,,,,,,,,,,1040.46,,,,,,,,,,,,,806.78,,,,,,,,,,,,,5129899.27,,,,,,,,,,,,,11666629,,,,,,,,,,,,,,,,
2024-07-05,,,,,,,,,,1039.02,,,,,,,,,,,,,804.69,,,,,,,,,,,,,5115648.47,,,,,,,,,,,,,11639996,,,,,,,,,,,,,,,,
2024-07-06,,,,,,,,,,1037.83,,,,,,,,,,,,,802.37,,,,,,,,,,,,,5106531.8,,,,,,,,,,,,,11606616,,,,,,,,,,,,,,,,
2024-07-07,,,,,270345.27,2913,92.80647785787848,,,1036.09,,,,,,,,375693.43,4563,82.33474249397327,,,800.97,,,,,,,,110136.83,1143,96.35768153980753,,,5101389.84,,,,,,,,,,,,,11583170,,,,,,,,,,,,,,,,
2024-07-08,,168.74,,21.21,,,,,,1053.62,,,,,199.31,,24.57,,,,,,800.73,,,,,254.24,,29.23,,,,,,5092689.47,,,,,197.47,,19.47,,,,,,11572357,,,,,,,,,,,,,,,,
2024-07-09,,,,,,,,,,1052.55,,,,,,,,,,,,,803.31,,,,,,,,,,,,,5083471.16,,,,,,,,,,,,,11577878,,,,,,,,,,,,,,,,
2024-07-10,,,,,,,,,,1046.32,,,,,,,,,,,,,804.1,,,,,,,,,,,,,5050349.14,,,,,,,,,,,,,11562647,,,,,,,,,,,,,,,,
2024-07-11,,,,,,,,,,1043.85,,,,,,,,,,,,,804.51,,,,,,,,,,,,,5041446.27,,,,,,,,,,,,,11588968,,,,,,,,,,,,,,,,
2024-07-12,,,,,,,,,,1049.9,,,,,,,,,,,,,802.3,,,,,,,,,,,,,5062332.53,,,,,,,,,,,,,11603033,,,,,,,,,,,,,,,,
2024-07-13,,,,,,,,,,1048.6,,,,,,,,,,,,,803.58,,,,,,,,,,,,,5050716.93,,,,,,,,,,,,,11570463,,,,,,,,,,,,,,,,
2024-07-14,,,,,318631.58,3464,91.98371247113164,,,1047.74,,,,,,,,388841.29,4742,81.99942851117672,,,801.64,,,,,,,,100907.94,1051,96.01136060894386,,,5044091.42,,,,,,,,,,,,,11549798,,,,,,,,,,,,,,,,
2024-07-15,,168.55,,19.27,,,,,,1046.8,,,,,198.98,,22.56,,,,,,800.69,,,,,254.1,,29,,,,,,5039420.07,,,,,196.72,,17.75,,,,,,11537027,,,,,,,,,,,,,,,,
2024-07-16,,,,,,,,,,1043.93,,,,,,,,,,,,,800.68,,,,,,,,,,,,,5052944.27,,,,,,,,,,,,,11548809,,,,,,,,,,,,,,,,
2024-07-17,,,,,,,,,,1049.46,,,,,,,,,,,,,805.9,,,,,,,,,,,,,4995166.74,,,,,,,,,,,,,11538031,,,,,,,,,,,,,,,,
2024-07-18,,,,,,,,,,1058.92,,,,,,,,,,,,,810.79,,,,,,,,,,,,,4974144.07,,,,,,,,,,,,,11538436,,,,,,,,,,,,,,,,
2024-07-19,,,,,,,,,,1066.72,,,,,,,,,,,,,810.6,,,,,,,,,,,,,5014809.54,,,,,,,,,,,,,11514472,,,,,,,,,,,,,,,,
2024-07-20,,,,,,,,,,1065.54,,,,,,,,,,,,,814.33,,,,,,,,,,,,,5002986.6,,,,,,,,,,,,,11514472,,,,,,,,,,,,,,,,
2024-07-21,,,,,326663.38,3562,91.70785513756317,,,1064.75,,,,,,,,369608.64,4471,82.66800268396332,,,813.18,,,,,,,,102484.36,1033,99.21041626331075,,,4999985.47,,,,,,,,,,,,,11514472,,,,,,,,,,,,,,,,
2024-07-22,,168.29,,20.21,,,,,,1063.47,,,,,198.3,,23.58,,,,,,816.6,,,,,255.91,,28.08,,,,,,5023816.35,,,,,196.58,,17.63,,,,,,11488682,,,,,,,,,,,,,,,,
2024-07-23,,,,,,,,,,1058.58,,,,,,,,,,,,,817.56,,,,,,,,,,,,,5008251.57,,,,,,,,,,,,,11464486,,,,,,,,,,,,,,,,
2024-07-24,,,,,,,,,,1062.43,,,,,,,,,,,,,820.51,,,,,,,,,,,,,5030221.63,,,,,,,,,,,,,11450076,,,,,,,,,,,,,,,,
2024-07-25,,,,,,,,,,1062.96,,,,,,,,,,,,,818.13,,,,,,,,,,,,,4993783.49,,,,,,,,,,,,,11473075,,,,,,,,,,,,,,,,
2024-07-26,,,,,,,,,,1063.37,,,,,,,,,,,,,816.72,,,,,,,,,,,,,4982182.31,,,,,,,,,,,,,11490211,,,,,,,,,,,,,,,,
2024-07-27,,,,,,,,,,1061.86,,,,,,,,,,,,,815.32,,,,,,,,,,,,,4977300.37,,,,,,,,,,,,,11466065,,,,,,,,,,,,,,,,
2024-07-28,,,,,302922.85,3388,89.41052243211334,,,1060.4,,,,,,,,383290.71,4714,81.30901781926177,,,813.44,,,,,,,,95155.84,965,98.60708808290156,,,4978294.86,,,,,,,,,,,,,11447728,,,,,,,,,,,,,,,,
2024-07-29,,167.75,,18.41,,,,,,1062.14,,,,,197.22,,19.15,,,,,,813.5,,,,,256.29,,27,,,,,,4978029.32,,,,,194.66,,18,,,,,,11424379,,,,,,,,,,,,,,,,
2024-07-30,,,,,,,,,,1060.65,,,,,,,,,,,,,813.03,,,,,,,,,,,,,4960945.66,,,,,,,,,,,,,11479506,,,,,,,,,,,,,,,,
2024-07-31,772,,88.15,,,,,186,1.54,1058.86,207179.45,8.5577,58.8498,510,,28.77,,,,,235,1.79,808.3,432300.89,29.2742,33.3841,831,,35.21,,,,,186,1.65,4950036.06,142347.63,0,0,760,,17.03,,86.43,8922,0.009687289845326,168,1.71,11458071,40.8737,107.1958,0,,,,,2.85,,71.6,94.4,87.10000000000001,0.5,0.5,-0.3,0.1
2024-08-01,,,,,,,,,,1052.53,,,,,,,,,,,,,811.67,,,,,,,,,,,,,4949525.98,,,,,,,,,,,,,11451196,,,,,,,,,,,,,,,,
2024-08-02,,,,,,,,,,1049.78,,,,,,,,,,,,,812.03,,,,,,,,,,,,,4945156.87,,,,,,,,,,,,,11485021,,,,,,,,,,,,,,,,
2024-08-03,,,,,,,,,,1047.52,,,,,,,,,,,,,810.85,,,,,,,,,,,,,4937623.7,,,,,,,,,,,,,11470071,,,,,,,,,,,,,,,,
2024-08-04,,,,,301973.44,3352,90.08754176610978,,,1046.44,,,,,,,,359646.33,4395,81.83079180887373,,,809.64,,,,,,,,88719.87,891,99.573367003367,,,4933908.32,,,,,,,,,,,,,11461058,,,,,,,,,,,,,,,,
2024-08-05,,167.03,,18.5,,,,,,1049.29,,,,,196.62,,19.75,,,,,,809.1,,,,,254.95,,27.65,,,,,,4928444.64,,,,,193.96,,18.43,,,,,,11425671,,,,,,,,,,,,,,,,
2024-08-06,,,,,,,,,,1046.73,,,,,,,,,,,,,808.94,,,,,,,,,,,,,4923476.51,,,,,,,,,,,,,11410152,,,,,,,,,,,,,,,,
2024-08-07,,,,,,,,,,1061.84,,,,,,,,,,,,,808.12,,,,,,,,,,,,,4920037.7,,,,,,,,,,,,,11410605,,,,,,,,,,,,,,,,
2024-08-08,,,,,,,,,,1057.03,,,,,,,,,,,,,806.91,,,,,,,,,,,,,4959214.74,,,,,,,,,,,,,11396570,,,,,,,,,,,,,,,,
2024-08-09,,,,,,,,,,1051.08,,,,,,,,,,,,,809.05,,,,,,,,,,,,,4975152.36,,,,,,,,,,,,,11418318,,,,,,,,,,,,,,,,
2024-08-10,,,,,,,,,,1049.41,,,,,,,,,,,,,807.04,,,,,,,,,,,,,4965272.28,,,,,,,,,,,,,11398686,,,,,,,,,,,,,,,,
2024-08-11,,,,,272645.07,2949,92.4533977619532,,,1048.36,,,,,,,,331071.38,3942,83.98563673262304,,,805.61,,,,,,,,86096.15,896,96.089453125,,,4961500.9,,,,,,,,,,,,,11387961,,,,,,,,,,,,,,,,
2024-08-12,,166.21,,17.87,,,,,,1047.27,,,,,195.95,,19.27,,,,,,804.97,,,,,254.8,,27.95,,,,,,4951165.2,,,,,194.25,,19.21,,,,,,11365991,,,,,,,,,,,,,,,,
2024-08-13,,,,,,,,,,1040.39,,,,,,,,,,,,,808.98,,,,,,,,,,,,,4997984.84,,,,,,,,,,,,,11360203,,,,,,,,,,,,,,,,
2024-08-14,,,,,,,,,,1046.61,,,,,,,,,,,,,807.55,,,,,,,,,,,,,4995097.19,,,,,,,,,,,,,11386920,,,,,,,,,,,,,,,,
2024-08-15,,,,,,,,,,1049.7,,,,,,,,,,,,,810.46,,,,,,,,,,,,,4972949.66,,,,,,,,,,,,,11383703,,,,,,,,,,,,,,,,
2024-08-16,,,,,,,,,,1052.3,,,,,,,,,,,,,809.44,,,,,,,,,,,,,4918119.63,,,,,,,,,,,,,11405538,,,,,,,,,,,,,,,,
2024-08-17,,,,,,,,,,1051.23,,,,,,,,,,,,,807.99,,,,,,,,,,,,,4917260.55,,,,,,,,,,,,,11388215,,,,,,,,,,,,,,,,
2024-08-18,,,,,292052.89,3171,92.10119520655944,,,1050.42,,,,,,,,340923.95,4007,85.08209383578738,,,805.36,,,,,,,,86883.58,885,98.17353672316383,,,4913978.25,,,,,,,,,,,,,11376337,,,,,,,,,,,,,,,,
2024-08-19,,166.21,,17.26,,,,,,1048.98,,,,,195.9,,19.08,,,,,,798.59,,,,,255.01,,26.42,,,,,,4909914.35,,,,,193.36,,19.2,,,,,,11381577,,,,,,,,,,,,,,,,
2024-08-20,,,,,,,,,,1045.25,,,,,,,,,,,,,803.4,,,,,,,,,,,,,4966789.16,,,,,,,,,,,,,11389535,,,,,,,,,,,,,,,,
2024-08-21,,,,,,,,,,1043.19,,,,,,,,,,,,,803.25,,,,,,,,,,,,,4964387.42,,,,,,,,,,,,,11397114,,,,,,,,,,,,,,,,
2024-08-22,,,,,,,,,,1043.64,,,,,,,,,,,,,801.67,,,,,,,,,,,,,4955450.21,,,,,,,,,,,,,11418259,,,,,,,,,,,,,,,,
2024-08-23,,,,,,,,,,1041.89,,,,,,,,,,,,,798.8,,,,,,,,,,,,,4960896.43,,,,,,,,,,,,,11422780,,,,,,,,,,,,,,,,
2024-08-24,,,,,,,,,,1036.78,,,,,,,,,,,,,797.18,,,,,,,,,,,,,4956929.11,,,,,,,,,,,,,11401996,,,,,,,,,,,,,,,,
2024-08-25,,,,,308379.12,3353,91.97110647181628,,,1033.75,,,,,,,,318229.07,3879,82.03894560453725,,,795.1,,,,,,,,86321.58,891,96.8816835016835,,,4952702,,,,,,,,,,,,,11387339,,,,,,,,,,,,,,,,
2024-08-26,,165.94,,16.36,,,,,,1035.32,,,,,195.34,,20.06,,,,,,798.62,,,,,254.9,,27.44,,,,,,4949255.59,,,,,192.77,,20.85,,,,,,11430783,,,,,,,,,,,,,,,,
2024-08-27,,,,,,,,,,1037.56,,,,,,,,,,,,,798.84,,,,,,,,,,,,,4945600.26,,,,,,,,,,,,,11442116,,,,,,,,,,,,,,,,
2024-08-28,,,,,,,,,,1047.33,,,,,,,,,,,,,800.45,,,,,,,,,,,,,4941529.43,,,,,,,,,,,,,11434793,,,,,,,,,,,,,,,,
2024-08-29,,,,,,,,,,1045.55,,,,,,,,,,,,,798.44,,,,,,,,,,,,,5109876.42,,,,,,,,,,,,,11437239,,,,,,,,,,,,,,,,
2024-08-30,,,,,,,,,,1043.91,,,,,,,,,,,,,794.38,,,,,,,,,,,,,5102667.69,,,,,,,,,,,,,11398657,,,,,,,,,,,,,,,,
2024-08-31,765,,85.75,,,,,186,1.55,1043.12,253358.73,50.4542,17.5983,503,,26.53,,,,,235,1.81,789.01,359928.71,14.2813,25.6168,820,,38.96,,,,,186,1.67,5097107.04,172330.83,5.4088,0,753,,15.26,,80.44,8346,0.009638150011982,168,1.73,11372062,38.3848,76.7899,97.501,,,,,2.85,,71.5,94.2,86.6,0.6,0.4,-0.3,0
2024-09-01,,,,,344339.96,3838,89.71859301719645,,,1037.81,,,,,,,,340879.86,4139,82.35802367721672,,,788.19,,,,,,,,87460.37,882,99.16141723356009,,,5093191.79,,,,,,,,,,,,,11361461,,,,,,,,,,,,,,,,
2024-09-02,,164.84,,16.4,,,,,,1036.6,,,,,194.18,,19.07,,,,,,787.49,,,,,253.27,,27.83,,,,,,5083351.2,,,,,191.25,,22.49,,,,,,11397281,,,,,,,,,,,,,,,,
2024-09-03,,,,,,,,,,1032.85,,,,,,,,,,,,,786.81,,,,,,,,,,,,,5077602.96,,,,,,,,,,,,,11419179,,,,,,,,,,,,,,,,
2024-09-04,,,,,,,,,,1032.84,,,,,,,,,,,,,791.17,,,,,,,,,,,,,5074664.71,,,,,,,,,,,,,11444180,,,,,,,,,,,,,,,,
2024-09-05,,,,,,,,,,1041.15,,,,,,,,,,,,,793.76,,,,,,,,,,,,,5072010.08,,,,,,,,,,,,,11436164,,,,,,,,,,,,,,,,
2024-09-06,,,,,,,,,,1051.8,,,,,,,,,,,,,792.39,,,,,,,,,,,,,5065018.98,,,,,,,,,,,,,11440386,,,,,,,,,,,,,,,,
2024-09-07,,,,,,,,,,1051.12,,,,,,,,,,,,,791.23,,,,,,,,,,,,,5059200.3,,,,,,,,,,,,,11424479,,,,,,,,,,,,,,,,
2024-09-08,,,,,246255.74,2619,94.02662848415426,,,1049.07,,,,,,,,305831.6,3798,80.52438125329121,,,790.33,,,,,,,,85726.74,844,101.57196682464455,,,5048191.92,,,,,,,,,,,,,11411204,,,,,,,,,,,,,,,,
2024-09-09,,164.17,,16.1,,,,,,1048.41,,,,,193.87,,18.6,,,,,,791.48,,,,,252.54,,28.04,,,,,,4963531.89,,,,,190.92,,22.73,,,,,,11447529,,,,,,,,,,,,,,,,
2024-09-10,,,,,,,,,,1047.29,,,,,,,,,,,,,791.77,,,,,,,,,,,,,4962026.52,,,,,,,,,,,,,11437805,,,,,,,,,,,,,,,,
2024-09-11,,,,,,,,,,1049.79,,,,,,,,,,,,,791.15,,,,,,,,,,,,,4952218.08,,,,,,,,,,,,,11502151,,,,,,,,,,,,,,,,
2024-09-12,,,,,,,,,,1046.4,,,,,,,,,,,,,790.26,,,,,,,,,,,,,4948477.34,,,,,,,,,,,,,11488150,,,,,,,,,,,,,,,,
2024-09-13,,,,,,,,,,1044.67,,,,,,,,,,,,,789.14,,,,,,,,,,,,,4945184.08,,,,,,,,,,,,,11610306,,,,,,,,,,,,,,,,
2024-09-14,,,,,,,,,,1051.58,,,,,,,,,,,,,793.83,,,,,,,,,,,,,4896680.74,,,,,,,,,,,,,11664611,,,,,,,,,,,,,,,,
2024-09-15,,,,,319285.19,3473,91.93354160668011,,,1050.92,,,,,,,,272379.89,3353,81.23468237399344,,,791.6,,,,,,,,89082.43,921,96.72359391965256,,,4891896.27,,,,,,,,,,,,,,,,,,,,,,,,,,,,,
2024-09-16,,164.28,,15.8,,,,,,1050.28,,,,,193.23,,17.39,,,,,,791.42,,,,,253.6,,27.49,,,,,,4888622.35,,,,,190.82,,24.05,,,,,,11615848,,,,,,,,,,,,,,,,
2024-09-17,,,,,,,,,,1046.86,,,,,,,,,,,,,788.27,,,,,,,,,,,,,4887500.33,,,,,,,,,,,,,11612428,,,,,,,,,,,,,,,,
2024-09-18,,,,,,,,,,1047.12,,,,,,,,,,,,,787.46,,,,,,,,,,,,,4875627.17,,,,,,,,,,,,,11615175,,,,,,,,,,,,,,,,
2024-09-19,,,,,,,,,,1049.01,,,,,,,,,,,,,807.93,,,,,,,,,,,,,4873113.22,,,,,,,,,,,,,11598418,,,,,,,,,,,,,,,,
2024-09-20,,,,,,,,,,1052.12,,,,,,,,,,,,,824.67,,,,,,,,,,,,,4869069.37,,,,,,,,,,,,,11653840,,,,,,,,,,,,,,,,
2024-09-21,,,,,,,,,,1050.09,,,,,,,,,,,,,823.03,,,,,,,,,,,,,4864085.96,,,,,,,,,,,,,11634899,,,,,,,,,,,,,,,,
2024-09-22,,,,,184209.59,1994,92.3819408224674,,,1049.04,,,,,,,,266068.46,3259,81.64113531758208,,,824.03,,,,,,,,51204.49,560,91.43658928571429,,,4861154.29,,,,,,,,,,,,,11615675,,,,,,,,,,,,,,,,
2024-09-23,,163.93,,16.1,,,,,,1057.5,,,,,193.21,,17.65,,,,,,826.65,,,,,253.16,,28.8,,,,,,4851202.54,,,,,190.78,,22.87,,,,,,11614830,,,,,,,,,,,,,,,,
2024-09-24,,,,,,,,,,1057.62,,,,,,,,,,,,,826.92,,,,,,,,,,,,,4846245.48,,,,,,,,,,,,,11607792,,,,,,,,,,,,,,,,
2024-09-25,,,,,,,,,,1055.18,,,,,,,,,,,,,829.53,,,,,,,,,,,,,4835798.83,,,,,,,,,,,,,11634916,,,,,,,,,,,,,,,,
2024-09-26,,,,,,,,,,1053.83,,,,,,,,,,,,,829.27,,,,,,,,,,,,,4883622.22,,,,,,,,,,,,,11670709,,,,,,,,,,,,,,,,
2024-09-27,,,,,,,,,,1059.18,,,,,,,,,,,,,835.49,,,,,,,,,,,,,4946435.22,,,,,,,,,,,,,11799322,,,,,,,,,,,,,,,,
2024-09-28,,,,,,,,,,1067.13,,,,,,,,,,,,,830.33,,,,,,,,,,,,,4928081.66,,,,,,,,,,,,,11762485,,,,,,,,,,,,,,,,
2024-09-29,,,,,365983.93,4193,87.2845051275936,,,1075.95,,,,,,,,360941.75,4325,83.45473988439306,,,824.97,,,,,,,,78564.54,817,96.16222766217871,,,4775711.6,,,,,,,,,,,,,11814603,,,,,,,,,,,,,,,,
2024-09-30,754,163.2,84.07,18.08,,,,182,1.54,1086.01,492308.61,43.8452,37.5182,495,191.57,27.25,19.99,,,,232,1.81,826.51,445281.33,35.7155,14.2813,807,253.15,35.28,31.48,,,,183,1.68,4777451.18,192766.84,29.0482,5.4088,733,188.64,13.31,24.5,77.43,8040,0.009630597014925,167,1.77,12010740,68.33,33.5765,61.8811,4.1,,3.5,4,2.85,3.31,71.3,93.9,86.7,0.4,0,-0.4,-0.1
2024-10-01,,,,,,,,,,1105.21,,,,,,,,,,,,,824.69,,,,,,,,,,,,,4755572.47,,,,,,,,,,,,,12000934,,,,,,,,,,,,,,,,
2024-10-02,,,,,,,,,,1104.79,,,,,,,,,,,,,824.04,,,,,,,,,,,,,4739146.37,,,,,,,,,,,,,11995523,,,,,,,,,,,,,,,,
2024-10-03,,,,,,,,,,1104.46,,,,,,,,,,,,,823.65,,,,,,,,,,,,,4733322.1,,,,,,,,,,,,,11989586,,,,,,,,,,,,,,,,
2024-10-04,,,,,,,,,,1104.17,,,,,,,,,,,,,823.11,,,,,,,,,,,,,4721039.19,,,,,,,,,,,,,11984941,,,,,,,,,,,,,,,,
2024-10-05,,,,,,,,,,1103.92,,,,,,,,,,,,,822.54,,,,,,,,,,,,,4696269.78,,,,,,,,,,,,,11976553,,,,,,,,,,,,,,,,
2024-10-06,,,,,100787.72,1116,90.3115770609319,,,1103.33,,,,,,,,169683,2156,78.70269016697588,,,822.19,,,,,,,,15669.56,167,93.82970059880239,,,4674410.71,,,,,,,,,,,,,11969407,,,,,,,,,,,,,,,,
2024-10-07,,162.77,,28.18,,,,,,1102.91,,,,,192.54,,26.67,,,,,,821.65,,,,,252.38,,58.31,,,,,,4653810.68,,,,,188.36,,34.53,,,,,,11957100,,,,,,,,,,,,,,,,
2024-10-08,,,,,,,,,,1100.88,,,,,,,,,,,,,821.56,,,,,,,,,,,,,4656369.3,,,,,,,,,,,,,11937482,,,,,,,,,,,,,,,,
2024-10-09,,,,,,,,,,1099.01,,,,,,,,,,,,,824.55,,,,,,,,,,,,,4649813.48,,,,,,,,,,,,,11891716,,,,,,,,,,,,,,,,
2024-10-10,,,,,,,,,,1099.48,,,,,,,,,,,,,824.54,,,,,,,,,,,,,4746437,,,,,,,,,,,,,11873347,,,,,,,,,,,,,,,,
2024-10-11,,,,,,,,,,1097.54,,,,,,,,,,,,,822.58,,,,,,,,,,,,,4672348.99,,,,,,,,,,,,,11878817,,,,,,,,,,,,,,,,
2024-10-12,,,,,,,,,,1100.13,,,,,,,,,,,,,822.48,,,,,,,,,,,,,4642750.93,,,,,,,,,,,,,11821719,,,,,,,,,,,,,,,,
2024-10-13,,,,,324114.43,3735,86.77762516733601,,,1096.55,,,,,,,,520737.12,6412,81.21290081097942,,,820.21,,,,,,,,141826.7,1463,96.94237867395762,,,4629547.49,,,,,,,,,,,,,11744405,,,,,,,,,,,,,,,,
2024-10-14,,162.65,,28.8,,,,,,1094.8,,,,,191.2,,26.77,,,,,,823.13,,,,,251.11,,51.5,,,,,,4639441.7,,,,,189.38,,31.34,,,,,,11722392,,,,,,,,,,,,,,,,
2024-10-15,,,,,,,,,,1091.08,,,,,,,,,,,,,820.66,,,,,,,,,,,,,4626706.65,,,,,,,,,,,,,11638019,,,,,,,,,,,,,,,,
2024-10-16,,,,,,,,,,1093.17,,,,,,,,,,,,,819.43,,,,,,,,,,,,,4662492.65,,,,,,,,,,,,,11564848,,,,,,,,,,,,,,,,
2024-10-17,,,,,,,,,,1091.38,,,,,,,,,,,,,825.97,,,,,,,,,,,,,4636353.47,,,,,,,,,,,,,11639231,,,,,,,,,,,,,,,,
2024-10-18,,,,,,,,,,1092.17,,,,,,,,,,,,,827.74,,,,,,,,,,,,,4581000.85,,,,,,,,,,,,,11596229,,,,,,,,,,,,,,,,
2024-10-19,,,,,,,,,,1090.37,,,,,,,,,,,,,826,,,,,,,,,,,,,4523764.53,,,,,,,,,,,,,11538878,,,,,,,,,,,,,,,,
2024-10-20,,,,,396626.63,4497,88.1980498109851,,,1087.71,,,,,,,,509850.33,6436,79.21850994406464,,,823.74,,,,,,,,156119.23,1706,91.51185814771395,,,4495007.29,,,,,,,,,,,,,11494744,,,,,,,,,,,,,,,,
2024-10-21,,162.38,,29.8,,,,,,1086.44,,,,,191.72,,26.7,,,,,,822.63,,,,,252.04,,50,,,,,,4476572.44,,,,,189.19,,30.21,,,,,,11466580,,,,,,,,,,,,,,,,
2024-10-22,,,,,,,,,,1085.15,,,,,,,,,,,,,827.38,,,,,,,,,,,,,4555215.05,,,,,,,,,,,,,11445359,,,,,,,,,,,,,,,,
2024-10-23,,,,,,,,,,1083.34,,,,,,,,,,,,,828.52,,,,,,,,,,,,,4496417.11,,,,,,,,,,,,,11424396,,,,,,,,,,,,,,,,
2024-10-24,,,,,,,,,,1078.69,,,,,,,,,,,,,828.52,,,,,,,,,,,,,4470455.8,,,,,,,,,,,,,11392745,,,,,,,,,,,,,,,,
2024-10-25,,,,,,,,,,1086.21,,,,,,,,,,,,,825.87,,,,,,,,,,,,,4478928.64,,,,,,,,,,,,,11438181,,,,,,,,,,,,,,,,
2024-10-26,,,,,,,,,,1083.7,,,,,,,,,,,,,817.87,,,,,,,,,,,,,4454581.95,,,,,,,,,,,,,11380761,,,,,,,,,,,,,,,,
2024-10-27,,,,,427879.89,4860,88.04112962962964,,,1081.84,,,,,,,,543322.29,6745,80.55185915492957,,,813.22,,,,,,,,163505.31,1757,93.05936824132043,,,4432024.99,,,,,,,,,,,,,11330699,,,,,,,,,,,,,,,,
2024-10-28,,162.26,,26.29,,,,,,1074.41,,,,,191.16,,23.21,,,,,,809.99,,,,,251.82,,39.71,,,,,,4393742.95,,,,,188.8,,27.68,,,,,,11260458,,,,,,,,,,,,,,,,
2024-10-29,,,,,,,,,,1071.75,,,,,,,,,,,,,802.68,,,,,,,,,,,,,4378450.08,,,,,,,,,,,,,11222772,,,,,,,,,,,,,,,,
2024-10-30,,,,,,,,,,1071.19,,,,,,,,,,,,,799.89,,,,,,,,,,,,,4344083.81,,,,,,,,,,,,,11180696,,,,,,,,,,,,,,,,
2024-10-31,752,,94.68,,,,,178,1.52,1059.97,277574.7,32.3569,22.9074,492,,34.52,,,,,228,1.79,806.7,,49.6072,35.7155,814,,49.15,,,,,185,1.68,4288990.38,498745.99,3.824,29.0482,733,,13.65,,67.37,7242,0.009302678818006,166,1.75,11216565,64.35,81.8613,27.6662,,,,,2.85,,73.3,94.3,88.4,0.3,-0.3,-0.3,-0.1
2024-11-01,,,,,,,,,,1053.56,,,,,,,,,,,,,799.22,,,,,,,,,,,,,4287487.25,,,,,,,,,,,,,11216512,,,,,,,,,,,,,,,,
2024-11-02,,,,,,,,,,1052.05,,,,,,,,,,,,,796.77,,,,,,,,,,,,,4259442.85,,,,,,,,,,,,,11185991,,,,,,,,,,,,,,,,
2024-11-03,,,,,451365.15,5170,87.30467117988394,,,1050.31,,,,,,,,476887.38,5912,80.66430649526387,,,795.49,,,,,,,,174586.24,1859,93.91406132329209,,,4223964.48,,,,,,,,,,,,,11157680,,,,,,,,,,,,,,,,
2024-11-04,,161.48,,25.68,,,,,,1045.15,,,,,190.67,,22.86,,,,,,794.09,,,,,250.7,,38.34,,,,,,4197975.3,,,,,188.36,,27.33,,,,,,11142384,,,,,,,,,,,,,,,,
2024-11-05,,,,,,,,,,1045.61,,,,,,,,,,,,,794.45,,,,,,,,,,,,,4166025.29,,,,,,,,,,,,,11200645,,,,,,,,,,,,,,,,
2024-11-06,,,,,,,,,,1042.38,,,,,,,,,,,,,793.47,,,,,,,,,,,,,4150935.71,,,,,,,,,,,,,11200645,,,,,,,,,,,,,,,,
2024-11-07,,,,,,,,,,1039.99,,,,,,,,,,,,,793.77,,,,,,,,,,,,,4121005.65,,,,,,,,,,,,,11200645,,,,,,,,,,,,,,,,
2024-11-08,,,,,,,,,,1037.69,,,,,,,,,,,,,794.37,,,,,,,,,,,,,4140094.53,,,,,,,,,,,,,11221711,,,,,,,,,,,,,,,,
2024-11-09,,,,,,,,,,1032.79,,,,,,,,,,,,,791.9,,,,,,,,,,,,,4124249.07,,,,,,,,,,,,,11216006,,,,,,,,,,,,,,,,
2024-11-10,,,,,373362.76,4224,88.39080492424242,,,1029.29,,,,,,,,505193.75,6219,81.23392024441229,,,790.75,,,,,,,,179865.02,1882,95.57121147715196,,,4109043.16,,,,,,,,,,,,,11194385,,,,,,,,,,,,,,,,
2024-11-11,,161.02,,26.41,,,,,,1032.06,,,,,190.27,,22.7,,,,,,786.01,,,,,250.58,,42.92,,,,,,4090844.53,,,,,187.32,,28.08,,,,,,11154567,,,,,,,,,,,,,,,,
2024-11-12,,,,,,,,,,1029.79,,,,,,,,,,,,,782.6,,,,,,,,,,,,,4118898.27,,,,,,,,,,,,,11155316,,,,,,,,,,,,,,,,
2024-11-13,,,,,,,,,,1027.18,,,,,,,,,,,,,792.88,,,,,,,,,,,,,4095688.56,,,,,,,,,,,,,11140311,,,,,,,,,,,,,,,,
2024-11-14,,,,,,,,,,1033.86,,,,,,,,,,,,,796.6,,,,,,,,,,,,,4114404.37,,,,,,,,,,,,,11165074,,,,,,,,,,,,,,,,
2024-11-15,,,,,,,,,,1036.06,,,,,,,,,,,,,792.77,,,,,,,,,,,,,4158258.48,,,,,,,,,,,,,11182149,,,,,,,,,,,,,,,,
2024-11-16,,,,,,,,,,1034.68,,,,,,,,,,,,,789.16,,,,,,,,,,,,,4135930.94,,,,,,,,,,,,,11153228,,,,,,,,,,,,,,,,
2024-11-17,,,,,360285.16,4150,86.81570120481928,,,1032.77,,,,,,,,501522.26,6191,81.00827976094331,,,788.63,,,,,,,,155514.4,1676,92.78902147971361,,,4125379.94,,,,,,,,,,,,,11128124,,,,,,,,,,,,,,,,
2024-11-18,,160.94,,28.44,,,,,,1033.89,,,,,190.35,,20.88,,,,,,793.59,,,,,250.93,,40.32,,,,,,4102746.86,,,,,187.4,,28.23,,,,,,11143698,,,,,,,,,,,,,,,,
2024-11-19,,,,,,,,,,1032.15,,,,,,,,,,,,,797.06,,,,,,,,,,,,,4076766.21,,,,,,,,,,,,,11075658,,,,,,,,,,,,,,,,
2024-11-20,,,,,,,,,,1030.71,,,,,,,,,,,,,789.65,,,,,,,,,,,,,4060942.98,,,,,,,,,,,,,11058085,,,,,,,,,,,,,,,,
2024-11-21,,,,,,,,,,1030.72,,,,,,,,,,,,,792.76,,,,,,,,,,,,,4019754.09,,,,,,,,,,,,,11020900,,,,,,,,,,,,,,,,
2024-11-22,,,,,,,,,,1039.61,,,,,,,,,,,,,791.97,,,,,,,,,,,,,4146161.09,,,,,,,,,,,,,11005221,,,,,,,,,,,,,,,,
2024-11-23,,,,,,,,,,1037.12,,,,,,,,,,,,,787.73,,,,,,,,,,,,,4119924.94,,,,,,,,,,,,,10962455,,,,,,,,,,,,,,,,
2024-11-24,,,,,376985.87,4159,90.64339264246213,,,1035.59,,,,,,,,526990.67,6370,82.73008948194662,,,786.52,,,,,,,,142256.28,1558,91.30698331193838,,,4107470.39,,,,,,,,,,,,,10932203,,,,,,,,,,,,,,,,
2024-11-25,,160.65,,27.44,,,,,,1037.4,,,,,190.06,,23.49,,,,,,785.76,,,,,251.12,,39.31,,,,,,4092144.71,,,,,185.99,,27,,,,,,10910037,,,,,,,,,,,,,,,,
2024-11-26,,,,,,,,,,1037.29,,,,,,,,,,,,,791.63,,,,,,,,,,,,,4102201.62,,,,,,,,,,,,,10929039,,,,,,,,,,,,,,,,
2024-11-27,,,,,,,,,,1035.2,,,,,,,,,,,,,791.98,,,,,,,,,,,,,4081414.82,,,,,,,,,,,,,10915729,,,,,,,,,,,,,,,,
2024-11-28,,,,,,,,,,1034.56,,,,,,,,,,,,,799.25,,,,,,,,,,,,,4189675.67,,,,,,,,,,,,,10912022,,,,,,,,,,,,,,,,
2024-11-29,,,,,,,,,,1034.53,,,,,,,,,,,,,798.25,,,,,,,,,,,,,4185223.74,,,,,,,,,,,,,11041654,,,,,,,,,,,,,,,,
2024-11-30,753,,82.97,,,,,178,1.51,1031.59,204645.31,46.8266,47.2118,492,,30.04,,,,,225,1.77,793.02,,56.7043,49.6072,820,,48.31,,,,,187,1.68,4168738.13,998905.23,29.272,3.824,734,,14.27,,79.51,8669,0.009171761448841,162,1.71,10992430,45.42,174.7794,73.6548,,,,,2.85,,71.4,94.1,87.6,0.2,-0.6,-0.3,-0.1
2024-12-01,,,,,480177.07,5368,89.45176415797317,,,1025.47,,,,,,,,551357.33,6731,81.91313772099242,,,797.25,,,,,,,,184660.45,1901,97.13858495528669,,,4159044.1,,,,,,,,,,,,,10973868,,,,,,,,,,,,,,,,
2024-12-02,,159.97,,25.65,,,,,,1023.33,,,,,188.83,,22.2,,,,,,788.92,,,,,250.05,,36.83,,,,,,4141301.64,,,,,187.77,,26,,,,,,10967654,,,,,,,,,,,,,,,,
2024-12-03,,,,,,,,,,1021.94,,,,,,,,,,,,,792.64,,,,,,,,,,,,,4127577.2,,,,,,,,,,,,,10981885,,,,,,,,,,,,,,,,
2024-12-04,,,,,,,,,,1022.71,,,,,,,,,,,,,794.34,,,,,,,,,,,,,4114763.85,,,,,,,,,,,,,11053043,,,,,,,,,,,,,,,,
2024-12-05,,,,,,,,,,1021.43,,,,,,,,,,,,,792.69,,,,,,,,,,,,,4122247.37,,,,,,,,,,,,,11054193,,,,,,,,,,,,,,,,
2024-12-06,,,,,,,,,,1022.94,,,,,,,,,,,,,788.66,,,,,,,,,,,,,4152750.49,,,,,,,,,,,,,11100330,,,,,,,,,,,,,,,,
2024-12-07,,,,,,,,,,1021.22,,,,,,,,,,,,,789.32,,,,,,,,,,,,,4153672.17,,,,,,,,,,,,,11072507,,,,,,,,,,,,,,,,
2024-12-08,,,,,465009.06,4896,94.97734068627452,,,1019.46,,,,,,,,569614.23,6809,83.6560772506976,,,787.37,,,,,,,,222563.84,2231,99.75967727476468,,,4138386.42,,,,,,,,,,,,,11104215,,,,,,,,,,,,,,,,
2024-12-09,,159.8,,24.77,,,,,,1019.74,,,,,188.79,,24.22,,,,,,788.28,,,,,250.08,,36.62,,,,,,4121794.86,,,,,186.37,,25.8,,,,,,11126909,,,,,,,,,,,,,,,,
2024-12-10,,,,,,,,,,1018.05,,,,,,,,,,,,,786.25,,,,,,,,,,,,,4108128.07,,,,,,,,,,,,,11170344,,,,,,,,,,,,,,,,
2024-12-11,,,,,,,,,,1017.41,,,,,,,,,,,,,787.3,,,,,,,,,,,,,4100180.11,,,,,,,,,,,,,11135592,,,,,,,,,,,,,,,,
2024-12-12,,,,,,,,,,1015.33,,,,,,,,,,,,,790.67,,,,,,,,,,,,,4071625.13,,,,,,,,,,,,,11078934,,,,,,,,,,,,,,,,
2024-12-13,,,,,,,,,,1006.31,,,,,,,,,,,,,793.14,,,,,,,,,,,,,4141781.8,,,,,,,,,,,,,11067631,,,,,,,,,,,,,,,,
2024-12-14,,,,,,,,,,1014.23,,,,,,,,,,,,,792.59,,,,,,,,,,,,,4098442.48,,,,,,,,,,,,,10996229,,,,,,,,,,,,,,,,
2024-12-15,,,,,462955.63,4967,93.20628749748339,,,1012.36,,,,,,,,563255.4,6644,84.77655027092113,,,791.65,,,,,,,,206363.84,2026,101.8577690029615,,,4083845.79,,,,,,,,,,,,,10953187,,,,,,,,,,,,,,,,
2024-12-16,,159.87,,23,,,,,,1011.22,,,,,188.71,,23.5,,,,,,783.16,,,,,251.14,,38.85,,,,,,4080217.1,,,,,184.55,,28.71,,,,,,10959547,,,,,,,,,,,,,,,,
2024-12-17,,,,,,,,,,1009.75,,,,,,,,,,,,,780.87,,,,,,,,,,,,,4063046.05,,,,,,,,,,,,,10958738,,,,,,,,,,,,,,,,
2024-12-18,,,,,,,,,,1008.19,,,,,,,,,,,,,775.47,,,,,,,,,,,,,4053412.16,,,,,,,,,,,,,10961883,,,,,,,,,,,,,,,,
2024-12-19,,,,,,,,,,1006.47,,,,,,,,,,,,,774.18,,,,,,,,,,,,,4099680.08,,,,,,,,,,,,,10969225,,,,,,,,,,,,,,,,
2024-12-20,,,,,,,,,,1010.63,,,,,,,,,,,,,772.67,,,,,,,,,,,,,4115526.43,,,,,,,,,,,,,11000777,,,,,,,,,,,,,,,,
2024-12-21,,,,,,,,,,,,,,,,,,,,,,,771.99,,,,,,,,,,,,,4097748.27,,,,,,,,,,,,,10963465,,,,,,,,,,,,,,,,
2024-12-22,,,,,440424.85,4747,92.7796187065515,,,1005.8,,,,,,,,562386.18,6521,86.24232172979605,,,773.87,,,,,,,,187222.61,1844,101.53069956616052,,,4070106.37,,,,,,,,,,,,,10937372,,,,,,,,,,,,,,,,
2024-12-23,,159.54,,22.34,,,,,,1003.71,,,,,188.05,,22.65,,,,,,777.12,,,,,252.41,,33.01,,,,,,4060773.21,,,,,184.83,,26.22,,,,,,10899596,,,,,,,,,,,,,,,,
2024-12-24,,,,,,,,,,1002.08,,,,,,,,,,,,,771.94,,,,,,,,,,,,,4042676.61,,,,,,,,,,,,,10883818,,,,,,,,,,,,,,,,
2024-12-25,,,,,,,,,,998.64,,,,,,,,,,,,,774.96,,,,,,,,,,,,,4072549.77,,,,,,,,,,,,,10942610,,,,,,,,,,,,,,,,
2024-12-26,,,,,,,,,,993.31,,,,,,,,,,,,,778.84,,,,,,,,,,,,,4058808.8,,,,,,,,,,,,,10971934,,,,,,,,,,,,,,,,
2024-12-27,,,,,,,,,,992,,,,,,,,,,,,,779.44,,,,,,,,,,,,,4041205.84,,,,,,,,,,,,,11015482,,,,,,,,,,,,,,,,
2024-12-28,,,,,,,,,,987.71,,,,,,,,,,,,,780.08,,,,,,,,,,,,,4043812.49,,,,,,,,,,,,,10960487,,,,,,,,,,,,,,,,
2024-12-29,,,,,449971.66,4822,93.31639568643716,,,983.97,,,,,,,,581903.03,6859,84.83788161539583,,,774.21,,,,,,,,169994.81,1681,101.12719214753123,,,4035942.57,,,,,,,,,,,,,10929058,,,,,,,,,,,,,,,,
2024-12-30,,159.04,,21.48,,,,,,980.29,,,,,188.19,,22.1,,,,,,780.51,,,,,249.36,,38.83,,,,,,4012475.72,,,,,182.08,,26.47,,,,,,10895029,,,,,,,,,,,,,,,,
2024-12-31,760,,65.4,,,,,173,1.46,966,128259.86,50.8168,27.0589,488,,28.46,,,,,220,1.75,788.66,,6.9732,56.7043,824,,43.67,,,,,185,1.66,3989181.3,456973.38,10.3569,29.272,730,,10.86,,114.89,11716,0.009806247866166,165,1.76,10942113,68,18.7691,164.3791,4,5.5,3.6,4.3,2.85,3.09,72.5,94,87.9,0.1,0,-0.3,0
2025-01-01,,,,,,,,,,970.43,,,,,,,,,,,,,785.35,,,,,,,,,,,,,3978615,,,,,,,,,,,,,10927878,,,,,,,,,,,,,,,,
2025-01-02,,,,,,,,,,,,,,,,,,,,,,,782.17,,,,,,,,,,,,,3957298.83,,,,,,,,,,,,,10908870,,,,,,,,,,,,,,,,
2025-01-03,,,,,,,,,,968.34,,,,,,,,,,,,,779.28,,,,,,,,,,,,,3966067.71,,,,,,,,,,,,,10911171,,,,,,,,,,,,,,,,
2025-01-04,,,,,,,,,,966.93,,,,,,,,,,,,,777.96,,,,,,,,,,,,,3956206.65,,,,,,,,,,,,,10886781,,,,,,,,,,,,,,,,
2025-01-05,,,,,353215.78,3746,94.29145221569674,,,965.8,,,,,,,,450141.92,5393,83.46781383274615,,,776.67,,,,,,,,134303.4,1328,101.13207831325302,,,3949793.45,,,,,,,,,,,,,10867931,,,,,,,,,,,,,,,,
2025-01-06,,158.97,,21.91,,,,,,968.15,,,,,188.68,,23.16,,,,,,775.58,,,,,251.13,,33.41,,,,,,3940192.11,,,,,180.77,,26.94,,,,,,10860055,,,,,,,,,,,,,,,,
2025-01-07,,,,,,,,,,967.07,,,,,,,,,,,,,774.85,,,,,,,,,,,,,3978260.29,,,,,,,,,,,,,10832448,,,,,,,,,,,,,,,,
2025-01-08,,,,,,,,,,967.66,,,,,,,,,,,,,776.11,,,,,,,,,,,,,3968274.92,,,,,,,,,,,,,10812830,,,,,,,,,,,,,,,,
2025-01-09,,,,,,,,,,967.25,,,,,,,,,,,,,780.53,,,,,,,,,,,,,3963538.73,,,,,,,,,,,,,10779541,,,,,,,,,,,,,,,,
2025-01-10,,,,,,,,,,965.55,,,,,,,,,,,,,780.6,,,,,,,,,,,,,3965400.65,,,,,,,,,,,,,10767089,,,,,,,,,,,,,,,,
2025-01-11,,,,,,,,,,963.96,,,,,,,,,,,,,778.87,,,,,,,,,,,,,3961480.34,,,,,,,,,,,,,10733839,,,,,,,,,,,,,,,,
2025-01-12,,,,,365770.01,3900,93.78718205128204,,,963.01,,,,,,,,475978.01,5702,83.47562434233602,,,776.14,,,,,,,,167112.61,1632,102.39743259803922,,,3953481.01,,,,,,,,,,,,,10709263,,,,,,,,,,,,,,,,
2025-01-13,,158.91,,21.49,,,,,,960.71,,,,,188.37,,23.86,,,,,,774.59,,,,,251.01,,35.48,,,,,,3906894.87,,,,,181.59,,24.08,,,,,,10674849,,,,,,,,,,,,,,,,
2025-01-14,,,,,,,,,,,,,,,,,,,,,,,774.11,,,,,,,,,,,,,3897406.51,,,,,,,,,,,,,10652304,,,,,,,,,,,,,,,,
2025-01-15,,,,,,,,,,966.24,,,,,,,,,,,,,771.37,,,,,,,,,,,,,3876776,,,,,,,,,,,,,10669578,,,,,,,,,,,,,,,,
2025-01-16,,,,,,,,,,965.71,,,,,,,,,,,,,770.13,,,,,,,,,,,,,3849442.56,,,,,,,,,,,,,10657399,,,,,,,,,,,,,,,,
2025-01-17,,,,,,,,,,961.43,,,,,,,,,,,,,768.54,,,,,,,,,,,,,3570197.65,,,,,,,,,,,,,10676029,,,,,,,,,,,,,,,,
2025-01-18,,,,,,,,,,965.03,,,,,,,,,,,,,763.06,,,,,,,,,,,,,3552696.11,,,,,,,,,,,,,10653616,,,,,,,,,,,,,,,,
2025-01-19,,,,,340525.29,3658,93.09056588299617,,,963.59,,,,,,,,479600.35,5601,85.62762899482236,,,762.4,,,,,,,,145648.63,1435,101.4973031358885,,,3548571.39,,,,,,,,,,,,,10635468,,,,,,,,,,,,,,,,
2025-01-20,,158.92,,21.21,,,,,,962.13,,,,,187.33,,21.68,,,,,,761.09,,,,,249.03,,35.33,,,,,,3542475.29,,,,,181.71,,24,,,,,,10624101,,,,,,,,,,,,,,,,
2025-01-21,,,,,,,,,,976.81,,,,,,,,,,,,,762.81,,,,,,,,,,,,,3531842.41,,,,,,,,,,,,,10609703,,,,,,,,,,,,,,,,
2025-01-22,,,,,,,,,,974.41,,,,,,,,,,,,,762.47,,,,,,,,,,,,,3528352.55,,,,,,,,,,,,,10607545,,,,,,,,,,,,,,,,
2025-01-23,,,,,,,,,,972.7,,,,,,,,,,,,,760.8,,,,,,,,,,,,,3337333.8,,,,,,,,,,,,,10602621,,,,,,,,,,,,,,,,
2025-01-24,,,,,,,,,,,,,,,,,,,,,,,759.95,,,,,,,,,,,,,3360269.71,,,,,,,,,,,,,10615608,,,,,,,,,,,,,,,,
2025-01-25,,,,,,,,,,971.02,,,,,,,,,,,,,758.55,,,,,,,,,,,,,3359998.9,,,,,,,,,,,,,10604681,,,,,,,,,,,,,,,,
2025-01-26,,,,,292858.83,3125,93.7148256,,,977.62,,,,,,,,300397.49,3334,90.10122675464908,,,758.13,,,,,,,,80954.62,807,100.31551425030979,,,3359592.46,,,,,,,,,,,,,10634852,,,,,,,,,,,,,,,,
2025-01-27,,159.44,,21,,,,,,970.92,,,,,187.77,,23.71,,,,,,757.88,,,,,249.85,,35.52,,,,,,3361228.78,,,,,179.14,,24,,,,,,10646462,,,,,,,,,,,,,,,,
2025-01-28,,,,,,,,,,,,,,,,,,,,,,,757.87,,,,,,,,,,,,,3362255.59,,,,,,,,,,,,,10646380,,,,,,,,,,,,,,,,
2025-01-29,,,,,,,,,,970.91,,,,,,,,,,,,,757.87,,,,,,,,,,,,,3365971.67,,,,,,,,,,,,,10646380,,,,,,,,,,,,,,,,
2025-01-30,,,,,,,,,,970.87,,,,,,,,,,,,,,,,,,,,,,,,,,3366565.03,,,,,,,,,,,,,10646251,,,,,,,,,,,,,,,,
2025-01-31,765,,55.04,,,,,175,1.46,970.84,246667.68,34.2288,46.0638,491,,24.65,,,,,222,1.76,757.84,,31.0688,6.9732,823,,27.2,,,,,181,1.62,3367411.77,176871.56,0,10.3569,729,,8.93,,111.35,11276,0.009874955658035,161,1.72,10646106,36.12,0,18.7691,,,,,2.85,,72.9,95.4,89.2,0.5,0.7,-0.2,0
2025-02-01,,,,,,,,,,,,,,,,,,,,,,,757.79,,,,,,,,,,,,,3367970.15,,,,,,,,,,,,,10645981,,,,,,,,,,,,,,,,
2025-02-02,,,,,8344.71,78,106.98346153846154,,,,,,,,,,,10476.63,112,93.54133928571429,,,757.77,,,,,,,,2007.5,25,80.3,,,3381032.6,,,,,,,,,,,,,10645981,,,,,,,,,,,,,,,,
2025-02-03,,158.76,,21.3,,,,,,969.43,,,,,192.19,,24,,,,,,757.73,,,,,248.6,,36,,,,,,3380806.82,,,,,178.33,,23.1,,,,,,10645013,,,,,,,,,,,,,,,,
2025-02-04,,,,,,,,,,969.38,,,,,,,,,,,,,757.68,,,,,,,,,,,,,3383089.7,,,,,,,,,,,,,10644529,,,,,,,,,,,,,,,,
2025-02-05,,,,,,,,,,970.43,,,,,,,,,,,,,757.43,,,,,,,,,,,,,3381286.86,,,,,,,,,,,,,10640559,,,,,,,,,,,,,,,,
2025-02-06,,,,,,,,,,976.83,,,,,,,,,,,,,,,,,,,,,,,,,,3379223.65,,,,,,,,,,,,,10635593,,,,,,,,,,,,,,,,
2025-02-07,,,,,,,,,,958.01,,,,,,,,,,,,,756.48,,,,,,,,,,,,,3377137.28,,,,,,,,,,,,,10629668,,,,,,,,,,,,,,,,
2025-02-08,,,,,,,,,,957.59,,,,,,,,,,,,,755.66,,,,,,,,,,,,,3367202.96,,,,,,,,,,,,,10643795,,,,,,,,,,,,,,,,
2025-02-09,,,,,102923.5,1155,89.11125541125541,,,956.6,,,,,,,,182703.17,2274,80.34440193491645,,,754.53,,,,,,,,51285.62,519,98.81622350674374,,,3360148.75,,,,,,,,,,,,,10633490,,,,,,,,,,,,,,,,
2025-02-10,,158.76,,24,,,,,,956.48,,,,,192.1,,27.87,,,,,,753.94,,,,,249.32,,40,,,,,,3353647.93,,,,,177.35,,25,,,,,,10626607,,,,,,,,,,,,,,,,
2025-02-11,,,,,,,,,,955.98,,,,,,,,,,,,,755.05,,,,,,,,,,,,,3349946.35,,,,,,,,,,,,,10621552,,,,,,,,,,,,,,,,
2025-02-12,,,,,,,,,,954.13,,,,,,,,,,,,,759.25,,,,,,,,,,,,,3331765.35,,,,,,,,,,,,,10612372,,,,,,,,,,,,,,,,
2025-02-13,,,,,,,,,,952.67,,,,,,,,,,,,,759.16,,,,,,,,,,,,,3293118.3,,,,,,,,,,,,,10634430,,,,,,,,,,,,,,,,
2025-02-14,,,,,,,,,,954.08,,,,,,,,,,,,,,,,,,,,,,,,,,3315026.66,,,,,,,,,,,,,10677655,,,,,,,,,,,,,,,,
2025-02-15,,,,,,,,,,953.08,,,,,,,,,,,,,756.71,,,,,,,,,,,,,3309562.34,,,,,,,,,,,,,10658441,,,,,,,,,,,,,,,,
2025-02-16,,,,,269851.85,2923,92.32016763599042,,,952.34,,,,,,,,384506.31,4708,81.67083899745114,,,755.96,,,,,,,,96354.59,959,100.47402502606882,,,3305961.81,,,,,,,,,,,,,10647192,,,,,,,,,,,,,,,,
2025-02-17,,158.7,,22.1,,,,,,950.84,,,,,192.24,,24.1,,,,,,,,,,,250.16,,40.1,,,,,,3297477.77,,,,,175.99,,24,,,,,,10638533,,,,,,,,,,,,,,,,
2025-02-18,,,,,,,,,,950.06,,,,,,,,,,,,,757.82,,,,,,,,,,,,,3290694.24,,,,,,,,,,,,,10642546,,,,,,,,,,,,,,,,
2025-02-19,,,,,,,,,,949,,,,,,,,,,,,,758.12,,,,,,,,,,,,,3278615.44,,,,,,,,,,,,,10659738,,,,,,,,,,,,,,,,
2025-02-20,,,,,,,,,,948.89,,,,,,,,,,,,,757.03,,,,,,,,,,,,,3280541.73,,,,,,,,,,,,,10643295,,,,,,,,,,,,,,,,
2025-02-21,,,,,,,,,,948.14,,,,,,,,,,,,,756.08,,,,,,,,,,,,,3275212.94,,,,,,,,,,,,,10657510,,,,,,,,,,,,,,,,
2025-02-22,,,,,,,,,,949.94,,,,,,,,,,,,,754.51,,,,,,,,,,,,,3269532.99,,,,,,,,,,,,,10635068,,,,,,,,,,,,,,,,
2025-02-23,,,,,322264.65,3537,91.11242578456319,,,949.14,,,,,,,,447836.13,5581,80.242990503494,,,753.15,,,,,,,,114351.5,1132,101.01722614840989,,,3271107.15,,,,,,,,,,,,,10619508,,,,,,,,,,,,,,,,
2025-02-24,,158.71,,20.48,,,,,,948.99,,,,,191.83,,25,,,,,,752.25,,,,,248.27,,39.76,,,,,,3262453.78,,,,,175.46,,23.72,,,,,,10601662,,,,,,,,,,,,,,,,
2025-02-25,,,,,,,,,,948.89,,,,,,,,,,,,,751.14,,,,,,,,,,,,,3251856.99,,,,,,,,,,,,,10585176,,,,,,,,,,,,,,,,
2025-02-26,,,,,,,,,,946.54,,,,,,,,,,,,,749.79,,,,,,,,,,,,,3218046.93,,,,,,,,,,,,,10540573,,,,,,,,,,,,,,,,
2025-02-27,,,,,,,,,,946.15,,,,,,,,,,,,,,,,,,,,,,,,,,3201846.77,,,,,,,,,,,,,10505657,,,,,,,,,,,,,,,,
2025-02-28,763,,56.97,,,,,177,1.48,946.28,50147.76,13.1683,64.5663,487,,24.55,,,,,222,1.76,746.92,,40.769,22.7162,830,,24.18,,,,,182,1.62,3184756.74,95731.82,0,0,721,,8.97,,50.36,5184,0.00971450617284,160,1.72,10536413,22.16,30.6994,0,,,,,2.85,,74,96.5,89.69999999999999,-0.7,-0.2,-0.2,0.1
2025-03-01,,,,,,,,,,943.89,,,,,,,,,,,,,745.25,,,,,,,,,,,,,3189396.73,,,,,,,,,,,,,10511146,,,,,,,,,,,,,,,,
2025-03-02,,,,,404470.45,4510,89.6830266075388,,,943.12,,,,,,,,535575.58,6692,80.0322145845786,,,744.13,,,,,,,,127237.48,1272,100.02946540880504,,,3183338.44,,,,,,,,,,,,,10498641,,,,,,,,,,,,,,,,
2025-03-03,,158.29,,19.47,,,,,,953.64,,,,,192.39,,22,,,,,,743.51,,,,,247.2,,36.35,,,,,,3146361.36,,,,,174.11,,22.64,,,,,,10500032,,,,,,,,,,,,,,,,
2025-03-04,,,,,,,,,,958.26,,,,,,,,,,,,,743.12,,,,,,,,,,,,,3117952.79,,,,,,,,,,,,,10496294,,,,,,,,,,,,,,,,
2025-03-05,,,,,,,,,,958.33,,,,,,,,,,,,,742.29,,,,,,,,,,,,,3104567.19,,,,,,,,,,,,,10465881,,,,,,,,,,,,,,,,
2025-03-06,,,,,,,,,,955.88,,,,,,,,,,,,,742.06,,,,,,,,,,,,,3085145.99,,,,,,,,,,,,,10459381,,,,,,,,,,,,,,,,
2025-03-07,,,,,,,,,,954.33,,,,,,,,,,,,,740.36,,,,,,,,,,,,,3104426.45,,,,,,,,,,,,,10549360,,,,,,,,,,,,,,,,
2025-03-08,,,,,,,,,,953.3,,,,,,,,,,,,,738.82,,,,,,,,,,,,,3096523.61,,,,,,,,,,,,,10525938,,,,,,,,,,,,,,,,
2025-03-09,,,,,351428.02,3847,91.3511879386535,,,952.59,,,,,,,,482650.77,6004,80.38820286475683,,,737.68,,,,,,,,137255.57,1393,98.53235463029434,,,3092384.62,,,,,,,,,,,,,10509510,,,,,,,,,,,,,,,,
2025-03-10,,158.15,,19.87,,,,,,949.36,,,,,192.67,,23.22,,,,,,740.1,,,,,248.41,,37.91,,,,,,3055897.71,,,,,174.32,,23.62,,,,,,10497801,,,,,,,,,,,,,,,,
2025-03-11,,,,,,,,,,961.65,,,,,,,,,,,,,741.41,,,,,,,,,,,,,3042170.27,,,,,,,,,,,,,10485855,,,,,,,,,,,,,,,,
2025-03-12,,,,,,,,,,968.17,,,,,,,,,,,,,740.96,,,,,,,,,,,,,3036982.03,,,,,,,,,,,,,10469713,,,,,,,,,,,,,,,,
2025-03-13,,,,,,,,,,968.3,,,,,,,,,,,,,741.34,,,,,,,,,,,,,3009678.15,,,,,,,,,,,,,10457452,,,,,,,,,,,,,,,,
2025-03-14,,,,,,,,,,975.24,,,,,,,,,,,,,749.06,,,,,,,,,,,,,3022533.96,,,,,,,,,,,,,10487883,,,,,,,,,,,,,,,,
2025-03-15,,,,,,,,,,973.91,,,,,,,,,,,,,746.4,,,,,,,,,,,,,3018012.01,,,,,,,,,,,,,10458403,,,,,,,,,,,,,,,,
2025-03-16,,,,,399344.23,4407,90.6158906285455,,,972.62,,,,,,,,546187.67,6652,82.10878983764282,,,744.79,,,,,,,,141666.73,1479,95.78548343475322,,,3014510.84,,,,,,,,,,,,,10440833,,,,,,,,,,,,,,,,
2025-03-17,,157.88,,19.8,,,,,,971.62,,,,,192.58,,20.9,,,,,,743.6,,,,,248.04,,32.61,,,,,,2969114.95,,,,,173.84,,24.58,,,,,,10432353,,,,,,,,,,,,,,,,
2025-03-18,,,,,,,,,,971.66,,,,,,,,,,,,,744.28,,,,,,,,,,,,,2917951.15,,,,,,,,,,,,,10416835,,,,,,,,,,,,,,,,
2025-03-19,,,,,,,,,,971.04,,,,,,,,,,,,,749.02,,,,,,,,,,,,,2910536.83,,,,,,,,,,,,,10441869,,,,,,,,,,,,,,,,
2025-03-20,,,,,,,,,,973.98,,,,,,,,,,,,,747.8,,,,,,,,,,,,,2902715.74,,,,,,,,,,,,,10457182,,,,,,,,,,,,,,,,
2025-03-21,,,,,,,,,,974.13,,,,,,,,,,,,,,,,,,,,,,,,,,2960214.85,,,,,,,,,,,,,10471757,,,,,,,,,,,,,,,,
2025-03-22,,,,,,,,,,971.81,,,,,,,,,,,,,750.81,,,,,,,,,,,,,2954829.44,,,,,,,,,,,,,10441430,,,,,,,,,,,,,,,,
2025-03-23,,,,,387731.45,4328,89.58674907578558,,,968.58,,,,,,,,540511.11,6602,81.87081338988186,,,749.21,,,,,,,,147720.46,1462,101.03998632010943,,,2946479.43,,,,,,,,,,,,,10419823,,,,,,,,,,,,,,,,
2025-03-24,,157.67,,19.01,,,,,,968.22,,,,,192.62,,23.44,,,,,,747.48,,,,,248.49,,33.8,,,,,,2924809.02,,,,,172.46,,24.24,,,,,,10392667,,,,,,,,,,,,,,,,
2025-03-25,,,,,,,,,,972.38,,,,,,,,,,,,,745.99,,,,,,,,,,,,,2898046.74,,,,,,,,,,,,,10396434,,,,,,,,,,,,,,,,
2025-03-26,,,,,,,,,,970.5,,,,,,,,,,,,,743.46,,,,,,,,,,,,,2874619.67,,,,,,,,,,,,,10358430,,,,,,,,,,,,,,,,
2025-03-27,,,,,,,,,,969.77,,,,,,,,,,,,,742.43,,,,,,,,,,,,,2858204.32,,,,,,,,,,,,,10344996,,,,,,,,,,,,,,,,
2025-03-28,,,,,,,,,,970.9,,,,,,,,,,,,,739.48,,,,,,,,,,,,,2863490.25,,,,,,,,,,,,,10344996,,,,,,,,,,,,,,,,
2025-03-29,,,,,,,,,,967.98,,,,,,,,,,,,,735.7,,,,,,,,,,,,,2854625.74,,,,,,,,,,,,,10344996,,,,,,,,,,,,,,,,
2025-03-30,,,,,449576.66,5017,89.6106557703807,,,965.66,,,,,,,,543630.4,6693,81.2237262811893,,,728.33,,,,,,,,150196.84,1540,97.53041558441558,,,2838597.52,,,,,,,,,,,,,10344996,,,,,,,,,,,,,,,,
2025-03-31,760,157.75,62.54,17.8,,,,174,1.47,981.1,549405.35,38.5756,7.3515,491,191.04,27.46,22.69,,,,223,1.76,,,0,55.4025,821,248.3,25.08,30.8,,,,184,1.66,2786237.32,233728.44,27.1017,0,714,172.45,9.26,24.43,85.56,8797,0.009726042969194,158,1.72,10328771,41.66,12.8076,7.8361,4.5,,3.7,4.8,2.85,3.13,72.4,95.5,89.2,-0.1,-0.4,-0.1,0.1
2025-04-01,,,,,,,,,,981.3,,,,,,,,,,,,,720.82,,,,,,,,,,,,,2780053.6,,,,,,,,,,,,,10311157,,,,,,,,,,,,,,,,
2025-04-02,,,,,,,,,,989.47,,,,,,,,,,,,,719.86,,,,,,,,,,,,,2774254.14,,,,,,,,,,,,,10292365,,,,,,,,,,,,,,,,
2025-04-03,,,,,,,,,,986.9,,,,,,,,,,,,,718.65,,,,,,,,,,,,,2780952.23,,,,,,,,,,,,,10248977,,,,,,,,,,,,,,,,
2025-04-04,,,,,,,,,,985.12,,,,,,,,,,,,,718.14,,,,,,,,,,,,,2776396.06,,,,,,,,,,,,,10244246,,,,,,,,,,,,,,,,
2025-04-05,,,,,,,,,,988.67,,,,,,,,,,,,,717.61,,,,,,,,,,,,,2771937.99,,,,,,,,,,,,,10244246,,,,,,,,,,,,,,,,
2025-04-06,,,,,302581.94,3348,90.37692353643966,,,987.58,,,,,,,,316572.51,3857,82.0773943479388,,,716.9,,,,,,,,107924.02,1100,98.11274545454546,,,2769496.07,,,,,,,,,,,,,10228641,,,,,,,,,,,,,,,,
2025-04-07,,157.57,,16.37,,,,,,982.27,,,,,192.38,,23.93,,,,,,716.18,,,,,247.54,,30.11,,,,,,2781487.3,,,,,172.05,,26.23,,,,,,10218160,,,,,,,,,,,,,,,,
2025-04-08,,,,,,,,,,981.31,,,,,,,,,,,,,718.73,,,,,,,,,,,,,2750021.91,,,,,,,,,,,,,10238939,,,,,,,,,,,,,,,,
2025-04-09,,,,,,,,,,981,,,,,,,,,,,,,718.63,,,,,,,,,,,,,2744595.59,,,,,,,,,,,,,10241716,,,,,,,,,,,,,,,,
2025-04-10,,,,,,,,,,978.72,,,,,,,,,,,,,717.25,,,,,,,,,,,,,2737625.93,,,,,,,,,,,,,10258600,,,,,,,,,,,,,,,,
2025-04-11,,,,,,,,,,977.55,,,,,,,,,,,,,714.72,,,,,,,,,,,,,2731152.87,,,,,,,,,,,,,10244508,,,,,,,,,,,,,,,,
2025-04-12,,,,,,,,,,976.96,,,,,,,,,,,,,714.07,,,,,,,,,,,,,2723920.67,,,,,,,,,,,,,10229144,,,,,,,,,,,,,,,,
2025-04-13,,,,,337526.61,3663,92.14485667485667,,,975.18,,,,,,,,516976.1,6279,82.33414556458035,,,712.82,,,,,,,,152975.32,1533,99.78820613176778,,,2716365.88,,,,,,,,,,,,,10214161,,,,,,,,,,,,,,,,
2025-04-14,,157.09,,15,,,,,,979.45,,,,,192.34,,21.22,,,,,,715.17,,,,,246.97,,28.46,,,,,,2757748.7,,,,,171.96,,23.39,,,,,,10234366,,,,,,,,,,,,,,,,
2025-04-15,,,,,,,,,,988.11,,,,,,,,,,,,,716.17,,,,,,,,,,,,,2740423.27,,,,,,,,,,,,,10223817,,,,,,,,,,,,,,,,
2025-04-16,,,,,,,,,,,,,,,,,,,,,,,720.06,,,,,,,,,,,,,2722806.43,,,,,,,,,,,,,10290317,,,,,,,,,,,,,,,,
2025-04-17,,,,,,,,,,1000.46,,,,,,,,,,,,,724.74,,,,,,,,,,,,,2710999.84,,,,,,,,,,,,,10279939,,,,,,,,,,,,,,,,
2025-04-18,,,,,,,,,,1000.38,,,,,,,,,,,,,732.25,,,,,,,,,,,,,2779507.19,,,,,,,,,,,,,10308219,,,,,,,,,,,,,,,,
2025-04-19,,,,,,,,,,999.21,,,,,,,,,,,,,734.42,,,,,,,,,,,,,2775771.32,,,,,,,,,,,,,10292215,,,,,,,,,,,,,,,,
2025-04-20,,,,,339715.85,3633,93.50835397742912,,,997.82,,,,,,,,502066.65,6192,81.08311531007752,,,734.18,,,,,,,,147408.44,1485,99.26494276094276,,,2773761.45,,,,,,,,,,,,,10278736,,,,,,,,,,,,,,,,
2025-04-21,,156.83,,13.93,,,,,,995.01,,,,,192.41,,19.81,,,,,,733.24,,,,,247.32,,29.92,,,,,,2780291.89,,,,,171.42,,21.6,,,,,,10268733,,,,,,,,,,,,,,,,
2025-04-22,,,,,,,,,,994.14,,,,,,,,,,,,,734.55,,,,,,,,,,,,,2779178.72,,,,,,,,,,,,,10276868,,,,,,,,,,,,,,,,
2025-04-23,,,,,,,,,,994.85,,,,,,,,,,,,,729.18,,,,,,,,,,,,,2776032.48,,,,,,,,,,,,,10303552,,,,,,,,,,,,,,,,
2025-04-24,,,,,,,,,,990.07,,,,,,,,,,,,,734.78,,,,,,,,,,,,,2808562.65,,,,,,,,,,,,,10378027,,,,,,,,,,,,,,,,
2025-04-25,,,,,,,,,,992.14,,,,,,,,,,,,,735.74,,,,,,,,,,,,,2847202,,,,,,,,,,,,,10490617,,,,,,,,,,,,,,,,
2025-04-26,,,,,,,,,,979.21,,,,,,,,,,,,,728.81,,,,,,,,,,,,,2839955.66,,,,,,,,,,,,,10454101,,,,,,,,,,,,,,,,
2025-04-27,,,,,381171.81,4170,91.40810791366907,,,982.69,,,,,,,,472534.92,5740,82.32315679442509,,,730.07,,,,,,,,143323.8,1434,99.94686192468619,,,2829262.97,,,,,,,,,,,,,10427164,,,,,,,,,,,,,,,,
2025-04-28,,156.63,,13.49,,,,,,987.79,,,,,191,,19.02,,,,,,730.7,,,,,246.36,,31.57,,,,,,2803006.62,,,,,170.72,,23.65,,,,,,10461360,,,,,,,,,,,,,,,,
2025-04-29,,,,,,,,,,986.12,,,,,,,,,,,,,730.55,,,,,,,,,,,,,2851541.67,,,,,,,,,,,,,10604930,,,,,,,,,,,,,,,,
2025-04-30,756,,53.72,,,,,177,1.49,985.51,529002.89,61.0105,38.5756,492,,23.06,,,,,222,1.75,726.04,,76.2003,0,814,,24.3,,,,,184,1.67,2906923.19,157353.81,0,0,703,,7.96,,99.7,10195,0.009779303580186,159,1.75,10656964,69.47,30.9273,11.266,,,,,2.85,,72.5,94.8,88.30000000000001,-0.1,0.1,-0.1,0
2025-05-01,,,,,,,,,,988.35,,,,,,,,,,,,,734.88,,,,,,,,,,,,,2892443.34,,,,,,,,,,,,,10642668,,,,,,,,,,,,,,,,
2025-05-02,,,,,,,,,,985.13,,,,,,,,,,,,,734.37,,,,,,,,,,,,,2884967.96,,,,,,,,,,,,,10634344,,,,,,,,,,,,,,,,
2025-05-03,,,,,,,,,,984.6,,,,,,,,,,,,,733.89,,,,,,,,,,,,,2877634.38,,,,,,,,,,,,,10629098,,,,,,,,,,,,,,,,
2025-05-04,,,,,203610.23,2222,91.63376687668767,,,984.43,,,,,,,,256138.92,3063,83.62354554358473,,,733.34,,,,,,,,63609.45,628,101.28893312101911,,,2874837.33,,,,,,,,,,,,,10623715,,,,,,,,,,,,,,,,
2025-05-05,,156.02,,13.71,,,,,,983.73,,,,,191.89,,17.68,,,,,,732.54,,,,,245,,29.67,,,,,,2872870,,,,,170.38,,23.95,,,,,,10614182,,,,,,,,,,,,,,,,
2025-05-06,,,,,,,,,,985.12,,,,,,,,,,,,,731.72,,,,,,,,,,,,,2893344.72,,,,,,,,,,,,,10608766,,,,,,,,,,,,,,,,
2025-05-07,,,,,,,,,,979.67,,,,,,,,,,,,,730.7,,,,,,,,,,,,,2865056.41,,,,,,,,,,,,,10588026,,,,,,,,,,,,,,,,
2025-05-08,,,,,,,,,,978.75,,,,,,,,,,,,,738.87,,,,,,,,,,,,,2887995.65,,,,,,,,,,,,,10565200,,,,,,,,,,,,,,,,
2025-05-09,,,,,,,,,,978.22,,,,,,,,,,,,,740.56,,,,,,,,,,,,,2864154.01,,,,,,,,,,,,,10550667,,,,,,,,,,,,,,,,
2025-05-10,,,,,,,,,,976.7,,,,,,,,,,,,,739,,,,,,,,,,,,,2859941.1,,,,,,,,,,,,,10508701,,,,,,,,,,,,,,,,
2025-05-11,,,,,235609.7,2592,90.89880401234568,,,975.76,,,,,,,,441420.73,5421,81.42791551374285,,,737.35,,,,,,,,97594.49,975,100.09691282051283,,,2856459.69,,,,,,,,,,,,,10479865,,,,,,,,,,,,,,,,
2025-05-12,,155.37,,13.36,,,,,,976.86,,,,,191.52,,19.38,,,,,,736.01,,,,,243.74,,32.86,,,,,,2837500.73,,,,,170.03,,22.65,,,,,,10463266,,,,,,,,,,,,,,,,
2025-05-13,,,,,,,,,,979.07,,,,,,,,,,,,,736.71,,,,,,,,,,,,,2823382,,,,,,,,,,,,,10428865,,,,,,,,,,,,,,,,
2025-05-14,,,,,,,,,,977.89,,,,,,,,,,,,,736.24,,,,,,,,,,,,,2817232.28,,,,,,,,,,,,,10457140,,,,,,,,,,,,,,,,
2025-05-15,,,,,,,,,,990.97,,,,,,,,,,,,,736.67,,,,,,,,,,,,,2832312.12,,,,,,,,,,,,,10434177,,,,,,,,,,,,,,,,
2025-05-16,,,,,,,,,,990.93,,,,,,,,,,,,,736.1,,,,,,,,,,,,,2807518.76,,,,,,,,,,,,,10419763,,,,,,,,,,,,,,,,
2025-05-17,,,,,,,,,,989.63,,,,,,,,,,,,,734.3,,,,,,,,,,,,,2804312.9,,,,,,,,,,,,,10386998,,,,,,,,,,,,,,,,
2025-05-18,,,,,361127.84,3823,94.46189903217369,,,988.44,,,,,,,,466100.68,5682,82.03109468497009,,,730.66,,,,,,,,141663.63,1377,102.8784531590414,,,2794937.6,,,,,,,,,,,,,10366782,,,,,,,,,,,,,,,,
2025-05-19,,155.32,,12.91,,,,,,987.44,,,,,191,,18.44,,,,,,732.59,,,,,243.15,,31.32,,,,,,2794714.83,,,,,169.34,,23.55,,,,,,10390175,,,,,,,,,,,,,,,,
2025-05-20,,,,,,,,,,992.24,,,,,,,,,,,,,736.04,,,,,,,,,,,,,2780774.55,,,,,,,,,,,,,10354283,,,,,,,,,,,,,,,,
2025-05-21,,,,,,,,,,991.01,,,,,,,,,,,,,736.44,,,,,,,,,,,,,2826432.73,,,,,,,,,,,,,10392350,,,,,,,,,,,,,,,,
2025-05-22,,,,,,,,,,990.11,,,,,,,,,,,,,736.91,,,,,,,,,,,,,2817291.86,,,,,,,,,,,,,10453757,,,,,,,,,,,,,,,,
2025-05-23,,,,,,,,,,1001.96,,,,,,,,,,,,,741.48,,,,,,,,,,,,,2758396.04,,,,,,,,,,,,,10436423,,,,,,,,,,,,,,,,
2025-05-24,,,,,,,,,,991.95,,,,,,,,,,,,,740.66,,,,,,,,,,,,,2754242.33,,,,,,,,,,,,,10404130,,,,,,,,,,,,,,,,
2025-05-25,,,,,346379.89,3740,92.61494385026738,,,990.76,,,,,,,,443101.05,5405,81.97984273820536,,,739.03,,,,,,,,129142.06,1306,98.88366003062787,,,2751045.59,,,,,,,,,,,,,10379461,,,,,,,,,,,,,,,,
2025-05-26,,155.42,,12.8,,,,,,,,,,,190.12,,17.23,,,,,,730.43,,,,,241.79,,34.53,,,,,,2736802.43,,,,,168.28,,23.36,,,,,,10368047,,,,,,,,,,,,,,,,
2025-05-27,,,,,,,,,,989.44,,,,,,,,,,,,,736.9,,,,,,,,,,,,,2711737.69,,,,,,,,,,,,,10356330,,,,,,,,,,,,,,,,
2025-05-28,,,,,,,,,,999.96,,,,,,,,,,,,,741.11,,,,,,,,,,,,,2707539.88,,,,,,,,,,,,,10353791,,,,,,,,,,,,,,,,
2025-05-29,,,,,,,,,,1008.05,,,,,,,,,,,,,738.3,,,,,,,,,,,,,2752512.2,,,,,,,,,,,,,10358827,,,,,,,,,,,,,,,,
2025-05-30,,,,,,,,,,1023.54,,,,,,,,,,,,,739.5,,,,,,,,,,,,,2736485.4,,,,,,,,,,,,,10395881,,,,,,,,,,,,,,,,
2025-05-31,749,,52.22,,,,,174,1.49,1015.94,668270.69,8.7931,0,485,,19.78,,,,,222,1.77,737.51,,58.377,76.2003,805,,19.42,,,,,181,1.66,2733278.71,70441.93,13.5733,0,696,,7.11,,81.84,8333,0.009821192847714,160,1.78,10372136,56.88,60.0658,32.4689,,,,,2.6,,71.4,96.6,89.5,-0.1,-0.2,-0.1,-0.1
2025-06-01,,,,,372568,4075,91.42773006134969,,,1015.06,,,,,,,,358065.51,4332,82.6559349030471,,,738.32,,,,,,,,116517.55,1151,101.23158123370982,,,2728771.92,,,,,,,,,,,,,10363372,,,,,,,,,,,,,,,,
2025-06-02,,154.7,,12.36,,,,,,1014.52,,,,,191.07,,17.77,,,,,,738.29,,,,,241.91,,30.54,,,,,,2724801.71,,,,,167.98,,22.13,,,,,,10358996,,,,,,,,,,,,,,,,
2025-06-03,,,,,,,,,,1013.44,,,,,,,,,,,,,735.93,,,,,,,,,,,,,2716225.15,,,,,,,,,,,,,10358640,,,,,,,,,,,,,,,,
2025-06-04,,,,,,,,,,1012.59,,,,,,,,,,,,,735.01,,,,,,,,,,,,,2710777.69,,,,,,,,,,,,,10355325,,,,,,,,,,,,,,,,
2025-06-05,,,,,,,,,,1010.98,,,,,,,,,,,,,733.9,,,,,,,,,,,,,2703734.11,,,,,,,,,,,,,10334706,,,,,,,,,,,,,,,,
2025-06-06,,,,,,,,,,1019.95,,,,,,,,,,,,,739.13,,,,,,,,,,,,,2697662.34,,,,,,,,,,,,,10297188,,,,,,,,,,,,,,,,
2025-06-07,,,,,,,,,,1018.86,,,,,,,,,,,,,737.49,,,,,,,,,,,,,2694153.02,,,,,,,,,,,,,10271987,,,,,,,,,,,,,,,,
2025-06-08,,,,,235790.26,2507,94.05275628240925,,,1015.23,,,,,,,,426119.33,5178,82.29419273850908,,,736.56,,,,,,,,89881,910,98.77032967032967,,,2671098.8,,,,,,,,,,,,,10255645,,,,,,,,,,,,,,,,
2025-06-09,,154.74,,12.15,,,,,,1017.97,,,,,190.98,,17.51,,,,,,734,,,,,240.58,,30.09,,,,,,2705175.07,,,,,167.6,,22.74,,,,,,10272517,,,,,,,,,,,,,,,,
2025-06-10,,,,,,,,,,1016.89,,,,,,,,,,,,,734.64,,,,,,,,,,,,,2700448.69,,,,,,,,,,,,,10255249,,,,,,,,,,,,,,,,
2025-06-11,,,,,,,,,,1015.87,,,,,,,,,,,,,732.37,,,,,,,,,,,,,2685760.88,,,,,,,,,,,,,10280623,,,,,,,,,,,,,,,,
2025-06-12,,,,,,,,,,1021.22,,,,,,,,,,,,,735.95,,,,,,,,,,,,,2673866.54,,,,,,,,,,,,,10294383,,,,,,,,,,,,,,,,
2025-06-13,,,,,,,,,,1011.24,,,,,,,,,,,,,735.1,,,,,,,,,,,,,2677456.77,,,,,,,,,,,,,10399679,,,,,,,,,,,,,,,,
2025-06-14,,,,,,,,,,1007.33,,,,,,,,,,,,,733.37,,,,,,,,,,,,,2691500.35,,,,,,,,,,,,,10375231,,,,,,,,,,,,,,,,
2025-06-15,,,,,329693.14,3524,93.55650964812713,,,992.42,,,,,,,,406698.66,4848,83.88998762376238,,,732.06,,,,,,,,126304.43,1243,101.61257441673371,,,2684173.92,,,,,,,,,,,,,10358541,,,,,,,,,,,,,,,,
2025-06-16,,154.4,,11.93,,,,,,994.23,,,,,191.35,,16.6,,,,,,731.26,,,,,240.75,,32.9,,,,,,2679065.21,,,,,168.42,,24.03,,,,,,10353232,,,,,,,,,,,,,,,,
2025-06-17,,,,,,,,,,992.86,,,,,,,,,,,,,730.14,,,,,,,,,,,,,2676380.24,,,,,,,,,,,,,10374501,,,,,,,,,,,,,,,,
2025-06-18,,,,,,,,,,990.41,,,,,,,,,,,,,733.37,,,,,,,,,,,,,2697755.18,,,,,,,,,,,,,10362991,,,,,,,,,,,,,,,,
2025-06-19,,,,,,,,,,987.68,,,,,,,,,,,,,735.69,,,,,,,,,,,,,2690552.02,,,,,,,,,,,,,10370450,,,,,,,,,,,,,,,,
2025-06-20,,,,,,,,,,986.14,,,,,,,,,,,,,736.59,,,,,,,,,,,,,2682740.08,,,,,,,,,,,,,10436126,,,,,,,,,,,,,,,,
2025-06-21,,,,,,,,,,974.67,,,,,,,,,,,,,734.42,,,,,,,,,,,,,2679779.73,,,,,,,,,,,,,10421272,,,,,,,,,,,,,,,,
2025-06-22,,,,,330518.66,3539,93.39323537722521,,,970.29,,,,,,,,400807.96,4893,81.91456366237482,,,732.87,,,,,,,,112790.5,1115,101.15739910313901,,,2676744.9,,,,,,,,,,,,,10405052,,,,,,,,,,,,,,,,
2025-06-23,,154.31,,12.36,,,,,,968.54,,,,,191.64,,16.11,,,,,,732.09,,,,,241.69,,34.94,,,,,,2675125.3,,,,,166.91,,24.8,,,,,,10443075,,,,,,,,,,,,,,,,
2025-06-24,,,,,,,,,,960.73,,,,,,,,,,,,,729.16,,,,,,,,,,,,,2670436.08,,,,,,,,,,,,,10410487,,,,,,,,,,,,,,,,
2025-06-25,,,,,,,,,,956.71,,,,,,,,,,,,,746.13,,,,,,,,,,,,,2676141.83,,,,,,,,,,,,,10399561,,,,,,,,,,,,,,,,
2025-06-26,,,,,,,,,,977.3,,,,,,,,,,,,,749.62,,,,,,,,,,,,,2672729.21,,,,,,,,,,,,,10395961,,,,,,,,,,,,,,,,
2025-06-27,,,,,,,,,,986.79,,,,,,,,,,,,,747.17,,,,,,,,,,,,,2688117.01,,,,,,,,,,,,,10571777,,,,,,,,,,,,,,,,
2025-06-28,,,,,,,,,,955.21,,,,,,,,,,,,,739.42,,,,,,,,,,,,,2682535.27,,,,,,,,,,,,,10520971,,,,,,,,,,,,,,,,
2025-06-29,,,,,398488.79,4267,93.3885141785798,,,951.97,,,,,,,,402706.59,4855,82.94677445932028,,,734.47,,,,,,,,115291.44,1134,101.6679365079365,,,2677350.47,,,,,,,,,,,,,10479026,,,,,,,,,,,,,,,,
2025-06-30,737,154.03,51.94,11.92,,,,177,1.53,974.59,292589.71,5.7407,64.0182,478,190.29,19.67,17.21,,,,223,1.8,727.55,,48.5775,58.377,801,240.7,17.7,31.39,,,,185,1.7,2667861.78,152390.69,21.4408,13.5733,686,166.69,6.41,25.27,88.57,8944,0.009902728085868,159,1.8,10458481,48.09,7.7755,32.6532,4.5,,3.4,4.6,2.6,3.06,70.6,96.1,88.89999999999999,0.1,-0.1,-0.1,0.1
2025-07-01,,,,,,,,,,971.02,,,,,,,,,,,,,730.13,,,,,,,,,,,,,2662381.11,,,,,,,,,,,,,10461464,,,,,,,,,,,,,,,,
2025-07-02,,,,,,,,,,970.03,,,,,,,,,,,,,730.67,,,,,,,,,,,,,2757157.02,,,,,,,,,,,,,10458339,,,,,,,,,,,,,,,,
2025-07-03,,,,,,,,,,968.93,,,,,,,,,,,,,732.96,,,,,,,,,,,,,2740244.66,,,,,,,,,,,,,10440356,,,,,,,,,,,,,,,,
2025-07-04,,,,,,,,,,977.3,,,,,,,,,,,,,731.91,,,,,,,,,,,,,2734025.71,,,,,,,,,,,,,10450137,,,,,,,,,,,,,,,,
2025-07-05,,,,,,,,,,967.54,,,,,,,,,,,,,730.94,,,,,,,,,,,,,2729033.46,,,,,,,,,,,,,10426953,,,,,,,,,,,,,,,,
2025-07-06,,,,,274876.36,2930,93.81445733788397,,,966.19,,,,,,,,365289.68,4360,83.7820366972477,,,728.94,,,,,,,,117815.58,1172,100.52523890784983,,,2725960.83,,,,,,,,,,,,,10414352,,,,,,,,,,,,,,,,
2025-07-07,,153.58,,12.13,,,,,,967.19,,,,,191.17,,17.15,,,,,,729.94,,,,,238.84,,29.98,,,,,,2718979.16,,,,,166.66,,25.94,,,,,,10440317,,,,,,,,,,,,,,,,
2025-07-08,,,,,,,,,,966.04,,,,,,,,,,,,,729.54,,,,,,,,,,,,,2740507.87,,,,,,,,,,,,,10440521,,,,,,,,,,,,,,,,
2025-07-09,,,,,,,,,,965.87,,,,,,,,,,,,,730.07,,,,,,,,,,,,,2737801.75,,,,,,,,,,,,,10482369,,,,,,,,,,,,,,,,
2025-07-10,,,,,,,,,,976.11,,,,,,,,,,,,,731.2,,,,,,,,,,,,,2729996.81,,,,,,,,,,,,,10481380,,,,,,,,,,,,,,,,
2025-07-11,,,,,,,,,,969.27,,,,,,,,,,,,,732.79,,,,,,,,,,,,,2756242.29,,,,,,,,,,,,,10511891,,,,,,,,,,,,,,,,
2025-07-12,,,,,,,,,,968.1,,,,,,,,,,,,,733.01,,,,,,,,,,,,,2752527.51,,,,,,,,,,,,,10490630,,,,,,,,,,,,,,,,
2025-07-13,,,,,258143.45,2779,92.89077006117309,,,964.47,,,,,,,,377118.11,4385,86.00184948688711,,,732.71,,,,,,,,112554.15,1121,100.40512934879571,,,2749328.15,,,,,,,,,,,,,10477235,,,,,,,,,,,,,,,,
2025-07-14,,152.98,,12.01,,,,,,967.39,,,,,190.98,,15.56,,,,,,732.45,,,,,238.45,,32.17,,,,,,2771108.33,,,,,165.48,,24.07,,,,,,10478369,,,,,,,,,,,,,,,,
2025-07-15,,,,,,,,,,967.47,,,,,,,,,,,,,733.91,,,,,,,,,,,,,2744651.02,,,,,,,,,,,,,10486676,,,,,,,,,,,,,,,,
2025-07-16,,,,,,,,,,966.92,,,,,,,,,,,,,736.03,,,,,,,,,,,,,2739335.84,,,,,,,,,,,,,10526769,,,,,,,,,,,,,,,,
2025-07-17,,,,,,,,,,965.51,,,,,,,,,,,,,741.31,,,,,,,,,,,,,2735614.67,,,,,,,,,,,,,10538765,,,,,,,,,,,,,,,,
2025-07-18,,,,,,,,,,969.29,,,,,,,,,,,,,739.98,,,,,,,,,,,,,2725131.85,,,,,,,,,,,,,10525800,,,,,,,,,,,,,,,,
2025-07-19,,,,,,,,,,968.36,,,,,,,,,,,,,738.65,,,,,,,,,,,,,2718228.71,,,,,,,,,,,,,10505815,,,,,,,,,,,,,,,,
2025-07-20,,,,,263441.61,2883,91.37759625390218,,,969.47,,,,,,,,374013.94,4447,84.10477625365415,,,737.39,,,,,,,,106509.05,1074,99.17043761638733,,,2714613.19,,,,,,,,,,,,,10492925,,,,,,,,,,,,,,,,
2025-07-21,,152.66,,12.09,,,,,,966.67,,,,,190.42,,15.55,,,,,,737.06,,,,,237.54,,28.83,,,,,,2709840.04,,,,,164.82,,22.4,,,,,,10502002,,,,,,,,,,,,,,,,
2025-07-22,,,,,,,,,,964.52,,,,,,,,,,,,,738.44,,,,,,,,,,,,,2758816.69,,,,,,,,,,,,,10507932,,,,,,,,,,,,,,,,
2025-07-23,,,,,,,,,,963.38,,,,,,,,,,,,,743.24,,,,,,,,,,,,,2770069.27,,,,,,,,,,,,,10533735,,,,,,,,,,,,,,,,
2025-07-24,,,,,,,,,,962.59,,,,,,,,,,,,,742.3,,,,,,,,,,,,,2769615.38,,,,,,,,,,,,,10518106,,,,,,,,,,,,,,,,
2025-07-25,,,,,,,,,,963.86,,,,,,,,,,,,,740.9,,,,,,,,,,,,,2870759.57,,,,,,,,,,,,,10511811,,,,,,,,,,,,,,,,
2025-07-26,,,,,,,,,,962.88,,,,,,,,,,,,,738.74,,,,,,,,,,,,,2866256.83,,,,,,,,,,,,,10493518,,,,,,,,,,,,,,,,
2025-07-27,,,,,276902.83,3060,90.49112091503268,,,962.01,,,,,,,,394564.83,4756,82.96148654331371,,,737.36,,,,,,,,95208.8,947,100.53727560718058,,,2863918.78,,,,,,,,,,,,,10479707,,,,,,,,,,,,,,,,
2025-07-28,,152.27,,11.67,,,,,,960.56,,,,,190.61,,15.55,,,,,,736.27,,,,,237.19,,30.85,,,,,,2859245.85,,,,,165.01,,19.11,,,,,,10462971,,,,,,,,,,,,,,,,
2025-07-29,,,,,,,,,,962.32,,,,,,,,,,,,,738.98,,,,,,,,,,,,,2854785.18,,,,,,,,,,,,,10498334,,,,,,,,,,,,,,,,
2025-07-30,,,,,,,,,,964.16,,,,,,,,,,,,,738.9,,,,,,,,,,,,,2851314.12,,,,,,,,,,,,,10507389,,,,,,,,,,,,,,,,
2025-07-31,726,,51.8,,,,,180,1.58,960.75,196043.94,10.0223,9.3544,470,,18.26,,,,,225,1.85,736.49,,23.7147,48.5775,792,,14.72,,,,,183,1.71,2907861.77,169509.15,19.6074,15.4742,678,,6.05,,93.86,9685,0.009691275167785,163,1.87,10488866,51.6,4.0539,7.7755,,,,,2.6,,72.8,98.1,89.9,0,0.4,-0.1,0.1
2025-08-01,,,,,,,,,,957.32,,,,,,,,,,,,,735.88,,,,,,,,,,,,,2904174.77,,,,,,,,,,,,,10467901,,,,,,,,,,,,,,,,
2025-08-02,,,,,,,,,,960.64,,,,,,,,,,,,,735.12,,,,,,,,,,,,,2902563.66,,,,,,,,,,,,,10446016,,,,,,,,,,,,,,,,
2025-08-03,,,,,282757,3052,92.64646133682831,,,959.75,,,,,,,,345158.54,4204,82.1024119885823,,,734.58,,,,,,,,93690.18,932,100.52594420600859,,,2899945.76,,,,,,,,,,,,,10437136,,,,,,,,,,,,,,,,
2025-08-04,,151.83,,12.29,,,,,,959.06,,,,,190.85,,15.67,,,,,,736.63,,,,,236.72,,30.22,,,,,,2897268.17,,,,,163.72,,19.7,,,,,,10438210,,,,,,,,,,,,,,,,
2025-08-05,,,,,,,,,,958.47,,,,,,,,,,,,,736.81,,,,,,,,,,,,,2890477.3,,,,,,,,,,,,,10463055,,,,,,,,,,,,,,,,
2025-08-06,,,,,,,,,,960.76,,,,,,,,,,,,,735.32,,,,,,,,,,,,,2875491.01,,,,,,,,,,,,,10474031,,,,,,,,,,,,,,,,
2025-08-07,,,,,,,,,,947.9,,,,,,,,,,,,,734.72,,,,,,,,,,,,,2878757.95,,,,,,,,,,,,,10519263,,,,,,,,,,,,,,,,
2025-08-08,,,,,,,,,,949.24,,,,,,,,,,,,,733.55,,,,,,,,,,,,,2917482.39,,,,,,,,,,,,,10553228,,,,,,,,,,,,,,,,
2025-08-09,,,,,,,,,,948.34,,,,,,,,,,,,,732.45,,,,,,,,,,,,,2914771.79,,,,,,,,,,,,,10531944,,,,,,,,,,,,,,,,
2025-08-10,,,,,247334.96,2704,91.47002958579881,,,947.33,,,,,,,,348082.23,4196,82.95572688274547,,,731.91,,,,,,,,99003.22,979,101.12688457609806,,,2917937.15,,,,,,,,,,,,,10522457,,,,,,,,,,,,,,,,
2025-08-11,,151.67,,12.72,,,,,,946.78,,,,,190.4,,15.88,,,,,,731.68,,,,,235.59,,31,,,,,,2911522.66,,,,,163.99,,17.2,,,,,,10529582,,,,,,,,,,,,,,,,
2025-08-12,,,,,,,,,,944.56,,,,,,,,,,,,,731.44,,,,,,,,,,,,,2937628.74,,,,,,,,,,,,,10513526,,,,,,,,,,,,,,,,
2025-08-13,,,,,,,,,,943.7,,,,,,,,,,,,,731.32,,,,,,,,,,,,,2936259.38,,,,,,,,,,,,,10517203,,,,,,,,,,,,,,,,
2025-08-14,,,,,,,,,,938.41,,,,,,,,,,,,,733.98,,,,,,,,,,,,,2939815.19,,,,,,,,,,,,,10549657,,,,,,,,,,,,,,,,
2025-08-15,,,,,,,,,,955.09,,,,,,,,,,,,,739.03,,,,,,,,,,,,,2945899.41,,,,,,,,,,,,,10563702,,,,,,,,,,,,,,,,
2025-08-16,,,,,,,,,,947.83,,,,,,,,,,,,,738.01,,,,,,,,,,,,,2945061.9,,,,,,,,,,,,,10544730,,,,,,,,,,,,,,,,
2025-08-17,,,,,285059.06,3082,92.49158338741077,,,946.83,,,,,,,,352630.51,4328,81.47655036968577,,,737.37,,,,,,,,97456.95,984,99.04161585365854,,,2932729.57,,,,,,,,,,,,,10533980,,,,,,,,,,,,,,,,
2025-08-18,,151.34,,13.13,,,,,,951.22,,,,,190.15,,17.45,,,,,,736.6,,,,,234.76,,29.37,,,,,,2931199.73,,,,,162.45,,17.71,,,,,,10530341,,,,,,,,,,,,,,,,
2025-08-19,,,,,,,,,,952.36,,,,,,,,,,,,,735.75,,,,,,,,,,,,,3295095.04,,,,,,,,,,,,,10522494,,,,,,,,,,,,,,,,
2025-08-20,,,,,,,,,,950.57,,,,,,,,,,,,,736.4,,,,,,,,,,,,,3287363.8,,,,,,,,,,,,,10560852,,,,,,,,,,,,,,,,
2025-08-21,,,,,,,,,,950.49,,,,,,,,,,,,,735.33,,,,,,,,,,,,,3282385.63,,,,,,,,,,,,,10535419,,,,,,,,,,,,,,,,
2025-08-22,,,,,,,,,,950.44,,,,,,,,,,,,,735.2,,,,,,,,,,,,,3261269.39,,,,,,,,,,,,,10584234,,,,,,,,,,,,,,,,
2025-08-23,,,,,,,,,,949.31,,,,,,,,,,,,,733.83,,,,,,,,,,,,,3257908.03,,,,,,,,,,,,,10565192,,,,,,,,,,,,,,,,
2025-08-24,,,,,317833.77,3369,94.3406856634016,,,948.17,,,,,,,,364019.53,4335,83.97220991926183,,,734.68,,,,,,,,104790.65,1042,100.56684261036469,,,3254163.35,,,,,,,,,,,,,10551355,,,,,,,,,,,,,,,,
2025-08-25,,151.01,,12.52,,,,,,945.54,,,,,189.94,,16.61,,,,,,734.42,,,,,233.43,,27.8,,,,,,3220660.24,,,,,161.27,,17.15,,,,,,10542949,,,,,,,,,,,,,,,,
2025-08-26,,,,,,,,,,944.44,,,,,,,,,,,,,733.5,,,,,,,,,,,,,3216568.34,,,,,,,,,,,,,10562567,,,,,,,,,,,,,,,,
2025-08-27,,,,,,,,,,943.57,,,,,,,,,,,,,732.21,,,,,,,,,,,,,3214817.81,,,,,,,,,,,,,10600951,,,,,,,,,,,,,,,,
2025-08-28,,,,,,,,,,941.78,,,,,,,,,,,,,731.72,,,,,,,,,,,,,3293835.56,,,,,,,,,,,,,10609648,,,,,,,,,,,,,,,,
2025-08-29,,,,,,,,,,947.04,,,,,,,,,,,,,731.76,,,,,,,,,,,,,3373403.36,,,,,,,,,,,,,10614964,,,,,,,,,,,,,,,,
2025-08-30,,,,,,,,,,951.94,,,,,,,,,,,,,728.27,,,,,,,,,,,,,3366070.31,,,,,,,,,,,,,10588046,,,,,,,,,,,,,,,,
2025-08-31,713,,50,,319134.67,3524,90.56034903518729,177,1.59,949.12,177160.63,9.129,3.68,462,,17.47,,408285.19,4986,81.88631969514641,226,1.89,731.93,,0,0,784,,15.45,,99279.32,1031,96.29419980601358,186,1.75,3360689.06,291710.03,0,25.574,666,,6,,78.75,8258,0.00953620731412,161,1.88,10571851,41.68,3.1009,0,,,,,2.6,,74.9,98,90.1,-0.4,0,-0.1,0
2025-09-01,,150.74,,12.11,,,,,,954.84,,,,,188.84,,17.52,,,,,,731.55,,,,,233.67,,28.92,,,,,,3337951.15,,,,,160.78,,16.67,,,,,,10566203,,,,,,,,,,,,,,,,
2025-09-02,,,,,,,,,,953.98,,,,,,,,,,,,,734.97,,,,,,,,,,,,,3327227.73,,,,,,,,,,,,,10558866,,,,,,,,,,,,,,,,
2025-09-03,,,,,,,,,,953.23,,,,,,,,,,,,,735.73,,,,,,,,,,,,,3300028.32,,,,,,,,,,,,,10574872,,,,,,,,,,,,,,,,
2025-09-04,,,,,,,,,,953.29,,,,,,,,,,,,,735.96,,,,,,,,,,,,,3297398.23,,,,,,,,,,,,,10590702,,,,,,,,,,,,,,,,
2025-09-05,,,,,,,,,,951.81,,,,,,,,,,,,,738.84,,,,,,,,,,,,,3289432.94,,,,,,,,,,,,,10624804,,,,,,,,,,,,,,,,
2025-09-06,,,,,,,,,,947.01,,,,,,,,,,,,,737.84,,,,,,,,,,,,,3284975.2,,,,,,,,,,,,,10610687,,,,,,,,,,,,,,,,
2025-09-07,,,,,241871.64,2617,92.42324799388614,,,942.71,,,,,,,,365256.65,4416,82.71210371376812,,,737.19,,,,,,,,99731.82,992,100.53610887096774,,,3278609.58,,,,,,,,,,,,,10599415,,,,,,,,,,,,,,,,
2025-09-08,,149.99,,11.31,,,,,,941.31,,,,,189.79,,17.1,,,,,,742.58,,,,,234.44,,32.65,,,,,,3246644.18,,,,,164.14,,18.82,,,,,,10583117,,,,,,,,,,,,,,,,
2025-09-09,,,,,,,,,,940.75,,,,,,,,,,,,,743.08,,,,,,,,,,,,,3241422.76,,,,,,,,,,,,,10583843,,,,,,,,,,,,,,,,
2025-09-10,,,,,,,,,,939.87,,,,,,,,,,,,,741.88,,,,,,,,,,,,,3253083.7,,,,,,,,,,,,,10595029,,,,,,,,,,,,,,,,
2025-09-11,,,,,,,,,,942.56,,,,,,,,,,,,,745.45,,,,,,,,,,,,,3254580.63,,,,,,,,,,,,,10623999,,,,,,,,,,,,,,,,
2025-09-12,,,,,,,,,,943.28,,,,,,,,,,,,,747.45,,,,,,,,,,,,,3271481.35,,,,,,,,,,,,,10656471,,,,,,,,,,,,,,,,
2025-09-13,,,,,,,,,,966.11,,,,,,,,,,,,,745.72,,,,,,,,,,,,,3268238.94,,,,,,,,,,,,,10639442,,,,,,,,,,,,,,,,
2025-09-14,,,,,297861.67,3308,90.04282648125756,,,965.24,,,,,,,,391088.61,4794,81.57876720901126,,,744.18,,,,,,,,118107.4,1177,100.34613423959219,,,3260027.1,,,,,,,,,,,,,10631543,,,,,,,,,,,,,,,,
2025-09-15,,149.95,,11.1,,,,,,964.34,,,,,189.16,,16.86,,,,,,744.28,,,,,233.01,,31.6,,,,,,3256032.22,,,,,163.87,,17.73,,,,,,10598348,,,,,,,,,,,,,,,,
2025-09-16,,,,,,,,,,967.87,,,,,,,,,,,,,745.83,,,,,,,,,,,,,3247267.95,,,,,,,,,,,,,10663512,,,,,,,,,,,,,,,,
2025-09-17,,,,,,,,,,966.73,,,,,,,,,,,,,749.89,,,,,,,,,,,,,3237866.45,,,,,,,,,,,,,10638566,,,,,,,,,,,,,,,,
2025-09-18,,,,,,,,,,965.99,,,,,,,,,,,,,754.97,,,,,,,,,,,,,3233228.16,,,,,,,,,,,,,10662550,,,,,,,,,,,,,,,,
2025-09-19,,,,,,,,,,964.65,,,,,,,,,,,,,758.99,,,,,,,,,,,,,3257047.8,,,,,,,,,,,,,10743111,,,,,,,,,,,,,,,,
2025-09-20,,,,,,,,,,,,,,,,,,,,,,,757.05,,,,,,,,,,,,,3253553.69,,,,,,,,,,,,,10722640,,,,,,,,,,,,,,,,
2025-09-21,,,,,331358.46,3696,89.653262987013,,,964.51,,,,,,,,422370.25,5021,84.1207428799044,,,755.35,,,,,,,,114866.12,1188,96.6886531986532,,,3240993.85,,,,,,,,,,,,,10706308,,,,,,,,,,,,,,,,
2025-09-22,,149.4,,10.7,,,,,,963.63,,,,,188.88,,16.88,,,,,,753.72,,,,,231.82,,33.75,,,,,,3240337.6,,,,,163.11,,17.45,,,,,,10710227,,,,,,,,,,,,,,,,
2025-09-23,,,,,,,,,,961.43,,,,,,,,,,,,,752.86,,,,,,,,,,,,,3248479.49,,,,,,,,,,,,,10767777,,,,,,,,,,,,,,,,
2025-09-24,,,,,,,,,,961.54,,,,,,,,,,,,,750.18,,,,,,,,,,,,,3248504.61,,,,,,,,,,,,,10767524,,,,,,,,,,,,,,,,
2025-09-25,,,,,,,,,,962.64,,,,,,,,,,,,,750.47,,,,,,,,,,,,,3266149.58,,,,,,,,,,,,,10781374,,,,,,,,,,,,,,,,
2025-09-26,,,,,,,,,,972.84,,,,,,,,,,,,,750.47,,,,,,,,,,,,,3297904.21,,,,,,,,,,,,,10858206,,,,,,,,,,,,,,,,
2025-09-27,,,,,,,,,,979.88,,,,,,,,,,,,,745.98,,,,,,,,,,,,,3291868.62,,,,,,,,,,,,,10857570,,,,,,,,,,,,,,,,
2025-09-28,,,,,406185.93,4532,89.62619814651369,,,980.89,,,,,,,,419146.83,4931,85.00239910768607,,,745.38,,,,,,,,94314.08,966,97.63362318840579,,,3297032.31,,,,,,,,,,,,,10868440,,,,,,,,,,,,,,,,
2025-09-29,,149.35,,10.5,,,,,,978.8,,,,,187.92,,18.1,,,,,,746.09,,,,,230.75,,31.9,,,,,,3324841.39,,,,,164.12,,17.28,,,,,,10958675,,,,,,,,,,,,,,,,
2025-09-30,698,,49.71,,,,,176,1.61,981,577627.72,24.2496,15.4714,455,,21.47,,,,,222,1.89,748.81,,34.9439,23.7147,772,,20.02,,,,,184,1.76,3332655.84,268159.33,2.5719,0,657,,7.45,,74.12,7865,0.00942403051494,158,1.87,11018942,66.48,40.5849,3.1009,4.2,,3.3,4.3,2.6,3.06,72.4,97.8,89.5,-0.3,0.1,0,0
2025-10-01,,,,,,,,,,979.68,,,,,,,,,,,,,750.78,,,,,,,,,,,,,3327457.39,,,,,,,,,,,,,11006430,,,,,,,,,,,,,,,,
2025-10-02,,,,,,,,,,974.59,,,,,,,,,,,,,750.59,,,,,,,,,,,,,3326144.21,,,,,,,,,,,,,10996896,,,,,,,,,,,,,,,,
2025-10-03,,,,,,,,,,973.91,,,,,,,,,,,,,750.38,,,,,,,,,,,,,3322735.89,,,,,,,,,,,,,10991817,,,,,,,,,,,,,,,,
2025-10-04,,,,,,,,,,973.35,,,,,,,,,,,,,750.27,,,,,,,,,,,,,3323255.74,,,,,,,,,,,,,11003158,,,,,,,,,,,,,,,,
2025-10-05,,,,,159081.9,1767,90.02937181663837,,,972.71,,,,,,,,137744.58,1689,81.55392539964475,,,750.13,,,,,,,,40336.81,402,100.34032338308458,,,3323348.74,,,,,,,,,,,,,10996212,,,,,,,,,,,,,,,,
2025-10-06,,148.74,,10.42,,,,,,972.21,,,,,187.58,,15.66,,,,,,750.05,,,,,229.78,,30.16,,,,,,3320759.2,,,,,162.37,,17.17,,,,,,10992372,,,,,,,,,,,,,,,,
2025-10-07,,,,,,,,,,970.97,,,,,,,,,,,,,749.58,,,,,,,,,,,,,3317576.4,,,,,,,,,,,,,10986275,,,,,,,,,,,,,,,,
2025-10-08,,,,,,,,,,970.59,,,,,,,,,,,,,748.9,,,,,,,,,,,,,3316747.46,,,,,,,,,,,,,10976129,,,,,,,,,,,,,,,,
2025-10-09,,,,,,,,,,969.21,,,,,,,,,,,,,748.15,,,,,,,,,,,,,3335650.51,,,,,,,,,,,,,10961820,,,,,,,,,,,,,,,,
2025-10-10,,,,,,,,,,967.76,,,,,,,,,,,,,749.48,,,,,,,,,,,,,3330585.68,,,,,,,,,,,,,11007661,,,,,,,,,,,,,,,,
2025-10-11,,,,,,,,,,963.39,,,,,,,,,,,,,750.26,,,,,,,,,,,,,3400992.33,,,,,,,,,,,,,11007892,,,,,,,,,,,,,,,,
2025-10-12,,,,,146376.88,1656,88.39183574879227,,,958.23,,,,,,,,325111.8,3973,81.83030455575133,,,748.58,,,,,,,,73859.7,740,99.8104054054054,,,3380729.35,,,,,,,,,,,,,10959998,,,,,,,,,,,,,,,,
2025-10-13,,147.66,,10.03,,,,,,958.94,,,,,187.31,,16.13,,,,,,746.91,,,,,229.72,,31.18,,,,,,3341088.55,,,,,162.43,,17.45,,,,,,10938072,,,,,,,,,,,,,,,,
2025-10-14,,,,,,,,,,958.23,,,,,,,,,,,,,746.66,,,,,,,,,,,,,3333360.96,,,,,,,,,,,,,10913115,,,,,,,,,,,,,,,,
2025-10-15,,,,,,,,,,957.47,,,,,,,,,,,,,745.63,,,,,,,,,,,,,3372395.57,,,,,,,,,,,,,10919830,,,,,,,,,,,,,,,,
2025-10-16,,,,,,,,,,952.97,,,,,,,,,,,,,745.92,,,,,,,,,,,,,3367665.81,,,,,,,,,,,,,10909773,,,,,,,,,,,,,,,,
2025-10-17,,,,,,,,,,952.56,,,,,,,,,,,,,748.55,,,,,,,,,,,,,3363600.57,,,,,,,,,,,,,10954408,,,,,,,,,,,,,,,,
2025-10-18,,,,,,,,,,952.01,,,,,,,,,,,,,747.13,,,,,,,,,,,,,3361971.4,,,,,,,,,,,,,10959561,,,,,,,,,,,,,,,,
2025-10-19,,,,,284995.84,3198,89.11689806128831,,,950.39,,,,,,,,423596.89,5241,80.8236767792406,,,753.21,,,,,,,,120214.13,1241,96.86875906526994,,,3354788.67,,,,,,,,,,,,,10935539,,,,,,,,,,,,,,,,
2025-10-20,,147.58,,10.08,,,,,,944.88,,,,,186.66,,13.21,,,,,,752.11,,,,,228.68,,30.31,,,,,,3350212.56,,,,,161.39,,17.46,,,,,,10929624,,,,,,,,,,,,,,,,
2025-10-21,,,,,,,,,,940.14,,,,,,,,,,,,,750.83,,,,,,,,,,,,,3377154.67,,,,,,,,,,,,,10915230,,,,,,,,,,,,,,,,
2025-10-22,,,,,,,,,,937.6,,,,,,,,,,,,,750.37,,,,,,,,,,,,,3331126.66,,,,,,,,,,,,,10902789,,,,,,,,,,,,,,,,
2025-10-23,,,,,,,,,,935.1,,,,,,,,,,,,,748.67,,,,,,,,,,,,,3332916.84,,,,,,,,,,,,,10881148,,,,,,,,,,,,,,,,
2025-10-24,,,,,,,,,,931.94,,,,,,,,,,,,,754.48,,,,,,,,,,,,,3398752.32,,,,,,,,,,,,,10867226,,,,,,,,,,,,,,,,
2025-10-25,,,,,,,,,,932.57,,,,,,,,,,,,,752.59,,,,,,,,,,,,,3393985.21,,,,,,,,,,,,,10843390,,,,,,,,,,,,,,,,
2025-10-26,,,,,322271.76,3577,90.09554375174727,,,929.39,,,,,,,,420548.57,5167,81.39124637120186,,,752.23,,,,,,,,125942.82,1286,97.93376360808709,,,3393035.34,,,,,,,,,,,,,10823429,,,,,,,,,,,,,,,,
2025-10-27,,147.03,,9.89,,,,,,930.3,,,,,185.87,,14.7,,,,,,754.05,,,,,227.76,,29.08,,,,,,3323637.21,,,,,161.01,,18.83,,,,,,10693348,,,,,,,,,,,,,,,,
2025-10-28,,,,,,,,,,928.57,,,,,,,,,,,,,760.23,,,,,,,,,,,,,3315021.02,,,,,,,,,,,,,10645921,,,,,,,,,,,,,,,,
2025-10-29,,,,,,,,,,927.61,,,,,,,,,,,,,760.16,,,,,,,,,,,,,3308919.84,,,,,,,,,,,,,10629737,,,,,,,,,,,,,,,,
2025-10-30,,,,,,,,,,929.55,,,,,,,,,,,,,757.44,,,,,,,,,,,,,3334455.63,,,,,,,,,,,,,10588231,,,,,,,,,,,,,,,,
2025-10-31,685,,48.76,,,,,173,1.61,927.47,113783.71,30.6434,17.9032,445,,18.18,,,,,222,1.93,754.79,,53.2248,34.9439,768,,16.28,,,,,187,1.8,3382725.33,408250.22,0,0,644,,5.65,,59.53,6245,0.009532425940753,156,1.88,10591523,55.97,26.9089,40.5849,,,,,2.6,,75.9,96.7,89.9,0.2,0.2,-0.1,-0.1
2025-11-01,,,,,,,,,,933.58,,,,,,,,,,,,,753.85,,,,,,,,,,,,,3381307.18,,,,,,,,,,,,,10573357,,,,,,,,,,,,,,,,
2025-11-02,,,,,339008.72,3775,89.80363443708609,,,932.67,,,,,,,,448028.56,5611,79.84825521297451,,,753.17,,,,,,,,107561.32,1103,97.51706255666365,,,3377373.77,,,,,,,,,,,,,10563302,,,,,,,,,,,,,,,,
2025-11-03,,146.23,,9.99,,,,,,931.88,,,,,184.51,,16.13,,,,,,752.58,,,,,225.36,,27.95,,,,,,3370409.97,,,,,160.23,,20.53,,,,,,10680489,,,,,,,,,,,,,,,,
2025-11-04,,,,,,,,,,921.96,,,,,,,,,,,,,752.13,,,,,,,,,,,,,3372631.59,,,,,,,,,,,,,10675385,,,,,,,,,,,,,,,,
2025-11-05,,,,,,,,,,919.8,,,,,,,,,,,,,758.45,,,,,,,,,,,,,3353743.52,,,,,,,,,,,,,10697587,,,,,,,,,,,,,,,,
2025-11-06,,,,,,,,,,916.49,,,,,,,,,,,,,759.63,,,,,,,,,,,,,3374696.04,,,,,,,,,,,,,10758560,,,,,,,,,,,,,,,,
2025-11-07,,,,,,,,,,917.74,,,,,,,,,,,,,756.07,,,,,,,,,,,,,3346603.05,,,,,,,,,,,,,10865457,,,,,,,,,,,,,,,,
2025-11-08,,,,,,,,,,916.76,,,,,,,,,,,,,757.84,,,,,,,,,,,,,3341427.7,,,,,,,,,,,,,10845419,,,,,,,,,,,,,,,,
2025-11-09,,,,,287316.01,3174,90.5217422810334,,,916.04,,,,,,,,408969.35,5138,79.59699299338264,,,757.02,,,,,,,,108715.51,1108,98.11869133574007,,,3339752.8,,,,,,,,,,,,,10825768,,,,,,,,,,,,,,,,
2025-11-10,,146.21,,9.42,,,,,,916.3,,,,,184.04,,15.4,,,,,,756.97,,,,,224.63,,27.04,,,,,,3338438.13,,,,,159.17,,18.9,,,,,,10823913,,,,,,,,,,,,,,,,
2025-11-11,,,,,,,,,,916.62,,,,,,,,,,,,,756.15,,,,,,,,,,,,,3326780.94,,,,,,,,,,,,,10817523,,,,,,,,,,,,,,,,
2025-11-12,,,,,,,,,,917.37,,,,,,,,,,,,,754.8,,,,,,,,,,,,,3321794.81,,,,,,,,,,,,,10810523,,,,,,,,,,,,,,,,
2025-11-13,,,,,,,,,,916.64,,,,,,,,,,,,,759.21,,,,,,,,,,,,,3296893.47,,,,,,,,,,,,,10799562,,,,,,,,,,,,,,,,
2025-11-14,,,,,,,,,,915.52,,,,,,,,,,,,,757.97,,,,,,,,,,,,,3240733.38,,,,,,,,,,,,,10818248,,,,,,,,,,,,,,,,
2025-11-15,,,,,,,,,,914.19,,,,,,,,,,,,,758.13,,,,,,,,,,,,,3234626.65,,,,,,,,,,,,,10796324,,,,,,,,,,,,,,,,
2025-11-16,,,,,318247.56,3533,90.07856212850268,,,902.68,,,,,,,,428283.79,5318,80.53474802557352,,,757.78,,,,,,,,117159.62,1201,97.55172356369692,,,3229581.96,,,,,,,,,,,,,10779859,,,,,,,,,,,,,,,,
2025-11-17,,146.04,,9.4,,,,,,909.05,,,,,183.6,,14.49,,,,,,758.44,,,,,224.33,,26.06,,,,,,3198629.45,,,,,158.62,,16.33,,,,,,10779383,,,,,,,,,,,,,,,,
2025-11-18,,,,,,,,,,906.6,,,,,,,,,,,,,759.44,,,,,,,,,,,,,3186702.42,,,,,,,,,,,,,10762461,,,,,,,,,,,,,,,,
2025-11-19,,,,,,,,,,910.2,,,,,,,,,,,,,758.35,,,,,,,,,,,,,3165482.78,,,,,,,,,,,,,10740474,,,,,,,,,,,,,,,,
2025-11-20,,,,,,,,,,911.08,,,,,,,,,,,,,761.58,,,,,,,,,,,,,3162332.68,,,,,,,,,,,,,10746367,,,,,,,,,,,,,,,,
2025-11-21,,,,,,,,,,,,,,,,,,,,,,,763.31,,,,,,,,,,,,,3143734.94,,,,,,,,,,,,,10777269,,,,,,,,,,,,,,,,
2025-11-22,,,,,,,,,,910.46,,,,,,,,,,,,,761.57,,,,,,,,,,,,,3135387.05,,,,,,,,,,,,,10755870,,,,,,,,,,,,,,,,
2025-11-23,,,,,300364.05,3386,88.70763437684583,,,909.78,,,,,,,,408597.11,4959,82.39506150433556,,,760.55,,,,,,,,111045.88,1119,99.23671134941912,,,3125792.55,,,,,,,,,,,,,10736316,,,,,,,,,,,,,,,,
2025-11-24,,145.72,,10.37,,,,,,901.7,,,,,183.31,,16.9,,,,,,759.87,,,,,224.91,,25.8,,,,,,3107531.74,,,,,157.85,,17.01,,,,,,10753097,,,,,,,,,,,,,,,,
2025-11-25,,,,,,,,,,915.05,,,,,,,,,,,,,759.05,,,,,,,,,,,,,3240387.37,,,,,,,,,,,,,10753394,,,,,,,,,,,,,,,,
2025-11-26,,,,,,,,,,914.31,,,,,,,,,,,,,762.43,,,,,,,,,,,,,3233452.94,,,,,,,,,,,,,10732847,,,,,,,,,,,,,,,,
2025-11-27,,,,,,,,,,932.74,,,,,,,,,,,,,760.61,,,,,,,,,,,,,3312384.18,,,,,,,,,,,,,10757301,,,,,,,,,,,,,,,,
2025-11-28,,,,,,,,,,930.38,,,,,,,,,,,,,762.76,,,,,,,,,,,,,3295169.32,,,,,,,,,,,,,10768200,,,,,,,,,,,,,,,,
2025-11-29,,,,,,,,,,929.03,,,,,,,,,,,,,761.58,,,,,,,,,,,,,3293718.43,,,,,,,,,,,,,10738006,,,,,,,,,,,,,,,,
2025-11-30,672,,48.32,,373080.2,4157,89.74746211210007,172,1.64,927.82,429915.74,19.9711,36.9898,436,,14.89,,450005.16,5557,80.97987403275148,220,1.95,757.9,252059.7,0,53.2248,760,,12.99,,96206.61,1007,95.53784508440914,187,1.82,3291499.75,98967.87,12.3501,0,632,,5.12,,82.71,8579,0.009640983797645,152,1.87,10720023,63.15,191.7261,15.6177,,,,,2.6,,76.7,98.5,91.2,0.7,-0.1,-0.2,-0.2
2025-12-01,,144.73,,10.26,,,,,,922.72,,,,,181.4,,16.9,,,,,,759.68,,,,,225.32,,23,,,,,,3300925.65,,,,,156.57,,17.38,,,,,,10736700,,,,,,,,,,,,,,,,
2025-12-02,,,,,,,,,,923.69,,,,,,,,,,,,,759.7,,,,,,,,,,,,,3260734.61,,,,,,,,,,,,,10739358,,,,,,,,,,,,,,,,
2025-12-03,,,,,,,,,,924.27,,,,,,,,,,,,,759.99,,,,,,,,,,,,,3252509.46,,,,,,,,,,,,,10748437,,,,,,,,,,,,,,,,
2025-12-04,,,,,,,,,,918.63,,,,,,,,,,,,,760.58,,,,,,,,,,,,,3203363.84,,,,,,,,,,,,,10738069,,,,,,,,,,,,,,,,
2025-12-05,,,,,,,,,,922.24,,,,,,,,,,,,,761.78,,,,,,,,,,,,,3234870.52,,,,,,,,,,,,,10778516,,,,,,,,,,,,,,,,
2025-12-06,,,,,,,,,,921.04,,,,,,,,,,,,,760.22,,,,,,,,,,,,,3235153.65,,,,,,,,,,,,,10761091,,,,,,,,,,,,,,,,
2025-12-07,,,,,272884.4,2948,92.56594301221168,,,920.31,,,,,,,,398874.32,4901,81.38631299734747,,,759.6,,,,,,,,110008.19,1104,99.64509963768116,,,3229442.83,,,,,,,,,,,,,10748187,,,,,,,,,,,,,,,,
2025-12-08,,144.54,,11.28,,,,,,920.59,,,,,180.07,,15.62,,,,,,759.09,,,,,225.07,,25.56,,,,,,3224346.75,,,,,156,,17.45,,,,,,10722561,,,,,,,,,,,,,,,,
2025-12-09,,,,,,,,,,923.64,,,,,,,,,,,,,763.2,,,,,,,,,,,,,3214562.87,,,,,,,,,,,,,10708781,,,,,,,,,,,,,,,,
2025-12-10,,,,,,,,,,922.82,,,,,,,,,,,,,762.37,,,,,,,,,,,,,3237879.05,,,,,,,,,,,,,10686072,,,,,,,,,,,,,,,,
2025-12-11,,,,,,,,,,922.12,,,,,,,,,,,,,762.86,,,,,,,,,,,,,3275965.49,,,,,,,,,,,,,10679976,,,,,,,,,,,,,,,,
2025-12-12,,,,,,,,,,,,,,,,,,,,,,,764.46,,,,,,,,,,,,,3240986.28,,,,,,,,,,,,,10702056,,,,,,,,,,,,,,,,
2025-12-13,,,,,,,,,,915.1,,,,,,,,,,,,,763.38,,,,,,,,,,,,,3237895.15,,,,,,,,,,,,,10693010,,,,,,,,,,,,,,,,
2025-12-14,,,,,315677.53,3555,88.7981800281294,,,914.18,,,,,,,,418105.03,5221,80.08140777628806,,,762.68,,,,,,,,113720.64,1117,101.80898836168308,,,3232341.29,,,,,,,,,,,,,10677091,,,,,,,,,,,,,,,,
2025-12-15,,144.05,,10.87,,,,,,913.56,,,,,180.09,,15.6,,,,,,762.25,,,,,224.08,,25.24,,,,,,3252319.63,,,,,157.42,,17.61,,,,,,10633608,,,,,,,,,,,,,,,,
2025-12-16,,,,,,,,,,918.37,,,,,,,,,,,,,761.95,,,,,,,,,,,,,3306229.67,,,,,,,,,,,,,10626027,,,,,,,,,,,,,,,,
2025-12-17,,,,,,,,,,919.1,,,,,,,,,,,,,764.21,,,,,,,,,,,,,3336676.64,,,,,,,,,,,,,10603028,,,,,,,,,,,,,,,,
2025-12-18,,,,,,,,,,918.12,,,,,,,,,,,,,770.41,,,,,,,,,,,,,3332002.7,,,,,,,,,,,,,10634566,,,,,,,,,,,,,,,,
2025-12-19,,,,,,,,,,922.59,,,,,,,,,,,,,777.2,,,,,,,,,,,,,3328675.21,,,,,,,,,,,,,10663778,,,,,,,,,,,,,,,,
2025-12-20,,,,,,,,,,921.37,,,,,,,,,,,,,776.06,,,,,,,,,,,,,3310832.46,,,,,,,,,,,,,10639454,,,,,,,,,,,,,,,,
2025-12-21,,,,,335059.43,3741,89.56413525795242,,,920.26,,,,,,,,418564.14,5253,79.6809708737864,,,775.39,,,,,,,,124534.35,1211,102.83596201486375,,,3304733.76,,,,,,,,,,,,,10623194,,,,,,,,,,,,,,,,
2025-12-22,,144.2,,10.47,,,,,,918.78,,,,,179.84,,15.54,,,,,,774.68,,,,,222.29,,27.4,,,,,,3329486.1,,,,,156.05,,17.33,,,,,,10597742,,,,,,,,,,,,,,,,
2025-12-23,,,,,,,,,,916.8,,,,,,,,,,,,,779.85,,,,,,,,,,,,,3399878,,,,,,,,,,,,,10609819,,,,,,,,,,,,,,,,
2025-12-24,,,,,,,,,,912.22,,,,,,,,,,,,,783.4,,,,,,,,,,,,,3401530.9,,,,,,,,,,,,,10619453,,,,,,,,,,,,,,,,
2025-12-25,,,,,,,,,,912.53,,,,,,,,,,,,,783.72,,,,,,,,,,,,,3367328.34,,,,,,,,,,,,,10681594,,,,,,,,,,,,,,,,
2025-12-26,,,,,,,,,,912.96,,,,,,,,,,,,,782.43,,,,,,,,,,,,,3357814.57,,,,,,,,,,,,,10760737,,,,,,,,,,,,,,,,
2025-12-27,,,,,,,,,,910.73,,,,,,,,,,,,,780.28,,,,,,,,,,,,,3355624.06,,,,,,,,,,,,,10716636,,,,,,,,,,,,,,,,
2025-12-28,,,,,365043.65,4065,89.80163591635916,,,898.5,,,,,,,,443982.64,5437,81.65948868861504,,,778.08,,,,,,,,111196.57,1108,100.35791516245487,,,3348216.94,,,,,,,,,,,,,10695691,,,,,,,,,,,,,,,,
2025-12-29,,143.76,,10.83,,,,,,899.85,,,,,178.36,,16.49,,,,,,777.27,,,,,221.3,,27.53,,,,,,3343772.05,,,,,155.4,,17.14,,,,,,10649153,,,,,,,,,,,,,,,,
2025-12-30,,,,,,,,,,899.3,,,,,,,,,,,,,774.85,,,,,,,,,,,,,3318330.78,,,,,,,,,,,,,10628020,,,,,,,,,,,,,,,,
2025-12-31,659,,47.15,,,,,172,1.67,889.64,243396.38,20.6364,19.9711,424,,14.4,,,,,220,2.01,773.9,196707.78,32.7458,0,748,,11.95,,,,,185,1.82,3270022.21,804175.45,0,12.3501,624,,4.91,,79.52,8258,0.00962945023008,150,1.87,10616517,46.18,6.78,156.3247,4,,3.2,4.1,2.6,3.06,76.6,97.5,90.5,0.8,0.2,-0.3,-0.1
2026-01-01,,,,,,,,,,853.27,,,,,,,,,,,,,776.03,,,,,,,,,,,,,3267429.21,,,,,,,,,,,,,10605518,,,,,,,,,,,,,,,,
2026-01-02,,,,,,,,,,852.19,,,,,,,,,,,,,775.6,,,,,,,,,,,,,3289418.97,,,,,,,,,,,,,10597677,,,,,,,,,,,,,,,,
2026-01-03,,,,,,,,,,851.67,,,,,,,,,,,,,775.01,,,,,,,,,,,,,3289599.62,,,,,,,,,,,,,10589243,,,,,,,,,,,,,,,,
2026-01-04,,,,,304586.27,3389,89.87496901740927,,,855.02,,,,,,,,310015.15,3716,83.42711248654467,,,774.62,,,,,,,,85710.2,855,100.24584795321637,,,3271563.2,,,,,,,,,,,,,10605937,,,,,,,,,,,,,,,,
2026-01-05,,143.09,,11.76,,,,,,855.58,,,,,177.09,,16.02,,,,,,774.08,,,,,218.57,,28.75,,,,,,3260814.92,,,,,154.83,,18.44,,,,,,10595742,,,,,,,,,,,,,,,,
2026-01-06,,,,,,,,,,854.88,,,,,,,,,,,,,780.54,,,,,,,,,,,,,3240069.25,,,,,,,,,,,,,10575127,,,,,,,,,,,,,,,,
2026-01-07,,,,,,,,,,854.63,,,,,,,,,,,,,779.65,,,,,,,,,,,,,3233757,,,,,,,,,,,,,10565011,,,,,,,,,,,,,,,,
2026-01-08,,,,,,,,,,853.27,,,,,,,,,,,,,778.92,,,,,,,,,,,,,3234540.14,,,,,,,,,,,,,10540404,,,,,,,,,,,,,,,,
2026-01-09,,,,,,,,,,873.95,,,,,,,,,,,,,777.66,,,,,,,,,,,,,3207783.12,,,,,,,,,,,,,10553765,,,,,,,,,,,,,,,,
2026-01-10,,,,,,,,,,872.92,,,,,,,,,,,,,776.01,,,,,,,,,,,,,3195816.7,,,,,,,,,,,,,10554684,,,,,,,,,,,,,,,,
2026-01-11,,,,,262692.3,2910,90.27226804123711,,,872.05,,,,,,,,447269.29,5576,80.21328730272597,,,775.6,,,,,,,,120942.33,1214,99.62300658978583,,,3195832.9,,,,,,,,,,,,,10541299,,,,,,,,,,,,,,,,
2026-01-12,,143.31,,13.6,,,,,,871.02,,,,,178.05,,17.03,,,,,,774.76,,,,,221.14,,30.35,,,,,,3197883.63,,,,,154.6,,18.96,,,,,,10542492,,,,,,,,,,,,,,,,
2026-01-13,,,,,,,,,,877.72,,,,,,,,,,,,,774.11,,,,,,,,,,,,,3203306.79,,,,,,,,,,,,,10571639,,,,,,,,,,,,,,,,
2026-01-14,,,,,,,,,,869.8,,,,,,,,,,,,,773.24,,,,,,,,,,,,,3185705.95,,,,,,,,,,,,,10569824,,,,,,,,,,,,,,,,
2026-01-15,,,,,,,,,,867.59,,,,,,,,,,,,,772.24,,,,,,,,,,,,,3209511.9,,,,,,,,,,,,,10584286,,,,,,,,,,,,,,,,
2026-01-16,,,,,,,,,,866.48,,,,,,,,,,,,,770.93,,,,,,,,,,,,,3240778.43,,,,,,,,,,,,,10564051,,,,,,,,,,,,,,,,
2026-01-17,,,,,,,,,,865.5,,,,,,,,,,,,,769.95,,,,,,,,,,,,,3236140.32,,,,,,,,,,,,,10543291,,,,,,,,,,,,,,,,
2026-01-18,,,,,315827.94,3606,87.58400998336107,,,864.82,,,,,,,,464453.92,5706,81.39746232036453,,,769.23,,,,,,,,132804.16,1347,98.59254639940609,,,3232757.29,,,,,,,,,,,,,10531557,,,,,,,,,,,,,,,,
2026-01-19,,143.12,,14.5,,,,,,864.48,,,,,180.26,,19.13,,,,,,768.84,,,,,222.07,,31.37,,,,,,3205837.06,,,,,153.84,,18.19,,,,,,10514236,,,,,,,,,,,,,,,,
2026-01-20,,,,,,,,,,878.18,,,,,,,,,,,,,769.45,,,,,,,,,,,,,3207238.72,,,,,,,,,,,,,10519360,,,,,,,,,,,,,,,,
2026-01-21,,,,,,,,,,868.95,,,,,,,,,,,,,768.91,,,,,,,,,,,,,3199308.61,,,,,,,,,,,,,10537267,,,,,,,,,,,,,,,,
2026-01-22,,,,,,,,,,867.92,,,,,,,,,,,,,767.15,,,,,,,,,,,,,3196645.24,,,,,,,,,,,,,10509723,,,,,,,,,,,,,,,,
2026-01-23,,,,,,,,,,866.67,,,,,,,,,,,,,769.06,,,,,,,,,,,,,3206660.85,,,,,,,,,,,,,10535411,,,,,,,,,,,,,,,,
2026-01-24,,,,,,,,,,865.87,,,,,,,,,,,,,767.8,,,,,,,,,,,,,3203216.9,,,,,,,,,,,,,10546237,,,,,,,,,,,,,,,,
2026-01-25,,,,,353386.42,3906,90.47271377368152,,,865.06,,,,,,,,434741.55,5343,81.36656372824255,,,767.18,,,,,,,,139248.29,1372,101.49292274052478,,,3202291.3,,,,,,,,,,,,,10530716,,,,,,,,,,,,,,,,
2026-01-26,,143.37,,15.2,,,,,,867.52,,,,,179.01,,20.52,,,,,,767.27,,,,,223.03,,32.22,,,,,,3195240.26,,,,,154.94,,19.66,,,,,,10517388,,,,,,,,,,,,,,,,
2026-01-27,,,,,,,,,,866.66,,,,,,,,,,,,,768.13,,,,,,,,,,,,,3181993.01,,,,,,,,,,,,,10505224,,,,,,,,,,,,,,,,
2026-01-28,,,,,,,,,,869.83,,,,,,,,,,,,,768.53,,,,,,,,,,,,,3181434.25,,,,,,,,,,,,,10489993,,,,,,,,,,,,,,,,
2026-01-29,,,,,,,,,,872.63,,,,,,,,,,,,,767.6,,,,,,,,,,,,,3170040.25,,,,,,,,,,,,,10489028,,,,,,,,,,,,,,,,
2026-01-30,,,,,,,,,,897.77,,,,,,,,,,,,,772.6,,,,,,,,,,,,,3189625.56,,,,,,,,,,,,,10397427,,,,,,,,,,,,,,,,
2026-01-31,656,,53.95,,,,,169,1.64,896.49,100769.26,4.8993,0,422,,15.21,,,,,217,1.99,770.55,162253.53,0,32.7458,738,,28.53,,,,,187,1.87,3187119.11,77227.29,0,0,619,,8.92,,95.58,9830,0.009723296032553,149,1.87,10371062,32.99,70.2135,6.78,,,,,2.6,,77.2,98.4,92.1,0.2,0.2,-0.4,-0.1
2026-02-01,,,,,382180.62,4244,90.05198397737983,,,895.12,,,,,,,,451934.58,5573,81.09359052574915,,,771.21,,,,,,,,125298.09,1256,99.75962579617834,,,3187106.99,,,,,,,,,,,,,10362240,,,,,,,,,,,,,,,,
2026-02-02,,142.93,,16.07,,,,,,889.03,,,,,177.66,,23.8,,,,,,769.08,,,,,222.73,,34.31,,,,,,3184995.95,,,,,151.95,,21.24,,,,,,10354786,,,,,,,,,,,,,,,,
2026-02-03,,,,,,,,,,888.26,,,,,,,,,,,,,772.05,,,,,,,,,,,,,3164830.12,,,,,,,,,,,,,10341977,,,,,,,,,,,,,,,,
2026-02-04,,,,,,,,,,888.64,,,,,,,,,,,,,770.88,,,,,,,,,,,,,3162807.57,,,,,,,,,,,,,10293126,,,,,,,,,,,,,,,,
2026-02-05,,,,,,,,,,893.19,,,,,,,,,,,,,770,,,,,,,,,,,,,3158095.2,,,,,,,,,,,,,10269954,,,,,,,,,,,,,,,,
2026-02-06,,,,,,,,,,876.65,,,,,,,,,,,,,769.85,,,,,,,,,,,,,3147750.04,,,,,,,,,,,,,10262131,,,,,,,,,,,,,,,,
2026-02-07,,,,,,,,,,897.02,,,,,,,,,,,,,767.37,,,,,,,,,,,,,3152029.4,,,,,,,,,,,,,10246087,,,,,,,,,,,,,,,,
2026-02-08,,,,,291496.74,3309,88.09209428830462,,,896.5,,,,,,,,403638.47,4948,81.57608528698464,,,767.77,,,,,,,,105340.27,1060,99.37761320754717,,,3149983.46,,,,,,,,,,,,,10239773,,,,,,,,,,,,,,,,
2026-02-09,,144.19,,16.66,,,,,,898.22,,,,,177.64,,24.75,,,,,,765.67,,,,,220.18,,36.16,,,,,,3127090.94,,,,,151.36,,21,,,,,,10213690,,,,,,,,,,,,,,,,
2026-02-10,,,,,,,,,,893.28,,,,,,,,,,,,,767.15,,,,,,,,,,,,,3124032.27,,,,,,,,,,,,,10164439,,,,,,,,,,,,,,,,
2026-02-11,,,,,,,,,,894.67,,,,,,,,,,,,,766.62,,,,,,,,,,,,,3115016.36,,,,,,,,,,,,,10216676,,,,,,,,,,,,,,,,
2026-02-12,,,,,,,,,,896.68,,,,,,,,,,,,,766.17,,,,,,,,,,,,,3137235.63,,,,,,,,,,,,,10190859,,,,,,,,,,,,,,,,
2026-02-13,,,,,,,,,,895,,,,,,,,,,,,,765.66,,,,,,,,,,,,,3165061,,,,,,,,,,,,,10209113,,,,,,,,,,,,,,,,
2026-02-14,,,,,,,,,,893.75,,,,,,,,,,,,,765.35,,,,,,,,,,,,,3120280.17,,,,,,,,,,,,,10241172,,,,,,,,,,,,,,,,
2026-02-15,,,,,214651.07,2346,91.49661977834612,,,893.72,,,,,,,,203003.1,2415,84.05925465838509,,,765.22,,,,,,,,58829.01,605,97.23803305785124,,,3121364.39,,,,,,,,,,,,,10240305,,,,,,,,,,,,,,,,
2026-02-16,,144.61,,16.03,,,,,,,,,,,179.58,,23.76,,,,,,765.22,,,,,224.42,,33.38,,,,,,3125724.22,,,,,153.67,,21.28,,,,,,10240203,,,,,,,,,,,,,,,,
2026-02-17,,,,,,,,,,,,,,,,,,,,,,,765.31,,,,,,,,,,,,,,,,,,,,,,,,,,10240203,,,,,,,,,,,,,,,,
2026-02-18,,,,,,,,,,892.61,,,,,,,,,,,,,765.33,,,,,,,,,,,,,,,,,,,,,,,,,,10240203,,,,,,,,,,,,,,,,
2026-02-19,,,,,,,,,,892.59,,,,,,,,,,,,,765.31,,,,,,,,,,,,,,,,,,,,,,,,,,10240785,,,,,,,,,,,,,,,,
2026-02-20,,,,,,,,,,892.59,,,,,,,,,,,,,765.27,,,,,,,,,,,,,,,,,,,,,,,,,,,,,,,,,,,,,,,,,,
2026-02-21,,,,,,,,,,888.56,,,,,,,,,,,,,765.22,,,,,,,,,,,,,3141325.05,,,,,,,,,,,,,,,,,,,,,,,,,,,,,
2026-02-22,,,,,178,2,89,,,888.5,,,,,,,,1607.53,20,80.3765,,,765.04,,,,,,,,1710.21,17,100.60058823529411,,,,,,,,,,,,,,,,,,,,,,,,,,,,,,,,
2026-02-23,,142.83,,15.89,,,,,,888.42,,,,,178.94,,23.55,,,,,,764.93,,,,,217.78,,33.25,,,,,,3158638.82,,,,,152.79,,21.03,,,,,,10239939,,,,,,,,,,,,,,,,
2026-02-24,,,,,,,,,,887.94,,,,,,,,,,,,,764.43,,,,,,,,,,,,,3142879.75,,,,,,,,,,,,,10237092,,,,,,,,,,,,,,,,
2026-02-25,,,,,,,,,,887.47,,,,,,,,,,,,,763.82,,,,,,,,,,,,,3142499.82,,,,,,,,,,,,,10232079,,,,,,,,,,,,,,,,
2026-02-26,,,,,,,,,,885.79,,,,,,,,,,,,,763.31,,,,,,,,,,,,,3136998.98,,,,,,,,,,,,,10221912,,,,,,,,,,,,,,,,
2026-02-27,,,,,,,,,,886.87,,,,,,,,,,,,,762.29,,,,,,,,,,,,,3124374.26,,,,,,,,,,,,,10220061,,,,,,,,,,,,,,,,
2026-02-28,664,,50.05,,,,,168,1.61,885.3,276113.68,21.7463,25.5357,426,,14.01,,,,,217,1.97,761.04,30036.77,35.2009,0,745,,26.01,,,,,184,1.83,3120376.75,29918.04,3.8801,0,610,,8.14,,52.19,5267,0.009908866527435,146,1.86,10197412,11.25,0,70.2135,,,,,2.6,,76.3,100.3,92.89999999999999,1.3,1,-0.5,-0.1
2026-03-01,,,,,214315,2460,87.119918699187,,,884.45,,,,,,,,315504.44,4014,78.60100647732935,,,760.46,,,,,,,,68084.96,709,96.02956276445698,,,3115754.57,,,,,,,,,,,,,10190464,,,,,,,,,,,,,,,,
2026-03-02,,141.76,,15.3,,,,,,885.64,,,,,176.12,,25.91,,,,,,759.99,,,,,217.14,,30.23,,,,,,3111757.59,,,,,151.38,,18.23,,,,,,10223276,,,,,,,,,,,,,,,,
2026-03-03,,,,,,,,,,883.99,,,,,,,,,,,,,762.43,,,,,,,,,,,,,3096214.89,,,,,,,,,,,,,10218943,,,,,,,,,,,,,,,,
2026-03-04,,,,,,,,,,883.16,,,,,,,,,,,,,762.04,,,,,,,,,,,,,3092552.72,,,,,,,,,,,,,10230881,,,,,,,,,,,,,,,,
2026-03-05,,,,,,,,,,889.49,,,,,,,,,,,,,764.2,,,,,,,,,,,,,3090758.34,,,,,,,,,,,,,10232043,,,,,,,,,,,,,,,,
2026-03-06,,,,,,,,,,890.02,,,,,,,,,,,,,766.96,,,,,,,,,,,,,3108437.15,,,,,,,,,,,,,10229579,,,,,,,,,,,,,,,,
2026-03-07,,,,,,,,,,888.58,,,,,,,,,,,,,766.54,,,,,,,,,,,,,3116677.4,,,,,,,,,,,,,10215054,,,,,,,,,,,,,,,,
2026-03-08,,,,,270634.54,2980,90.81695973154362,,,888.11,,,,,,,,450094.09,5709,78.8393921877737,,,766.18,,,,,,,,87123.01,882,98.77892290249433,,,3114705.42,,,,,,,,,,,,,10204656,,,,,,,,,,,,,,,,
2026-03-09,,141.45,,13.54,,,,,,887.19,,,,,176.26,,22.37,,,,,,766.38,,,,,216.99,,27.48,,,,,,3110023.63,,,,,150.85,,16.92,,,,,,10130827,,,,,,,,,,,,,,,,
2026-03-10,,,,,,,,,,886.1,,,,,,,,,,,,,763.05,,,,,,,,,,,,,3128027.77,,,,,,,,,,,,,10070858,,,,,,,,,,,,,,,,
2026-03-11,,,,,,,,,,885.26,,,,,,,,,,,,,766.15,,,,,,,,,,,,,3127440.95,,,,,,,,,,,,,10069838,,,,,,,,,,,,,,,,
2026-03-12,,,,,,,,,,886.26,,,,,,,,,,,,,765.44,,,,,,,,,,,,,3124019.03,,,,,,,,,,,,,10106049,,,,,,,,,,,,,,,,
2026-03-13,,,,,,,,,,867,,,,,,,,,,,,,764.37,,,,,,,,,,,,,3161450.95,,,,,,,,,,,,,10131894,,,,,,,,,,,,,,,,
2026-03-14,,,,,,,,,,866.29,,,,,,,,,,,,,763.3,,,,,,,,,,,,,3150888.28,,,,,,,,,,,,,10109519,,,,,,,,,,,,,,,,
2026-03-15,,,,,351127.16,4141,84.7928423086211,,,865.55,,,,,,,,564159.52,7233,77.99799806442694,,,762.63,,,,,,,,103602.1,1100,94.18372727272727,,,3144495.99,,,,,,,,,,,,,10096461,,,,,,,,,,,,,,,,
2026-03-16,,141.08,,13.31,,,,,,864.24,,,,,175.61,,21.34,,,,,,761.75,,,,,216,,27.03,,,,,,3137999.1,,,,,150.38,,16.77,,,,,,10085906,,,,,,,,,,,,,,,,
2026-03-17,,,,,,,,,,877.45,,,,,,,,,,,,,762.08,,,,,,,,,,,,,3138896.8,,,,,,,,,,,,,10088010,,,,,,,,,,,,,,,,
2026-03-18,,,,,,,,,,876.81,,,,,,,,,,,,,761.53,,,,,,,,,,,,,3058571.34,,,,,,,,,,,,,10103120,,,,,,,,,,,,,,,,
2026-03-19,,,,,,,,,,875.57,,,,,,,,,,,,,764.01,,,,,,,,,,,,,3052803.22,,,,,,,,,,,,,10089341,,,,,,,,,,,,,,,,
2026-03-20,,,,,,,,,,880.37,,,,,,,,,,,,,762.88,,,,,,,,,,,,,3044814.13,,,,,,,,,,,,,10120139,,,,,,,,,,,,,,,,
2026-03-21,,,,,,,,,,893.95,,,,,,,,,,,,,763.24,,,,,,,,,,,,,3041395.01,,,,,,,,,,,,,10090547,,,,,,,,,,,,,,,,
2026-03-22,,,,,434332.31,4973,87.33808767343656,,,892.06,,,,,,,,595805.7,7488,79.56806891025641,,,762.99,,,,,,,,123460.95,1254,98.45370813397129,,,3042628.03,,,,,,,,,,,,,10073047,,,,,,,,,,,,,,,,
2026-03-23,,141.41,,13.08,,,,,,884.68,,,,,175.75,,19.91,,,,,,761.6,,,,,215.97,,27.78,,,,,,3029743.13,,,,,150.65,,17.5,,,,,,10058473,,,,,,,,,,,,,,,,
2026-03-24,,,,,,,,,,,,,,,,,,,,,,,769.4,,,,,,,,,,,,,3051260.27,,,,,,,,,,,,,10031530,,,,,,,,,,,,,,,,
2026-03-25,,,,,,,,,,880.46,,,,,,,,,,,,,768.41,,,,,,,,,,,,,2968758.14,,,,,,,,,,,,,10046937,,,,,,,,,,,,,,,,
2026-03-26,,,,,,,,,,888.98,,,,,,,,,,,,,768.37,,,,,,,,,,,,,2960158.3,,,,,,,,,,,,,10029178,,,,,,,,,,,,,,,,
2026-03-27,,,,,,,,,,892.34,,,,,,,,,,,,,770.41,,,,,,,,,,,,,2982566.88,,,,,,,,,,,,,10044482,,,,,,,,,,,,,,,,
2026-03-28,,,,,,,,,,892.48,,,,,,,,,,,,,768.63,,,,,,,,,,,,,2983147.87,,,,,,,,,,,,,10010102,,,,,,,,,,,,,,,,
2026-03-29,,,,,454439.83,5207,87.27478970616478,,,888.41,,,,,,,,615609.3,7732,79.61837816864977,,,766.94,,,,,,,,134443.69,1434,93.75431659693166,,,2977959.63,,,,,,,,,,,,,9984212,,,,,,,,,,,,,,,,
2026-03-30,,141.2,,13.06,,,,,,885.93,,,,,174.78,,19.9,,,,,,766.17,,,,,215.16,,27.69,,,,,,2860847.14,,,,,149.57,,18.35,,,,,,9953630,,,,,,,,,,,,,,,,
2026-03-31,674,,46.48,,,,,169,1.61,883.72,363244.02,31.6032,12.8145,430,,19.29,,,,,219,1.98,761.62,252870.02,15.0349,35.2009,746,,21.2,,,,,185,1.83,2814328.3,169530.31,4.4464,3.8801,615,,6.42,,73.08,7681,0.009514386147637,147,1.85,9908028,30.13,5.689,0,3.4,,4.2,3.9,2.6,3.06,74.4,98.9,91.10000000000001,1,-0.7,-0.5,0
2026-04-01,,,,,,,,,,855.93,,,,,,,,,,,,,767.27,,,,,,,,,,,,,2793911.04,,,,,,,,,,,,,9884345,,,,,,,,,,,,,,,,
2026-04-02,,,,,,,,,,849.8,,,,,,,,,,,,,766.34,,,,,,,,,,,,,2716194.56,,,,,,,,,,,,,9914855,,,,,,,,,,,,,,,,
2026-04-03,,,,,,,,,,838.9,,,,,,,,,,,,,766.91,,,,,,,,,,,,,2702204.73,,,,,,,,,,,,,9935451,,,,,,,,,,,,,,,,
2026-04-04,,,,,,,,,,838,,,,,,,,,,,,,766.12,,,,,,,,,,,,,2698938.26,,,,,,,,,,,,,9920122,,,,,,,,,,,,,,,,
2026-04-05,,,,,395191.35,4541,87.02738383615943,,,837.56,,,,,,,,405499.72,5107,79.40076757391815,,,765.88,,,,,,,,120790.25,1230,98.20345528455285,,,2695680.63,,,,,,,,,,,,,9916696,,,,,,,,,,,,,,,,
2026-04-06,,140.5,,12.29,,,,,,836.84,,,,,174.51,,19.35,,,,,,765.53,,,,,214.59,,28.13,,,,,,2694210.77,,,,,148.7,,18.78,,,,,,9908668,,,,,,,,,,,,,,,,
2026-04-07,,,,,,,,,,831.59,,,,,,,,,,,,,766.01,,,,,,,,,,,,,2691638.55,,,,,,,,,,,,,9925294,,,,,,,,,,,,,,,,
2026-04-08,,,,,,,,,,834.12,,,,,,,,,,,,,764,,,,,,,,,,,,,2687719.44,,,,,,,,,,,,,9907478,,,,,,,,,,,,,,,,
2026-04-09,,,,,,,,,,833.21,,,,,,,,,,,,,764.61,,,,,,,,,,,,,2701895.1,,,,,,,,,,,,,9920200,,,,,,,,,,,,,,,,
2026-04-10,,,,,,,,,,839.13,,,,,,,,,,,,,762.78,,,,,,,,,,,,,2728628.81,,,,,,,,,,,,,9913518,,,,,,,,,,,,,,,,
2026-04-11,,,,,,,,,,837.76,,,,,,,,,,,,,760.68,,,,,,,,,,,,,2717875.99,,,,,,,,,,,,,9888051,,,,,,,,,,,,,,,,
2026-04-12,,,,,302856.61,3492,86.72869702176403,,,837.05,,,,,,,,585084.59,7342,79.69008308362844,,,760.58,,,,,,,,116833.7,1217,96.00139687756779,,,2713873.52,,,,,,,,,,,,,9873193,,,,,,,,,,,,,,,,
2026-04-13,,140.61,,11.95,,,,,,835.47,,,,,174.15,,19.57,,,,,,759.91,,,,,214.55,,26.95,,,,,,2693114.11,,,,,148.95,,18.2,,,,,,9841329,,,,,,,,,,,,,,,,
2026-04-14,,,,,,,,,,840.08,,,,,,,,,,,,,759.45,,,,,,,,,,,,,2791793.07,,,,,,,,,,,,,9804965,,,,,,,,,,,,,,,,
2026-04-15,,,,,,,,,,841.07,,,,,,,,,,,,,758.87,,,,,,,,,,,,,2755938.21,,,,,,,,,,,,,9839573,,,,,,,,,,,,,,,,
2026-04-16,,,,,,,,,,839.43,,,,,,,,,,,,,760.83,,,,,,,,,,,,,2801464.69,,,,,,,,,,,,,9837108,,,,,,,,,,,,,,,,
2026-04-17,,,,,,,,,,843.63,,,,,,,,,,,,,761.97,,,,,,,,,,,,,2811694.77,,,,,,,,,,,,,9859425,,,,,,,,,,,,,,,,
2026-04-18,,,,,,,,,,842.47,,,,,,,,,,,,,758.97,,,,,,,,,,,,,2803794.65,,,,,,,,,,,,,9831735,,,,,,,,,,,,,,,,
2026-04-19,,,,,401546.04,4521,88.81796947577969,,,841.34,,,,,,,,598807.77,7471,80.15095301833757,,,759.36,,,,,,,,138598.64,1443,96.04895356895356,,,2779245.18,,,,,,,,,,,,,9816427,,,,,,,,,,,,,,,,
2026-04-20,,140.67,,11.39,,,,,,844.78,,,,,174.31,,19.35,,,,,,760.71,,,,,214.07,,27.1,,,,,,2776313.21,,,,,147.74,,18.22,,,,,,9843027,,,,,,,,,,,,,,,,
2026-04-21,,,,,,,,,,849.56,,,,,,,,,,,,,760.12,,,,,,,,,,,,,2771044.29,,,,,,,,,,,,,9860073,,,,,,,,,,,,,,,,
2026-04-22,,,,,,,,,,850.61,,,,,,,,,,,,,763.47,,,,,,,,,,,,,2760607.71,,,,,,,,,,,,,9937407,,,,,,,,,,,,,,,,
2026-04-23,,,,,,,,,,849.51,,,,,,,,,,,,,765.53,,,,,,,,,,,,,2770596.91,,,,,,,,,,,,,10058605,,,,,,,,,,,,,,,,
2026-04-24,,,,,,,,,,846.82,,,,,,,,,,,,,766.69,,,,,,,,,,,,,2808009.51,,,,,,,,,,,,,10115856,,,,,,,,,,,,,,,,
2026-04-25,,,,,,,,,,845.64,,,,,,,,,,,,,763.45,,,,,,,,,,,,,2802944.34,,,,,,,,,,,,,10075698,,,,,,,,,,,,,,,,
2026-04-26,,,,,400959.72,4506,88.98351531291611,,,844.45,,,,,,,,582594.39,7132,81.6873794167134,,,761.56,,,,,,,,134767.82,1425,94.57390877192982,,,2798778.41,,,,,,,,,,,,,10052681,,,,,,,,,,,,,,,,
2026-04-27,,140.68,,11.06,,,,,,840.5,,,,,173.67,,19.9,,,,,,762.54,,,,,214.4,,26.39,,,,,,2750998.34,,,,,148.95,,18.5,,,,,,10038558,,,,,,,,,,,,,,,,
2026-04-28,,,,,,,,,,838.33,,,,,,,,,,,,,761.87,,,,,,,,,,,,,2647969.86,,,,,,,,,,,,,10102067,,,,,,,,,,,,,,,,
2026-04-29,,,,,,,,,,839.8,,,,,,,,,,,,,760.93,,,,,,,,,,,,,2669567.71,,,,,,,,,,,,,10114432,,,,,,,,,,,,,,,,
2026-04-30,675,,45.51,,,,,170,1.6,839.67,175573.09,26.6337,40.535,437,,15.58,,,,,219,1.94,765.17,207961.1,15.0649,15.0349,754,,17.76,,,,,187,1.83,2643382.48,432843.34,64.3307,4.4464,613,,5.43,,75.09,7754,0.009684034046944,146,1.85,10216624,,9.2578,5.689,,,,,2.6,,,,,1.2,0.3,-0.6,-0.1
2026-05-01,,,,,,,,,,839.13,,,,,,,,,,,,,764.16,,,,,,,,,,,,,2636922.63,,,,,,,,,,,,,10202472,,,,,,,,,,,,,,,,
2026-05-02,,,,,,,,,,838.78,,,,,,,,,,,,,763.59,,,,,,,,,,,,,2630420.97,,,,,,,,,,,,,10194531,,,,,,,,,,,,,,,,
2026-05-03,,,,,305112.27,3436,88.79868160651921,,,838.42,,,,,,,,357468.99,4375,81.70719771428571,,,763.07,,,,,,,,105646.7,1048,100.80791984732825,,,2611318.92,,,,,,,,,,,,,10188997,,,,,,,,,,,,,,,,
2026-05-04,,139.68,,10.95,,,,,,837.98,,,,,173.98,,19.35,,,,,,762.59,,,,,212.85,,27.09,,,,,,2598775.14,,,,,148.4,,18.78,,,,,,10183562,,,,,,,,,,,,,,,,
2026-05-05,,,,,,,,,,821.12,,,,,,,,,,,,,761.79,,,,,,,,,,,,,2594189.13,,,,,,,,,,,,,10176048,,,,,,,,,,,,,,,,
2026-05-06,,,,,,,,,,815.88,,,,,,,,,,,,,761.28,,,,,,,,,,,,,2583920.71,,,,,,,,,,,,,10170398,,,,,,,,,,,,,,,,
2026-05-07,,,,,,,,,,805.23,,,,,,,,,,,,,762.68,,,,,,,,,,,,,2568618.02,,,,,,,,,,,,,10149537,,,,,,,,,,,,,,,,
2026-05-08,,,,,,,,,,804.48,,,,,,,,,,,,,764.24,,,,,,,,,,,,,2553760.49,,,,,,,,,,,,,10113878,,,,,,,,,,,,,,,,
2026-05-09,,,,,,,,,,804.29,,,,,,,,,,,,,765.94,,,,,,,,,,,,,2551977.04,,,,,,,,,,,,,10057803,,,,,,,,,,,,,,,,
2026-05-10,,,,,285649.47,3222,88.65594972067039,,,811.88,,,,,,,,501797.35,6260,80.15932108626198,,,763.43,,,,,,,,120327.8,1226,98.14665579119087,,,2556926.49,,,,,,,,,,,,,10009977,,,,,,,,,,,,,,,,
2026-05-11,,139.62,,10.4,,,,,,805.55,,,,,173.29,,19.46,,,,,,761.65,,,,,212.89,,28.07,,,,,,2549566.61,,,,,147.79,,19.34,,,,,,10034492,,,,,,,,,,,,,,,,
2026-05-12,,,,,,,,,,813.48,,,,,,,,,,,,,763.44,,,,,,,,,,,,,2538853.8,,,,,,,,,,,,,10044431,,,,,,,,,,,,,,,,
2026-05-13,,,,,,,,,,809.77,,,,,,,,,,,,,765.67,,,,,,,,,,,,,2533186.61,,,,,,,,,,,,,10029813,,,,,,,,,,,,,,,,
2026-05-14,,,,,,,,,,800.32,,,,,,,,,,,,,764.84,,,,,,,,,,,,,2520544.82,,,,,,,,,,,,,10013813,,,,,,,,,,,,,,,,
2026-05-15,,,,,,,,,,796.86,,,,,,,,,,,,,762.99,,,,,,,,,,,,,2502209.08,,,,,,,,,,,,,10018011,,,,,,,,,,,,,,,,
2026-05-16,,,,,,,,,,795.87,,,,,,,,,,,,,760.91,,,,,,,,,,,,,2484709.34,,,,,,,,,,,,,9976440,,,,,,,,,,,,,,,,
2026-05-17,,,,,373071.69,4169,89.48709282801632,,,794.83,,,,,,,,579965.34,7281,79.65462711166049,,,757.66,,,,,,,,144187.97,1463,98.55637047163363,,,2478453.63,,,,,,,,,,,,,9946257,,,,,,,,,,,,,,,,
2026-05-18,,,,10.19,,,,,,793.44,,,,,,,18.25,,,,,,760.39,,,,,,,28.77,,,,,,2472036.6,,,,,,,18.65,,,,,,9898207,,,,,,,,,,,,,,,,
2026-05-19,,,,,,,,,,793.56,,,,,,,,,,,,,765.84,,,,,,,,,,,,,2471163.12,,,,,,,,,,,,,9894388,,,,,,,,,,,,,,,,
2026-05-20,,,,,,,,,,794.07,,,,,,,,,,,,,763.22,,,,,,,,,,,,,2462485.56,,,,,,,,,,,,,9876770,,,,,,,,,,,,,,,,
2026-05-21,,,,,,,,,,791.79,,,,,,,,,,,,,764.01,,,,,,,,,,,,,2587979.74,,,,,,,,,,,,,9861175,,,,,,,,,,,,,,,,
2026-05-24,,,,,276020.41,3075,89.76273495934959,,,,,,,,,,,284385.13,3458,82.23977154424523,,,,,,,,,,,106432.49,1056,100.7883428030303,,,,,,,,,,,,,,,,,,,,,,,,,,,,,,,,
数据来源：Wind
